{"id": "176798c0-ec2e-405c-b934-779364518b4f", "link": "https://ballchasing.com/api/replays/176798c0-ec2e-405c-b934-779364518b4f", "created": "2025-07-19T14:35:47.740821Z", "uploader": {"steam_id": "76561198167885099", "name": "n o a h", "profile_url": "https://steamcommunity.com/id/Zermah/", "avatar": "https://avatars.steamstatic.com/1cbf3880830cdc652b673f09b13c212b1feb24aa.jpg"}, "status": "ok", "rocket_league_id": "992F6F7611F0645A063BE387EEA3FDA4", "match_guid": "FA5E4AF211F0645981E0E3879D935991", "title": "replay redown 1", "map_code": "stadium_10a_p", "match_type": "Online", "team_size": 2, "playlist_id": "ranked-doubles", "duration": 235, "overtime": false, "season": 19, "season_type": "free2play", "date": "2025-07-19T02:41:12Z", "date_has_timezone": false, "visibility": "public", "groups": [{"id": "replay-analysis-j2e0c8rw06", "name": "Replay Analysis", "link": "https://ballchasing.com/api/groups/replay-analysis-j2e0c8rw06"}], "blue": {"color": "blue", "players": [{"start_time": 0, "end_time": 235.60318, "name": "n o a h", "id": {"platform": "steam", "id": "76561198167885099"}, "car_id": 23, "car_name": "Octane", "camera": {"fov": 110, "height": 90, "pitch": -5, "distance": 270, "stiffness": 0.55, "swivel_speed": 3, "transition_speed": 1.1}, "steering_sensitivity": 1.3, "stats": {"core": {"shots": 2, "shots_against": 9, "goals": 0, "goals_against": 4, "saves": 0, "assists": 0, "score": 154, "mvp": false, "shooting_percentage": 0}, "boost": {"bpm": 417, "bcpm": 424.02826, "avg_amount": 53.93, "amount_collected": 1580, "amount_stolen": 156, "amount_collected_big": 1262, "amount_stolen_big": 100, "amount_collected_small": 318, "amount_stolen_small": 56, "count_collected_big": 16, "count_stolen_big": 1, "count_collected_small": 28, "count_stolen_small": 5, "amount_overfill": 345, "amount_overfill_stolen": 3, "amount_used_while_supersonic": 307, "time_zero_boost": 25.38, "percent_zero_boost": 11.352149, "time_full_boost": 27.1, "percent_full_boost": 12.121483, "time_boost_0_25": 53.91, "time_boost_25_50": 69.57, "time_boost_50_75": 29.72, "time_boost_75_100": 74.68, "percent_boost_0_25": 23.657188, "percent_boost_25_50": 30.529224, "percent_boost_50_75": 13.041951, "percent_boost_75_100": 32.771633}, "movement": {"avg_speed": 1591, "total_distance": 350675, "time_supersonic_speed": 46.14, "time_boost_speed": 88.88, "time_slow_speed": 100.58, "time_ground": 136.8, "time_low_air": 92.82, "time_high_air": 5.98, "time_powerslide": 3.04, "count_powerslide": 32, "avg_powerslide_duration": 0.09, "avg_speed_percentage": 69.17391, "percent_slow_speed": 42.691, "percent_boost_speed": 37.72496, "percent_supersonic_speed": 19.584042, "percent_ground": 58.064518, "percent_low_air": 39.397285, "percent_high_air": 2.5382004}, "positioning": {"avg_distance_to_ball": 2431, "avg_distance_to_ball_possession": 1999, "avg_distance_to_ball_no_possession": 2752, "avg_distance_to_mates": 2969, "time_defensive_third": 121.44, "time_neutral_third": 72.52, "time_offensive_third": 41.64, "time_defensive_half": 160.15, "time_offensive_half": 75.45, "time_behind_ball": 150.42, "time_infront_ball": 85.18, "time_most_back": 109.4, "time_most_forward": 108.4, "goals_against_while_last_defender": 3, "time_closest_to_ball": 117.6, "time_farthest_from_ball": 100.2, "percent_defensive_third": 51.54499, "percent_offensive_third": 17.674023, "percent_neutral_third": 30.780981, "percent_defensive_half": 67.97538, "percent_offensive_half": 32.024616, "percent_behind_ball": 63.8455, "percent_infront_ball": 36.1545, "percent_most_back": 48.93322, "percent_most_forward": 48.48593, "percent_closest_to_ball": 52.600975, "percent_farthest_from_ball": 44.818176}, "demo": {"inflicted": 0, "taken": 0}}}, {"start_time": 0, "end_time": 235.60318, "name": "Respawn", "id": {"platform": "steam", "id": "76561198180060955"}, "car_id": 4284, "car_name": "Fennec", "camera": {"fov": 110, "height": 100, "pitch": -3, "distance": 260, "stiffness": 0.6, "swivel_speed": 3.5, "transition_speed": 1.7}, "steering_sensitivity": 1.3, "stats": {"core": {"shots": 1, "shots_against": 9, "goals": 0, "goals_against": 4, "saves": 1, "assists": 0, "score": 152, "mvp": false, "shooting_percentage": 0}, "boost": {"bpm": 359, "bcpm": 377.0631, "avg_amount": 46.79, "amount_collected": 1405, "amount_stolen": 485, "amount_collected_big": 953, "amount_stolen_big": 400, "amount_collected_small": 452, "amount_stolen_small": 85, "count_collected_big": 10, "count_stolen_big": 4, "count_collected_small": 41, "count_stolen_small": 8, "amount_overfill": 58, "amount_overfill_stolen": 0, "amount_used_while_supersonic": 94, "time_zero_boost": 22.57, "percent_zero_boost": 10.095272, "time_full_boost": 23.36, "percent_full_boost": 10.448628, "time_boost_0_25": 91.21, "time_boost_25_50": 50.9, "time_boost_50_75": 36.79, "time_boost_75_100": 48.63, "percent_boost_0_25": 40.08702, "percent_boost_25_50": 22.370676, "percent_boost_50_75": 16.169296, "percent_boost_75_100": 21.373007}, "movement": {"avg_speed": 1460, "total_distance": 320706, "time_supersonic_speed": 30.11, "time_boost_speed": 68.37, "time_slow_speed": 137.12, "time_ground": 147.27, "time_low_air": 78.57, "time_high_air": 9.76, "time_powerslide": 4.67, "count_powerslide": 28, "avg_powerslide_duration": 0.17, "avg_speed_percentage": 63.47826, "percent_slow_speed": 58.20034, "percent_boost_speed": 29.019527, "percent_supersonic_speed": 12.780136, "percent_ground": 62.50849, "percent_low_air": 33.348896, "percent_high_air": 4.142615}, "positioning": {"avg_distance_to_ball": 2697, "avg_distance_to_ball_possession": 2478, "avg_distance_to_ball_no_possession": 2841, "avg_distance_to_mates": 2969, "time_defensive_third": 125.8, "time_neutral_third": 67.79, "time_offensive_third": 42.01, "time_defensive_half": 168.44, "time_offensive_half": 67.16, "time_behind_ball": 158.52, "time_infront_ball": 77.08, "time_most_back": 108, "time_most_forward": 109.6, "goals_against_while_last_defender": 1, "time_closest_to_ball": 99.7, "time_farthest_from_ball": 117.9, "percent_defensive_third": 53.395584, "percent_offensive_third": 17.83107, "percent_neutral_third": 28.773344, "percent_defensive_half": 71.49406, "percent_offensive_half": 28.505943, "percent_behind_ball": 67.28353, "percent_infront_ball": 32.71647, "percent_most_back": 48.307014, "percent_most_forward": 49.022675, "percent_closest_to_ball": 44.594532, "percent_farthest_from_ball": 52.73516}, "demo": {"inflicted": 0, "taken": 0}}}], "stats": {"ball": {"possession_time": 83.82, "time_in_side": 124.01}, "core": {"shots": 3, "shots_against": 9, "goals": 0, "goals_against": 4, "saves": 1, "assists": 0, "score": 306, "shooting_percentage": 0}, "boost": {"bpm": 776, "bcpm": 801.0914, "avg_amount": 100.72, "amount_collected": 2985, "amount_stolen": 641, "amount_collected_big": 2215, "amount_stolen_big": 500, "amount_collected_small": 770, "amount_stolen_small": 141, "count_collected_big": 26, "count_stolen_big": 5, "count_collected_small": 69, "count_stolen_small": 13, "amount_overfill": 403, "amount_overfill_stolen": 3, "amount_used_while_supersonic": 401, "time_zero_boost": 47.949997, "time_full_boost": 50.46, "time_boost_0_25": 145.12, "time_boost_25_50": 120.47, "time_boost_50_75": 66.51, "time_boost_75_100": 123.31}, "movement": {"total_distance": 671381, "time_supersonic_speed": 76.25, "time_boost_speed": 157.25, "time_slow_speed": 237.7, "time_ground": 284.07, "time_low_air": 171.39, "time_high_air": 15.74, "time_powerslide": 7.71, "count_powerslide": 60}, "positioning": {"time_defensive_third": 247.24, "time_neutral_third": 140.31, "time_offensive_third": 83.649994, "time_defensive_half": 328.59, "time_offensive_half": 142.61, "time_behind_ball": 308.94, "time_infront_ball": 162.26001}, "demo": {"inflicted": 0, "taken": 0}}}, "orange": {"color": "orange", "players": [{"start_time": 0, "end_time": 235.60318, "name": "Two.D.", "id": {"platform": "epic", "id": "902fd356573346338977e9df1c6951da"}, "mvp": true, "car_id": 23, "car_name": "Octane", "camera": {"fov": 110, "height": 100, "pitch": -3, "distance": 270, "stiffness": 0.35, "swivel_speed": 5.3, "transition_speed": 1}, "steering_sensitivity": 1.6, "stats": {"core": {"shots": 5, "shots_against": 3, "goals": 2, "goals_against": 0, "saves": 1, "assists": 1, "score": 520, "mvp": true, "shooting_percentage": 40}, "boost": {"bpm": 569, "bcpm": 582.3679, "avg_amount": 53.6, "amount_collected": 2170, "amount_stolen": 879, "amount_collected_big": 1318, "amount_stolen_big": 520, "amount_collected_small": 852, "amount_stolen_small": 359, "count_collected_big": 19, "count_stolen_big": 7, "count_collected_small": 73, "count_stolen_small": 28, "amount_overfill": 645, "amount_overfill_stolen": 212, "amount_used_while_supersonic": 380, "time_zero_boost": 18.91, "percent_zero_boost": 8.4582, "time_full_boost": 32.87, "percent_full_boost": 14.70233, "time_boost_0_25": 78.61, "time_boost_25_50": 39.97, "time_boost_50_75": 54.16, "time_boost_75_100": 60.73, "percent_boost_0_25": 33.67028, "percent_boost_25_50": 17.119972, "percent_boost_50_75": 23.197842, "percent_boost_75_100": 26.011908}, "movement": {"avg_speed": 1784, "total_distance": 393468, "time_supersonic_speed": 74.66, "time_boost_speed": 85.16, "time_slow_speed": 75.78, "time_ground": 127.22, "time_low_air": 94.69, "time_high_air": 13.68, "time_powerslide": 4.79, "count_powerslide": 55, "avg_powerslide_duration": 0.09, "avg_speed_percentage": 77.565216, "percent_slow_speed": 32.164684, "percent_boost_speed": 36.146008, "percent_supersonic_speed": 31.689304, "percent_ground": 54.000595, "percent_low_air": 40.192707, "percent_high_air": 5.8066983}, "positioning": {"avg_distance_to_ball": 2319, "avg_distance_to_ball_possession": 2136, "avg_distance_to_ball_no_possession": 2411, "avg_distance_to_mates": 3332, "time_defensive_third": 95.6, "time_neutral_third": 76.72, "time_offensive_third": 63.29, "time_defensive_half": 139.31, "time_offensive_half": 96.29, "time_behind_ball": 192.73, "time_infront_ball": 42.88, "time_most_back": 111.6, "time_most_forward": 105.9, "time_closest_to_ball": 112.9, "time_farthest_from_ball": 104.6, "percent_defensive_third": 40.575527, "percent_offensive_third": 26.862188, "percent_neutral_third": 32.562286, "percent_defensive_half": 59.12988, "percent_offensive_half": 40.870117, "percent_behind_ball": 81.80043, "percent_infront_ball": 18.199568, "percent_most_back": 49.91725, "percent_most_forward": 47.367714, "percent_closest_to_ball": 50.498722, "percent_farthest_from_ball": 46.78624}, "demo": {"inflicted": 0, "taken": 0}}}, {"start_time": 0, "end_time": 235.60318, "name": "L7IS.", "id": {"platform": "epic", "id": "f83c00cbfdf74ddb9edb2e6dcd5913cb"}, "car_id": 4284, "car_name": "Fennec", "camera": {"fov": 110, "height": 90, "pitch": -4, "distance": 270, "stiffness": 0.35, "swivel_speed": 5.5, "transition_speed": 1.9}, "steering_sensitivity": 2.6, "stats": {"core": {"shots": 4, "shots_against": 3, "goals": 2, "goals_against": 0, "saves": 0, "assists": 0, "score": 342, "mvp": false, "shooting_percentage": 50}, "boost": {"bpm": 530, "bcpm": 541.8437, "avg_amount": 50.17, "amount_collected": 2019, "amount_stolen": 499, "amount_collected_big": 1561, "amount_stolen_big": 281, "amount_collected_small": 458, "amount_stolen_small": 218, "count_collected_big": 18, "count_stolen_big": 3, "count_collected_small": 40, "count_stolen_small": 19, "amount_overfill": 152, "amount_overfill_stolen": 20, "amount_used_while_supersonic": 271, "time_zero_boost": 35.81, "percent_zero_boost": 16.017355, "time_full_boost": 24.44, "percent_full_boost": 10.931699, "time_boost_0_25": 80.49, "time_boost_25_50": 66.15, "time_boost_50_75": 32.53, "time_boost_75_100": 54.4, "percent_boost_0_25": 34.460762, "percent_boost_25_50": 28.321274, "percent_boost_50_75": 13.927301, "percent_boost_75_100": 23.29066}, "movement": {"avg_speed": 1588, "total_distance": 350357, "time_supersonic_speed": 51.55, "time_boost_speed": 83.58, "time_slow_speed": 100.48, "time_ground": 119.18, "time_low_air": 110.25, "time_high_air": 6.17, "time_powerslide": 4.54, "count_powerslide": 60, "avg_powerslide_duration": 0.08, "avg_speed_percentage": 69.04348, "percent_slow_speed": 42.646748, "percent_boost_speed": 35.473877, "percent_supersonic_speed": 21.879377, "percent_ground": 50.58574, "percent_low_air": 46.795418, "percent_high_air": 2.6188457}, "positioning": {"avg_distance_to_ball": 2445, "avg_distance_to_ball_possession": 2349, "avg_distance_to_ball_no_possession": 2560, "avg_distance_to_mates": 3332, "time_defensive_third": 89.82, "time_neutral_third": 79.19, "time_offensive_third": 66.6, "time_defensive_half": 129, "time_offensive_half": 106.61, "time_behind_ball": 185.98, "time_infront_ball": 49.63, "time_most_back": 105.7, "time_most_forward": 111.4, "time_closest_to_ball": 104.4, "time_farthest_from_ball": 112.7, "percent_defensive_third": 38.122322, "percent_offensive_third": 28.267052, "percent_neutral_third": 33.610626, "percent_defensive_half": 54.751495, "percent_offensive_half": 45.248505, "percent_behind_ball": 78.93553, "percent_infront_ball": 21.06447, "percent_most_back": 47.278255, "percent_most_forward": 49.827793, "percent_closest_to_ball": 46.69678, "percent_farthest_from_ball": 50.409267}, "demo": {"inflicted": 0, "taken": 0}}}], "stats": {"ball": {"possession_time": 102.23, "time_in_side": 93.34}, "core": {"shots": 9, "shots_against": 3, "goals": 4, "goals_against": 0, "saves": 1, "assists": 1, "score": 862, "shooting_percentage": 44.444443}, "boost": {"bpm": 1099, "bcpm": 1124.2117, "avg_amount": 103.77, "amount_collected": 4189, "amount_stolen": 1378, "amount_collected_big": 2879, "amount_stolen_big": 801, "amount_collected_small": 1310, "amount_stolen_small": 577, "count_collected_big": 37, "count_stolen_big": 10, "count_collected_small": 113, "count_stolen_small": 47, "amount_overfill": 797, "amount_overfill_stolen": 232, "amount_used_while_supersonic": 651, "time_zero_boost": 54.72, "time_full_boost": 57.309998, "time_boost_0_25": 159.1, "time_boost_25_50": 106.12, "time_boost_50_75": 86.69, "time_boost_75_100": 115.130005}, "movement": {"total_distance": 743825, "time_supersonic_speed": 126.21001, "time_boost_speed": 168.74, "time_slow_speed": 176.26001, "time_ground": 246.4, "time_low_air": 204.94, "time_high_air": 19.85, "time_powerslide": 9.33, "count_powerslide": 115}, "positioning": {"time_defensive_third": 185.42, "time_neutral_third": 155.91, "time_offensive_third": 129.89, "time_defensive_half": 268.31, "time_offensive_half": 202.9, "time_behind_ball": 378.71, "time_infront_ball": 92.51}, "demo": {"inflicted": 0, "taken": 0}}}, "playlist_name": "Ranked Doubles", "server": {"name": "USC1-0F4D0BF070A330891-Sophont2", "region": "USC"}}