{"id": "1d253144-fb3b-442d-ba13-9080f310c020", "link": "https://ballchasing.com/api/replays/1d253144-fb3b-442d-ba13-9080f310c020", "created": "2025-07-19T14:35:40.789438Z", "uploader": {"steam_id": "76561198167885099", "name": "n o a h", "profile_url": "https://steamcommunity.com/id/Zermah/", "avatar": "https://avatars.steamstatic.com/1cbf3880830cdc652b673f09b13c212b1feb24aa.jpg"}, "status": "ok", "rocket_league_id": "9638E06211F064561D9474977D913D63", "match_guid": "75B723FE11F06455191F7497BD9183D4", "title": "replay redown 3", "map_code": "eurostadium_dusk_p", "match_type": "Online", "team_size": 2, "playlist_id": "ranked-doubles", "duration": 409, "overtime": false, "season": 19, "season_type": "free2play", "date": "2025-07-19T02:12:29Z", "date_has_timezone": false, "visibility": "public", "groups": [{"id": "replay-analysis-j2e0c8rw06", "name": "Replay Analysis", "link": "https://ballchasing.com/api/groups/replay-analysis-j2e0c8rw06"}], "blue": {"color": "blue", "players": [{"start_time": 0, "end_time": 409.04663, "name": "mo", "id": {"platform": "steam", "id": "76561199008598507"}, "mvp": true, "car_id": 4284, "car_name": "Fennec", "camera": {"fov": 110, "height": 110, "pitch": -3, "distance": 230, "stiffness": 0.7, "swivel_speed": 5, "transition_speed": 1.5}, "steering_sensitivity": 1.5, "stats": {"core": {"shots": 4, "shots_against": 8, "goals": 3, "goals_against": 5, "saves": 1, "assists": 2, "score": 766, "mvp": true, "shooting_percentage": 75}, "boost": {"bpm": 427, "bcpm": 439.98514, "avg_amount": 47.18, "amount_collected": 2759, "amount_stolen": 490, "amount_collected_big": 1863, "amount_stolen_big": 198, "amount_collected_small": 896, "amount_stolen_small": 292, "count_collected_big": 23, "count_stolen_big": 2, "count_collected_small": 81, "count_stolen_small": 26, "amount_overfill": 409, "amount_overfill_stolen": 9, "amount_used_while_supersonic": 452, "time_zero_boost": 24.14, "percent_zero_boost": 6.4161177, "time_full_boost": 22.68, "percent_full_boost": 6.028067, "time_boost_0_25": 125.72, "time_boost_25_50": 110.42, "time_boost_50_75": 79.2, "time_boost_75_100": 65.08, "percent_boost_0_25": 33.047688, "percent_boost_25_50": 29.025814, "percent_boost_50_75": 20.819094, "percent_boost_75_100": 17.107409}, "movement": {"avg_speed": 1566, "total_distance": 558190, "time_supersonic_speed": 57.28, "time_boost_speed": 165.76, "time_slow_speed": 173.99, "time_ground": 206.55, "time_low_air": 156.67, "time_high_air": 33.81, "time_powerslide": 8.12, "count_powerslide": 116, "avg_powerslide_duration": 0.07, "avg_speed_percentage": 68.08696, "percent_slow_speed": 43.822884, "percent_boost_speed": 41.749992, "percent_supersonic_speed": 14.427121, "percent_ground": 52.023777, "percent_low_air": 39.460495, "percent_high_air": 8.51573}, "positioning": {"avg_distance_to_ball": 2282, "avg_distance_to_ball_possession": 2268, "avg_distance_to_ball_no_possession": 2317, "avg_distance_to_mates": 3108, "time_defensive_third": 200.42, "time_neutral_third": 123.72, "time_offensive_third": 72.89, "time_defensive_half": 263.06, "time_offensive_half": 133.97, "time_behind_ball": 300.75, "time_infront_ball": 96.28, "time_most_back": 222.1, "time_most_forward": 143, "goals_against_while_last_defender": 2, "time_closest_to_ball": 179.7, "time_farthest_from_ball": 185.4, "percent_defensive_third": 50.479813, "percent_offensive_third": 18.358814, "percent_neutral_third": 31.161373, "percent_defensive_half": 66.25696, "percent_offensive_half": 33.743042, "percent_behind_ball": 75.74995, "percent_infront_ball": 24.250057, "percent_most_back": 59.03147, "percent_most_forward": 38.007656, "percent_closest_to_ball": 47.76207, "percent_farthest_from_ball": 49.277058}, "demo": {"inflicted": 2, "taken": 4}}}, {"start_time": 0, "end_time": 409.04663, "name": "mathlete | #1 lolli(pop) lover", "id": {"platform": "steam", "id": "76561198867582479"}, "car_id": 23, "car_name": "Octane", "camera": {"fov": 110, "height": 100, "pitch": -3, "distance": 290, "stiffness": 0.35, "swivel_speed": 6, "transition_speed": 1.6}, "steering_sensitivity": 2, "stats": {"core": {"shots": 4, "shots_against": 8, "goals": 3, "goals_against": 5, "saves": 1, "assists": 1, "score": 670, "mvp": false, "shooting_percentage": 75}, "boost": {"bpm": 421, "bcpm": 491.81375, "avg_amount": 45.39, "amount_collected": 3084, "amount_stolen": 697, "amount_collected_big": 2090, "amount_stolen_big": 351, "amount_collected_small": 994, "amount_stolen_small": 346, "count_collected_big": 31, "count_stolen_big": 7, "count_collected_small": 86, "count_stolen_small": 29, "amount_overfill": 1006, "amount_overfill_stolen": 349, "amount_used_while_supersonic": 1060, "time_zero_boost": 62.81, "percent_zero_boost": 16.694132, "time_full_boost": 29.45, "percent_full_boost": 7.8274508, "time_boost_0_25": 174.69, "time_boost_25_50": 79.22, "time_boost_50_75": 56.11, "time_boost_75_100": 82.25, "percent_boost_0_25": 44.5331, "percent_boost_25_50": 20.195272, "percent_boost_50_75": 14.303923, "percent_boost_75_100": 20.9677}, "movement": {"avg_speed": 1642, "total_distance": 605326, "time_supersonic_speed": 93.76, "time_boost_speed": 149.96, "time_slow_speed": 165.33, "time_ground": 226.8, "time_low_air": 164.91, "time_high_air": 17.34, "time_powerslide": 5.49, "count_powerslide": 45, "avg_powerslide_duration": 0.12, "avg_speed_percentage": 71.391304, "percent_slow_speed": 40.41804, "percent_boost_speed": 36.660557, "percent_supersonic_speed": 22.921402, "percent_ground": 55.44554, "percent_low_air": 40.315365, "percent_high_air": 4.2390904}, "positioning": {"avg_distance_to_ball": 2573, "avg_distance_to_ball_possession": 2373, "avg_distance_to_ball_no_possession": 2781, "avg_distance_to_mates": 3108, "time_defensive_third": 190.51, "time_neutral_third": 127.87, "time_offensive_third": 90.67, "time_defensive_half": 253.92, "time_offensive_half": 155.12, "time_behind_ball": 276.87, "time_infront_ball": 132.18, "time_most_back": 154.6, "time_most_forward": 222.1, "goals_against_while_last_defender": 3, "time_closest_to_ball": 185.4, "time_farthest_from_ball": 191.3, "percent_defensive_third": 46.57377, "percent_offensive_third": 22.165995, "percent_neutral_third": 31.260239, "percent_defensive_half": 62.07706, "percent_offensive_half": 37.922943, "percent_behind_ball": 67.686104, "percent_infront_ball": 32.313896, "percent_most_back": 41.090797, "percent_most_forward": 59.03147, "percent_closest_to_ball": 49.277058, "percent_farthest_from_ball": 50.845207}, "demo": {"inflicted": 1, "taken": 0}}}], "stats": {"ball": {"possession_time": 109.87, "time_in_side": 190.95}, "core": {"shots": 8, "shots_against": 8, "goals": 6, "goals_against": 5, "saves": 2, "assists": 3, "score": 1436, "shooting_percentage": 75}, "boost": {"bpm": 848, "bcpm": 931.7989, "avg_amount": 92.57, "amount_collected": 5843, "amount_stolen": 1187, "amount_collected_big": 3953, "amount_stolen_big": 549, "amount_collected_small": 1890, "amount_stolen_small": 638, "count_collected_big": 54, "count_stolen_big": 9, "count_collected_small": 167, "count_stolen_small": 55, "amount_overfill": 1415, "amount_overfill_stolen": 358, "amount_used_while_supersonic": 1512, "time_zero_boost": 86.95, "time_full_boost": 52.13, "time_boost_0_25": 300.41, "time_boost_25_50": 189.64, "time_boost_50_75": 135.31, "time_boost_75_100": 147.33}, "movement": {"total_distance": 1163516, "time_supersonic_speed": 151.04001, "time_boost_speed": 315.72, "time_slow_speed": 339.32, "time_ground": 433.35, "time_low_air": 321.58002, "time_high_air": 51.15, "time_powerslide": 13.61, "count_powerslide": 161}, "positioning": {"time_defensive_third": 390.93, "time_neutral_third": 251.59, "time_offensive_third": 163.56, "time_defensive_half": 516.98, "time_offensive_half": 289.09, "time_behind_ball": 577.62, "time_infront_ball": 228.45999}, "demo": {"inflicted": 3, "taken": 4}}}, "orange": {"color": "orange", "players": [{"start_time": 0, "end_time": 409.04663, "name": "n o a h", "id": {"platform": "steam", "id": "76561198167885099"}, "car_id": 23, "car_name": "Octane", "camera": {"fov": 110, "height": 90, "pitch": -5, "distance": 270, "stiffness": 0.55, "swivel_speed": 3, "transition_speed": 1.1}, "steering_sensitivity": 1.3, "stats": {"core": {"shots": 5, "shots_against": 8, "goals": 3, "goals_against": 6, "saves": 1, "assists": 1, "score": 683, "mvp": false, "shooting_percentage": 60}, "boost": {"bpm": 384, "bcpm": 376.0366, "avg_amount": 45.92, "amount_collected": 2358, "amount_stolen": 242, "amount_collected_big": 1801, "amount_stolen_big": 100, "amount_collected_small": 557, "amount_stolen_small": 142, "count_collected_big": 19, "count_stolen_big": 1, "count_collected_small": 52, "count_stolen_small": 15, "amount_overfill": 112, "amount_overfill_stolen": 10, "amount_used_while_supersonic": 479, "time_zero_boost": 46.16, "percent_zero_boost": 12.2687645, "time_full_boost": 47.43, "percent_full_boost": 12.606316, "time_boost_0_25": 125.34, "time_boost_25_50": 99.32, "time_boost_50_75": 76.7, "time_boost_75_100": 86.61, "percent_boost_0_25": 32.306625, "percent_boost_25_50": 25.59992, "percent_boost_50_75": 19.76957, "percent_boost_75_100": 22.323893}, "movement": {"avg_speed": 1524, "total_distance": 554018, "time_supersonic_speed": 54.42, "time_boost_speed": 145.84, "time_slow_speed": 204.06, "time_ground": 239.41, "time_low_air": 155.27, "time_high_air": 9.65, "time_powerslide": 6.48, "count_powerslide": 59, "avg_powerslide_duration": 0.11, "avg_speed_percentage": 66.26087, "percent_slow_speed": 50.469925, "percent_boost_speed": 36.07044, "percent_supersonic_speed": 13.459636, "percent_ground": 59.211536, "percent_low_air": 38.401802, "percent_high_air": 2.3866644}, "positioning": {"avg_distance_to_ball": 2667, "avg_distance_to_ball_possession": 2572, "avg_distance_to_ball_no_possession": 2692, "avg_distance_to_mates": 3302, "time_defensive_third": 187.3, "time_neutral_third": 139.73, "time_offensive_third": 77.3, "time_defensive_half": 260.88, "time_offensive_half": 143.45, "time_behind_ball": 309.12, "time_infront_ball": 95.21, "time_most_back": 200.3, "time_most_forward": 171.7, "goals_against_while_last_defender": 4, "time_closest_to_ball": 171.6, "time_farthest_from_ball": 200.4, "percent_defensive_third": 46.323547, "percent_offensive_third": 19.118048, "percent_neutral_third": 34.558403, "percent_defensive_half": 64.52155, "percent_offensive_half": 35.478443, "percent_behind_ball": 76.45241, "percent_infront_ball": 23.547598, "percent_most_back": 53.237297, "percent_most_forward": 45.635765, "percent_closest_to_ball": 45.609188, "percent_farthest_from_ball": 53.263874}, "demo": {"inflicted": 1, "taken": 2}}}, {"start_time": 0, "end_time": 409.04663, "name": "Respawn", "id": {"platform": "steam", "id": "76561198180060955"}, "car_id": 4284, "car_name": "Fennec", "camera": {"fov": 110, "height": 100, "pitch": -3, "distance": 260, "stiffness": 0.6, "swivel_speed": 3.5, "transition_speed": 1.7}, "steering_sensitivity": 1.3, "stats": {"core": {"shots": 3, "shots_against": 8, "goals": 2, "goals_against": 6, "saves": 1, "assists": 2, "score": 512, "mvp": false, "shooting_percentage": 66.666664}, "boost": {"bpm": 474, "bcpm": 499.1495, "avg_amount": 46.99, "amount_collected": 3130, "amount_stolen": 889, "amount_collected_big": 2376, "amount_stolen_big": 619, "amount_collected_small": 754, "amount_stolen_small": 270, "count_collected_big": 27, "count_stolen_big": 7, "count_collected_small": 61, "count_stolen_small": 19, "amount_overfill": 332, "amount_overfill_stolen": 83, "amount_used_while_supersonic": 621, "time_zero_boost": 37.61, "percent_zero_boost": 9.996279, "time_full_boost": 43.32, "percent_full_boost": 11.513927, "time_boost_0_25": 124.29, "time_boost_25_50": 112.89, "time_boost_50_75": 50.75, "time_boost_75_100": 93.07, "percent_boost_0_25": 32.622047, "percent_boost_25_50": 29.629921, "percent_boost_50_75": 13.3202095, "percent_boost_75_100": 24.427822}, "movement": {"avg_speed": 1596, "total_distance": 573907, "time_supersonic_speed": 87.63, "time_boost_speed": 139.63, "time_slow_speed": 173.34, "time_ground": 217.89, "time_low_air": 154.83, "time_high_air": 27.88, "time_powerslide": 3.69, "count_powerslide": 28, "avg_powerslide_duration": 0.13, "avg_speed_percentage": 69.391304, "percent_slow_speed": 43.270096, "percent_boost_speed": 34.855217, "percent_supersonic_speed": 21.874687, "percent_ground": 54.39091, "percent_low_air": 38.649525, "percent_high_air": 6.9595604}, "positioning": {"avg_distance_to_ball": 2412, "avg_distance_to_ball_possession": 2243, "avg_distance_to_ball_no_possession": 2668, "avg_distance_to_mates": 3302, "time_defensive_third": 198.51, "time_neutral_third": 105.92, "time_offensive_third": 96.18, "time_defensive_half": 254.53, "time_offensive_half": 146.08, "time_behind_ball": 306.45, "time_infront_ball": 94.15, "time_most_back": 172.3, "time_most_forward": 197.4, "goals_against_while_last_defender": 2, "time_closest_to_ball": 199.3, "time_farthest_from_ball": 170.4, "percent_defensive_third": 49.551933, "percent_offensive_third": 24.008389, "percent_neutral_third": 26.43968, "percent_defensive_half": 63.53561, "percent_offensive_half": 36.464394, "percent_behind_ball": 76.49776, "percent_infront_ball": 23.502247, "percent_most_back": 45.79524, "percent_most_forward": 52.46651, "percent_closest_to_ball": 52.971508, "percent_farthest_from_ball": 45.29024}, "demo": {"inflicted": 3, "taken": 1}}}], "stats": {"ball": {"possession_time": 151.82, "time_in_side": 164.32}, "core": {"shots": 8, "shots_against": 8, "goals": 5, "goals_against": 6, "saves": 2, "assists": 3, "score": 1195, "shooting_percentage": 62.5}, "boost": {"bpm": 858, "bcpm": 875.1861, "avg_amount": 92.91, "amount_collected": 5488, "amount_stolen": 1131, "amount_collected_big": 4177, "amount_stolen_big": 719, "amount_collected_small": 1311, "amount_stolen_small": 412, "count_collected_big": 46, "count_stolen_big": 8, "count_collected_small": 113, "count_stolen_small": 34, "amount_overfill": 444, "amount_overfill_stolen": 93, "amount_used_while_supersonic": 1100, "time_zero_boost": 83.770004, "time_full_boost": 90.75, "time_boost_0_25": 249.63, "time_boost_25_50": 212.20999, "time_boost_50_75": 127.45, "time_boost_75_100": 179.68}, "movement": {"total_distance": 1127925, "time_supersonic_speed": 142.04999, "time_boost_speed": 285.47, "time_slow_speed": 377.4, "time_ground": 457.3, "time_low_air": 310.1, "time_high_air": 37.53, "time_powerslide": 10.17, "count_powerslide": 87}, "positioning": {"time_defensive_third": 385.81, "time_neutral_third": 245.65, "time_offensive_third": 173.48001, "time_defensive_half": 515.41003, "time_offensive_half": 289.53, "time_behind_ball": 615.57, "time_infront_ball": 189.36}, "demo": {"inflicted": 4, "taken": 3}}}, "playlist_name": "Ranked Doubles", "map_name": "Mannfield (Dusk)", "server": {"name": "USC1-04D2858C1433565D1-Hotshot", "region": "USC"}}