{"id": "29bafc81-9d1f-4644-b88b-c829ad01bba6", "link": "https://ballchasing.com/api/replays/29bafc81-9d1f-4644-b88b-c829ad01bba6", "created": "2025-07-19T14:28:06.900696Z", "uploader": {"steam_id": "76561198167885099", "name": "n o a h", "profile_url": "https://steamcommunity.com/id/Zermah/", "avatar": "https://avatars.steamstatic.com/1cbf3880830cdc652b673f09b13c212b1feb24aa.jpg"}, "status": "ok", "rocket_league_id": "3EA9FFD249D7732EF42FCFBFBBA02AD1", "match_guid": "48B2D5C011F064542AEEEAB96E4F2067", "title": "2025-07-18.23.02 n o a h Ranked Doubles Loss", "map_code": "neotokyo_arcade_p", "match_type": "Online", "team_size": 2, "playlist_id": "ranked-doubles", "duration": 336, "overtime": false, "season": 19, "season_type": "free2play", "date": "2025-07-18T23:02:16-05:00", "date_has_timezone": true, "visibility": "public", "min_rank": {"id": "champion-3", "tier": 18, "division": 2, "name": "Champion III Division 2"}, "max_rank": {"id": "grand-champion", "tier": 19, "division": 3, "name": "Grand Champion I Division 3"}, "groups": [{"id": "replay-analysis-j2e0c8rw06", "name": "Replay Analysis", "link": "https://ballchasing.com/api/groups/replay-analysis-j2e0c8rw06"}], "blue": {"color": "blue", "players": [{"start_time": 0, "end_time": 336.45145, "name": "Respawn", "id": {"platform": "steam", "id": "76561198180060955"}, "car_id": 4284, "car_name": "Fennec", "camera": {"fov": 110, "height": 100, "pitch": -3, "distance": 260, "stiffness": 0.6, "swivel_speed": 3.5, "transition_speed": 1.7}, "steering_sensitivity": 1.3, "stats": {"core": {"shots": 4, "shots_against": 9, "goals": 1, "goals_against": 2, "saves": 3, "assists": 0, "score": 520, "mvp": false, "shooting_percentage": 25}, "boost": {"bpm": 512, "bcpm": 507.79758, "avg_amount": 46.85, "amount_collected": 2746, "amount_stolen": 580, "amount_collected_big": 2189, "amount_stolen_big": 448, "amount_collected_small": 557, "amount_stolen_small": 132, "count_collected_big": 25, "count_stolen_big": 5, "count_collected_small": 47, "count_stolen_small": 11, "amount_overfill": 231, "amount_overfill_stolen": 51, "amount_used_while_supersonic": 540, "time_zero_boost": 32.62, "percent_zero_boost": 10.053628, "time_full_boost": 39.48, "percent_full_boost": 12.16791, "time_boost_0_25": 123.66, "time_boost_25_50": 70.62, "time_boost_50_75": 47.84, "time_boost_75_100": 76.15, "percent_boost_0_25": 38.853806, "percent_boost_25_50": 22.18871, "percent_boost_50_75": 15.031263, "percent_boost_75_100": 23.926228}, "movement": {"avg_speed": 1565, "total_distance": 496494, "time_supersonic_speed": 50.83, "time_boost_speed": 141.94, "time_slow_speed": 140.21, "time_ground": 187.15, "time_low_air": 127.12, "time_high_air": 18.7, "time_powerslide": 4.01, "count_powerslide": 28, "avg_powerslide_duration": 0.14, "avg_speed_percentage": 68.04348, "percent_slow_speed": 42.10763, "percent_boost_speed": 42.62718, "percent_supersonic_speed": 15.26518, "percent_ground": 56.206264, "percent_low_air": 38.177612, "percent_high_air": 5.616122}, "positioning": {"avg_distance_to_ball": 2607, "avg_distance_to_ball_possession": 2144, "avg_distance_to_ball_no_possession": 3058, "avg_distance_to_mates": 3484, "time_defensive_third": 161.83, "time_neutral_third": 105.99, "time_offensive_third": 65.16, "time_defensive_half": 219.81, "time_offensive_half": 113.16, "time_behind_ball": 232.29, "time_infront_ball": 100.69, "time_most_back": 161.7, "time_most_forward": 170.1, "goals_against_while_last_defender": 1, "time_closest_to_ball": 172.5, "time_farthest_from_ball": 159.5, "percent_defensive_third": 48.600513, "percent_offensive_third": 19.568743, "percent_neutral_third": 31.83074, "percent_defensive_half": 66.01495, "percent_offensive_half": 33.985043, "percent_behind_ball": 69.76095, "percent_infront_ball": 30.239056, "percent_most_back": 49.836655, "percent_most_forward": 52.42557, "percent_closest_to_ball": 53.16526, "percent_farthest_from_ball": 49.158604}, "demo": {"inflicted": 2, "taken": 1}}}, {"start_time": 0, "end_time": 336.45145, "name": "n o a h", "id": {"platform": "steam", "id": "76561198167885099"}, "rank": {"id": "grand-champion", "tier": 19, "division": 3, "name": "Grand Champion I Division 3"}, "car_id": 23, "car_name": "Octane", "camera": {"fov": 110, "height": 90, "pitch": -5, "distance": 270, "stiffness": 0.55, "swivel_speed": 3, "transition_speed": 1.1}, "steering_sensitivity": 1.3, "stats": {"core": {"shots": 0, "shots_against": 9, "goals": 0, "goals_against": 2, "saves": 2, "assists": 0, "score": 215, "mvp": false, "shooting_percentage": 0}, "boost": {"bpm": 379, "bcpm": 383.34464, "avg_amount": 52.38, "amount_collected": 2073, "amount_stolen": 380, "amount_collected_big": 1457, "amount_stolen_big": 245, "amount_collected_small": 616, "amount_stolen_small": 135, "count_collected_big": 19, "count_stolen_big": 4, "count_collected_small": 52, "count_stolen_small": 12, "amount_overfill": 376, "amount_overfill_stolen": 104, "amount_used_while_supersonic": 240, "time_zero_boost": 56.04, "percent_zero_boost": 17.271774, "time_full_boost": 41.91, "percent_full_boost": 12.916847, "time_boost_0_25": 100.32, "time_boost_25_50": 43.33, "time_boost_50_75": 73.1, "time_boost_75_100": 103.69, "percent_boost_0_25": 31.306953, "percent_boost_25_50": 13.522032, "percent_boost_50_75": 22.812384, "percent_boost_75_100": 32.35863}, "movement": {"avg_speed": 1487, "total_distance": 466905, "time_supersonic_speed": 44.66, "time_boost_speed": 115.36, "time_slow_speed": 169.81, "time_ground": 170.33, "time_low_air": 141.98, "time_high_air": 17.52, "time_powerslide": 5.04, "count_powerslide": 52, "avg_powerslide_duration": 0.1, "avg_speed_percentage": 64.652176, "percent_slow_speed": 51.4841, "percent_boost_speed": 34.975594, "percent_supersonic_speed": 13.540309, "percent_ground": 51.641758, "percent_low_air": 43.04642, "percent_high_air": 5.3118277}, "positioning": {"avg_distance_to_ball": 2730, "avg_distance_to_ball_possession": 2540, "avg_distance_to_ball_no_possession": 2800, "avg_distance_to_mates": 3484, "time_defensive_third": 175.9, "time_neutral_third": 89.2, "time_offensive_third": 64.73, "time_defensive_half": 226.8, "time_offensive_half": 103.04, "time_behind_ball": 243.29, "time_infront_ball": 86.54, "time_most_back": 173.1, "time_most_forward": 155.7, "goals_against_while_last_defender": 1, "time_closest_to_ball": 152.9, "time_farthest_from_ball": 175.7, "percent_defensive_third": 53.3305, "percent_offensive_third": 19.625261, "percent_neutral_third": 27.044233, "percent_defensive_half": 68.76061, "percent_offensive_half": 31.23939, "percent_behind_ball": 73.762245, "percent_infront_ball": 26.23776, "percent_most_back": 53.35018, "percent_most_forward": 47.987427, "percent_closest_to_ball": 47.12445, "percent_farthest_from_ball": 54.151516}, "demo": {"inflicted": 1, "taken": 2}}}], "stats": {"ball": {"possession_time": 135.74, "time_in_side": 165.43}, "core": {"shots": 4, "shots_against": 9, "goals": 1, "goals_against": 2, "saves": 5, "assists": 0, "score": 735, "shooting_percentage": 25}, "boost": {"bpm": 891, "bcpm": 891.1422, "avg_amount": 99.229996, "amount_collected": 4819, "amount_stolen": 960, "amount_collected_big": 3646, "amount_stolen_big": 693, "amount_collected_small": 1173, "amount_stolen_small": 267, "count_collected_big": 44, "count_stolen_big": 9, "count_collected_small": 99, "count_stolen_small": 23, "amount_overfill": 607, "amount_overfill_stolen": 155, "amount_used_while_supersonic": 780, "time_zero_boost": 88.66, "time_full_boost": 81.39, "time_boost_0_25": 223.98001, "time_boost_25_50": 113.950005, "time_boost_50_75": 120.94, "time_boost_75_100": 179.84}, "movement": {"total_distance": 963399, "time_supersonic_speed": 95.490005, "time_boost_speed": 257.3, "time_slow_speed": 310.02002, "time_ground": 357.47998, "time_low_air": 269.1, "time_high_air": 36.22, "time_powerslide": 9.05, "count_powerslide": 80}, "positioning": {"time_defensive_third": 337.72998, "time_neutral_third": 195.19, "time_offensive_third": 129.89001, "time_defensive_half": 446.61, "time_offensive_half": 216.20001, "time_behind_ball": 475.58, "time_infront_ball": 187.23001}, "demo": {"inflicted": 3, "taken": 3}}}, "orange": {"color": "orange", "players": [{"start_time": 0, "end_time": 336.45145, "name": "Im Ahhh", "id": {"platform": "epic", "id": "d4d79a94e2744c1d99a2375b7d22732d"}, "mvp": true, "rank": {"id": "grand-champion", "tier": 19, "division": 2, "name": "Grand Champion I Division 2"}, "car_id": 4284, "car_name": "Fennec", "camera": {"fov": 110, "height": 110, "pitch": -3, "distance": 300, "stiffness": 0.45, "swivel_speed": 9, "transition_speed": 1.5}, "steering_sensitivity": 1, "stats": {"core": {"shots": 5, "shots_against": 4, "goals": 2, "goals_against": 1, "saves": 1, "assists": 0, "score": 430, "mvp": true, "shooting_percentage": 40}, "boost": {"bpm": 394, "bcpm": 412.3775, "avg_amount": 51.25, "amount_collected": 2230, "amount_stolen": 416, "amount_collected_big": 1655, "amount_stolen_big": 218, "amount_collected_small": 575, "amount_stolen_small": 198, "count_collected_big": 21, "count_stolen_big": 3, "count_collected_small": 51, "count_stolen_small": 18, "amount_overfill": 474, "amount_overfill_stolen": 96, "amount_used_while_supersonic": 339, "time_zero_boost": 36.09, "percent_zero_boost": 11.123097, "time_full_boost": 65.87, "percent_full_boost": 20.301426, "time_boost_0_25": 86.76, "time_boost_25_50": 66.88, "time_boost_50_75": 69.76, "time_boost_75_100": 99.98, "percent_boost_0_25": 26.829117, "percent_boost_25_50": 20.68155, "percent_boost_50_75": 21.572144, "percent_boost_75_100": 30.917187}, "movement": {"avg_speed": 1466, "total_distance": 464996, "time_supersonic_speed": 39.34, "time_boost_speed": 124.63, "time_slow_speed": 168.91, "time_ground": 229.21, "time_low_air": 95.74, "time_high_air": 7.94, "time_powerslide": 6.13, "count_powerslide": 41, "avg_powerslide_duration": 0.15, "avg_speed_percentage": 63.739132, "percent_slow_speed": 50.74201, "percent_boost_speed": 37.43992, "percent_supersonic_speed": 11.818072, "percent_ground": 68.854576, "percent_low_air": 28.76025, "percent_high_air": 2.3851721}, "positioning": {"avg_distance_to_ball": 2771, "avg_distance_to_ball_possession": 2998, "avg_distance_to_ball_no_possession": 2425, "avg_distance_to_mates": 3244, "time_defensive_third": 174.98, "time_neutral_third": 100.8, "time_offensive_third": 57.11, "time_defensive_half": 231.49, "time_offensive_half": 101.39, "time_behind_ball": 253.04, "time_infront_ball": 79.85, "time_most_back": 190.3, "time_most_forward": 142.3, "goals_against_while_last_defender": 1, "time_closest_to_ball": 143.3, "time_farthest_from_ball": 189.3, "percent_defensive_third": 52.563908, "percent_offensive_third": 17.155817, "percent_neutral_third": 30.280272, "percent_defensive_half": 69.54157, "percent_offensive_half": 30.458424, "percent_behind_ball": 76.0131, "percent_infront_ball": 23.986904, "percent_most_back": 58.6513, "percent_most_forward": 43.857487, "percent_closest_to_ball": 44.16569, "percent_farthest_from_ball": 58.343094}, "demo": {"inflicted": 1, "taken": 1}}}, {"start_time": 0, "end_time": 336.45145, "name": "i cannot peak.", "id": {"platform": "epic", "id": "ff7920222b3640c39ed3fbe805c9dbef"}, "rank": {"id": "champion-3", "tier": 18, "division": 2, "name": "Champion III Division 2"}, "car_id": 23, "car_name": "Octane", "camera": {"fov": 110, "height": 100, "pitch": -4, "distance": 300, "stiffness": 0.45, "swivel_speed": 7.5, "transition_speed": 1.2}, "steering_sensitivity": 1.75, "stats": {"core": {"shots": 4, "shots_against": 4, "goals": 0, "goals_against": 1, "saves": 0, "assists": 1, "score": 328, "mvp": false, "shooting_percentage": 0}, "boost": {"bpm": 418, "bcpm": 417.92517, "avg_amount": 55.51, "amount_collected": 2260, "amount_stolen": 786, "amount_collected_big": 1778, "amount_stolen_big": 554, "amount_collected_small": 482, "amount_stolen_small": 232, "count_collected_big": 22, "count_stolen_big": 6, "count_collected_small": 42, "count_stolen_small": 20, "amount_overfill": 424, "amount_overfill_stolen": 45, "amount_used_while_supersonic": 381, "time_zero_boost": 22.55, "percent_zero_boost": 6.9500093, "time_full_boost": 23.19, "percent_full_boost": 7.14726, "time_boost_0_25": 76.32, "time_boost_25_50": 83.11, "time_boost_50_75": 63.47, "time_boost_75_100": 94.99, "percent_boost_0_25": 24.008307, "percent_boost_25_50": 26.144264, "percent_boost_50_75": 19.966026, "percent_boost_75_100": 29.881407}, "movement": {"avg_speed": 1459, "total_distance": 457949, "time_supersonic_speed": 31.96, "time_boost_speed": 135.5, "time_slow_speed": 162.52, "time_ground": 220.67, "time_low_air": 87.07, "time_high_air": 22.23, "time_powerslide": 2.71, "count_powerslide": 36, "avg_powerslide_duration": 0.08, "avg_speed_percentage": 63.434784, "percent_slow_speed": 49.25147, "percent_boost_speed": 41.063095, "percent_supersonic_speed": 9.685435, "percent_ground": 66.87578, "percent_low_air": 26.387247, "percent_high_air": 6.736976}, "positioning": {"avg_distance_to_ball": 2093, "avg_distance_to_ball_possession": 2026, "avg_distance_to_ball_no_possession": 2185, "avg_distance_to_mates": 3244, "time_defensive_third": 144.56, "time_neutral_third": 99.29, "time_offensive_third": 86.12, "time_defensive_half": 193.97, "time_offensive_half": 136.01, "time_behind_ball": 255.15, "time_infront_ball": 74.83, "time_most_back": 148, "time_most_forward": 184.2, "time_closest_to_ball": 182.5, "time_farthest_from_ball": 149.7, "percent_defensive_third": 43.810043, "percent_offensive_third": 26.099342, "percent_neutral_third": 30.090614, "percent_defensive_half": 58.782352, "percent_offensive_half": 41.217648, "percent_behind_ball": 77.322876, "percent_infront_ball": 22.677134, "percent_most_back": 45.614254, "percent_most_forward": 56.77125, "percent_closest_to_ball": 56.247303, "percent_farthest_from_ball": 46.1382}, "demo": {"inflicted": 2, "taken": 2}}}], "stats": {"ball": {"possession_time": 148.75, "time_in_side": 155.57}, "core": {"shots": 9, "shots_against": 4, "goals": 2, "goals_against": 1, "saves": 1, "assists": 1, "score": 758, "shooting_percentage": 22.222221}, "boost": {"bpm": 812, "bcpm": 830.3027, "avg_amount": 106.759995, "amount_collected": 4490, "amount_stolen": 1202, "amount_collected_big": 3433, "amount_stolen_big": 772, "amount_collected_small": 1057, "amount_stolen_small": 430, "count_collected_big": 43, "count_stolen_big": 9, "count_collected_small": 93, "count_stolen_small": 38, "amount_overfill": 898, "amount_overfill_stolen": 141, "amount_used_while_supersonic": 720, "time_zero_boost": 58.64, "time_full_boost": 89.060005, "time_boost_0_25": 163.08, "time_boost_25_50": 149.98999, "time_boost_50_75": 133.23001, "time_boost_75_100": 194.97}, "movement": {"total_distance": 922945, "time_supersonic_speed": 71.3, "time_boost_speed": 260.13, "time_slow_speed": 331.43, "time_ground": 449.88, "time_low_air": 182.81, "time_high_air": 30.17, "time_powerslide": 8.84, "count_powerslide": 77}, "positioning": {"time_defensive_third": 319.53998, "time_neutral_third": 200.09, "time_offensive_third": 143.23001, "time_defensive_half": 425.46002, "time_offensive_half": 237.4, "time_behind_ball": 508.19, "time_infront_ball": 154.68}, "demo": {"inflicted": 3, "taken": 3}}}, "playlist_name": "Ranked Doubles", "map_name": "Neo Tokyo (Arcade)", "server": {"name": "USE1-09B6337413A185C92-Apogee", "region": "USE"}}