{"id": "35a444b4-9bb6-4453-8b53-955d507ed929", "link": "https://ballchasing.com/api/replays/35a444b4-9bb6-4453-8b53-955d507ed929", "created": "2025-07-19T14:35:37.706836Z", "uploader": {"steam_id": "76561198167885099", "name": "n o a h", "profile_url": "https://steamcommunity.com/id/Zermah/", "avatar": "https://avatars.steamstatic.com/1cbf3880830cdc652b673f09b13c212b1feb24aa.jpg"}, "status": "ok", "rocket_league_id": "3AC6F37411F0645407E5CAA4EC8E432E", "match_guid": "728E0B1811F06453445ACAA46F5EF3F1", "title": "replay redown 4", "map_code": "eurostadium_p", "match_type": "Online", "team_size": 2, "playlist_id": "ranked-doubles", "duration": 316, "overtime": false, "season": 19, "season_type": "free2play", "date": "2025-07-19T01:55:37Z", "date_has_timezone": false, "visibility": "public", "groups": [{"id": "replay-analysis-j2e0c8rw06", "name": "Replay Analysis", "link": "https://ballchasing.com/api/groups/replay-analysis-j2e0c8rw06"}], "blue": {"color": "blue", "players": [{"start_time": 0, "end_time": 316.94675, "name": "Onttos", "id": {"platform": "epic", "id": "8c666f7c341347c79907943b8b320cc6"}, "mvp": true, "car_id": 4284, "car_name": "Fennec", "camera": {"fov": 110, "height": 120, "pitch": -6, "distance": 330, "stiffness": 0.45, "swivel_speed": 4.8, "transition_speed": 1.6}, "steering_sensitivity": 1.45, "stats": {"core": {"shots": 5, "shots_against": 5, "goals": 2, "goals_against": 0, "saves": 3, "assists": 0, "score": 573, "mvp": true, "shooting_percentage": 40}, "boost": {"bpm": 486, "bcpm": 474.93506, "avg_amount": 42.02, "amount_collected": 2438, "amount_stolen": 627, "amount_collected_big": 1648, "amount_stolen_big": 431, "amount_collected_small": 790, "amount_stolen_small": 196, "count_collected_big": 20, "count_stolen_big": 5, "count_collected_small": 62, "count_stolen_small": 18, "amount_overfill": 356, "amount_overfill_stolen": 68, "amount_used_while_supersonic": 486, "time_zero_boost": 90.33, "percent_zero_boost": 29.327923, "time_full_boost": 19.9, "percent_full_boost": 6.461039, "time_boost_0_25": 167.14, "time_boost_25_50": 44.96, "time_boost_50_75": 52.57, "time_boost_75_100": 48.35, "percent_boost_0_25": 53.395947, "percent_boost_25_50": 14.363298, "percent_boost_50_75": 16.794453, "percent_boost_75_100": 15.446297}, "movement": {"avg_speed": 1607, "total_distance": 490992, "time_supersonic_speed": 54.69, "time_boost_speed": 144.88, "time_slow_speed": 117.37, "time_ground": 178.91, "time_low_air": 123.28, "time_high_air": 14.75, "time_powerslide": 4.25, "count_powerslide": 36, "avg_powerslide_duration": 0.12, "avg_speed_percentage": 69.86957, "percent_slow_speed": 37.032246, "percent_boost_speed": 45.71212, "percent_supersonic_speed": 17.255632, "percent_ground": 56.44917, "percent_low_air": 38.896954, "percent_high_air": 4.6538777}, "positioning": {"avg_distance_to_ball": 2593, "avg_distance_to_ball_possession": 2493, "avg_distance_to_ball_no_possession": 2747, "avg_distance_to_mates": 3133, "time_defensive_third": 131.95, "time_neutral_third": 107.05, "time_offensive_third": 77.94, "time_defensive_half": 183.94, "time_offensive_half": 133, "time_behind_ball": 250.64, "time_infront_ball": 66.31, "time_most_back": 176.3, "time_most_forward": 126.4, "time_closest_to_ball": 123.6, "time_farthest_from_ball": 179.1, "percent_defensive_third": 41.632484, "percent_offensive_third": 24.591406, "percent_neutral_third": 33.776108, "percent_defensive_half": 58.03622, "percent_offensive_half": 41.96378, "percent_behind_ball": 79.07871, "percent_infront_ball": 20.92128, "percent_most_back": 57.24026, "percent_most_forward": 41.03896, "percent_closest_to_ball": 40.12987, "percent_farthest_from_ball": 58.14935}, "demo": {"inflicted": 0, "taken": 0}}}, {"start_time": 0, "end_time": 316.94675, "name": "OckyWay.", "id": {"platform": "epic", "id": "fe36a266eae245e0a89d6c0086a79962"}, "car_id": 6939, "car_name": "Ford Mustang Mach-E RLE", "camera": {"fov": 110, "height": 90, "pitch": -5, "distance": 260, "stiffness": 0.55, "swivel_speed": 7, "transition_speed": 1}, "steering_sensitivity": 1.3, "stats": {"core": {"shots": 3, "shots_against": 5, "goals": 1, "goals_against": 0, "saves": 1, "assists": 2, "score": 460, "mvp": false, "shooting_percentage": 33.333332}, "boost": {"bpm": 461, "bcpm": 460.51947, "avg_amount": 47.85, "amount_collected": 2364, "amount_stolen": 702, "amount_collected_big": 1624, "amount_stolen_big": 361, "amount_collected_small": 740, "amount_stolen_small": 341, "count_collected_big": 19, "count_stolen_big": 4, "count_collected_small": 63, "count_stolen_small": 29, "amount_overfill": 277, "amount_overfill_stolen": 38, "amount_used_while_supersonic": 489, "time_zero_boost": 24.82, "percent_zero_boost": 8.058441, "time_full_boost": 27.22, "percent_full_boost": 8.837663, "time_boost_0_25": 104.72, "time_boost_25_50": 88.74, "time_boost_50_75": 47.02, "time_boost_75_100": 70.8, "percent_boost_0_25": 33.64174, "percent_boost_25_50": 28.508095, "percent_boost_50_75": 15.105371, "percent_boost_75_100": 22.744797}, "movement": {"avg_speed": 1555, "total_distance": 474678, "time_supersonic_speed": 50.3, "time_boost_speed": 132.08, "time_slow_speed": 134.56, "time_ground": 174.48, "time_low_air": 122.64, "time_high_air": 19.83, "time_powerslide": 6.66, "count_powerslide": 57, "avg_powerslide_duration": 0.12, "avg_speed_percentage": 67.608696, "percent_slow_speed": 42.455986, "percent_boost_speed": 41.673504, "percent_supersonic_speed": 15.870512, "percent_ground": 55.049694, "percent_low_air": 38.6938, "percent_high_air": 6.256508}, "positioning": {"avg_distance_to_ball": 2046, "avg_distance_to_ball_possession": 1722, "avg_distance_to_ball_no_possession": 2390, "avg_distance_to_mates": 3133, "time_defensive_third": 108.25, "time_neutral_third": 110.33, "time_offensive_third": 98.36, "time_defensive_half": 159.42, "time_offensive_half": 157.53, "time_behind_ball": 230.49, "time_infront_ball": 86.46, "time_most_back": 126.4, "time_most_forward": 176.1, "time_closest_to_ball": 178.9, "time_farthest_from_ball": 123.6, "percent_defensive_third": 34.154728, "percent_offensive_third": 31.034266, "percent_neutral_third": 34.811005, "percent_defensive_half": 50.298153, "percent_offensive_half": 49.701843, "percent_behind_ball": 72.721245, "percent_infront_ball": 27.27875, "percent_most_back": 41.03896, "percent_most_forward": 57.175323, "percent_closest_to_ball": 58.084415, "percent_farthest_from_ball": 40.12987}, "demo": {"inflicted": 2, "taken": 0}}}], "stats": {"ball": {"possession_time": 136.02, "time_in_side": 117.95}, "core": {"shots": 8, "shots_against": 5, "goals": 3, "goals_against": 0, "saves": 4, "assists": 2, "score": 1033, "shooting_percentage": 37.5}, "boost": {"bpm": 947, "bcpm": 935.4545, "avg_amount": 89.869995, "amount_collected": 4802, "amount_stolen": 1329, "amount_collected_big": 3272, "amount_stolen_big": 792, "amount_collected_small": 1530, "amount_stolen_small": 537, "count_collected_big": 39, "count_stolen_big": 9, "count_collected_small": 125, "count_stolen_small": 47, "amount_overfill": 633, "amount_overfill_stolen": 106, "amount_used_while_supersonic": 975, "time_zero_boost": 115.15, "time_full_boost": 47.12, "time_boost_0_25": 271.86, "time_boost_25_50": 133.7, "time_boost_50_75": 99.59, "time_boost_75_100": 119.15}, "movement": {"total_distance": 965670, "time_supersonic_speed": 104.99, "time_boost_speed": 276.96002, "time_slow_speed": 251.93, "time_ground": 353.39, "time_low_air": 245.92, "time_high_air": 34.58, "time_powerslide": 10.91, "count_powerslide": 93}, "positioning": {"time_defensive_third": 240.2, "time_neutral_third": 217.38, "time_offensive_third": 176.3, "time_defensive_half": 343.36, "time_offensive_half": 290.53, "time_behind_ball": 481.13, "time_infront_ball": 152.76999}, "demo": {"inflicted": 2, "taken": 0}}}, "orange": {"color": "orange", "players": [{"start_time": 0, "end_time": 316.94675, "name": "Respawn", "id": {"platform": "steam", "id": "76561198180060955"}, "car_id": 4284, "car_name": "Fennec", "camera": {"fov": 110, "height": 100, "pitch": -3, "distance": 260, "stiffness": 0.6, "swivel_speed": 3.5, "transition_speed": 1.7}, "steering_sensitivity": 1.3, "stats": {"core": {"shots": 5, "shots_against": 8, "goals": 0, "goals_against": 3, "saves": 3, "assists": 0, "score": 386, "mvp": false, "shooting_percentage": 0}, "boost": {"bpm": 448, "bcpm": 422.53247, "avg_amount": 46.37, "amount_collected": 2169, "amount_stolen": 299, "amount_collected_big": 1569, "amount_stolen_big": 192, "amount_collected_small": 600, "amount_stolen_small": 107, "count_collected_big": 19, "count_stolen_big": 2, "count_collected_small": 54, "count_stolen_small": 11, "amount_overfill": 330, "amount_overfill_stolen": 7, "amount_used_while_supersonic": 429, "time_zero_boost": 33.49, "percent_zero_boost": 10.873378, "time_full_boost": 26.08, "percent_full_boost": 8.467532, "time_boost_0_25": 118.18, "time_boost_25_50": 80.69, "time_boost_50_75": 59.77, "time_boost_75_100": 44.75, "percent_boost_0_25": 38.953163, "percent_boost_25_50": 26.596132, "percent_boost_50_75": 19.700716, "percent_boost_75_100": 14.749992}, "movement": {"avg_speed": 1532, "total_distance": 460385, "time_supersonic_speed": 54.18, "time_boost_speed": 114.2, "time_slow_speed": 144.11, "time_ground": 185.37, "time_low_air": 115.25, "time_high_air": 11.87, "time_powerslide": 4.89, "count_powerslide": 33, "avg_powerslide_duration": 0.15, "avg_speed_percentage": 66.608696, "percent_slow_speed": 46.116676, "percent_boost_speed": 36.54517, "percent_supersonic_speed": 17.338156, "percent_ground": 59.3203, "percent_low_air": 36.88118, "percent_high_air": 3.7985218}, "positioning": {"avg_distance_to_ball": 2427, "avg_distance_to_ball_possession": 2361, "avg_distance_to_ball_no_possession": 2534, "avg_distance_to_mates": 3306, "time_defensive_third": 162.71, "time_neutral_third": 100.43, "time_offensive_third": 49.35, "time_defensive_half": 218.96, "time_offensive_half": 93.53, "time_behind_ball": 230.51, "time_infront_ball": 81.99, "time_most_back": 167.8, "time_most_forward": 137.7, "goals_against_while_last_defender": 2, "time_closest_to_ball": 176.6, "time_farthest_from_ball": 128.9, "percent_defensive_third": 52.06887, "percent_offensive_third": 15.792506, "percent_neutral_third": 32.13863, "percent_defensive_half": 70.06944, "percent_offensive_half": 29.93056, "percent_behind_ball": 73.7632, "percent_infront_ball": 26.2368, "percent_most_back": 54.48052, "percent_most_forward": 44.70779, "percent_closest_to_ball": 57.33766, "percent_farthest_from_ball": 41.850647}, "demo": {"inflicted": 0, "taken": 0}}}, {"start_time": 0, "end_time": 316.94675, "name": "n o a h", "id": {"platform": "steam", "id": "76561198167885099"}, "car_id": 23, "car_name": "Octane", "camera": {"fov": 110, "height": 90, "pitch": -5, "distance": 270, "stiffness": 0.55, "swivel_speed": 3, "transition_speed": 1.1}, "steering_sensitivity": 1.3, "stats": {"core": {"shots": 0, "shots_against": 8, "goals": 0, "goals_against": 3, "saves": 1, "assists": 0, "score": 190, "mvp": false, "shooting_percentage": 0}, "boost": {"bpm": 415, "bcpm": 408.7013, "avg_amount": 46.8, "amount_collected": 2098, "amount_stolen": 551, "amount_collected_big": 1617, "amount_stolen_big": 419, "amount_collected_small": 481, "amount_stolen_small": 132, "count_collected_big": 19, "count_stolen_big": 5, "count_collected_small": 43, "count_stolen_small": 11, "amount_overfill": 299, "amount_overfill_stolen": 80, "amount_used_while_supersonic": 394, "time_zero_boost": 39.83, "percent_zero_boost": 12.931819, "time_full_boost": 42.75, "percent_full_boost": 13.87987, "time_boost_0_25": 117.02, "time_boost_25_50": 61.9, "time_boost_50_75": 59.84, "time_boost_75_100": 69.01, "percent_boost_0_25": 38.0219, "percent_boost_25_50": 20.112423, "percent_boost_50_75": 19.44309, "percent_boost_75_100": 22.422588}, "movement": {"avg_speed": 1518, "total_distance": 456665, "time_supersonic_speed": 52.11, "time_boost_speed": 111.57, "time_slow_speed": 148.27, "time_ground": 175.51, "time_low_air": 129, "time_high_air": 7.45, "time_powerslide": 4.2, "count_powerslide": 44, "avg_powerslide_duration": 0.1, "avg_speed_percentage": 66, "percent_slow_speed": 47.530052, "percent_boost_speed": 35.765347, "percent_supersonic_speed": 16.7046, "percent_ground": 56.260414, "percent_low_air": 41.35145, "percent_high_air": 2.3881266}, "positioning": {"avg_distance_to_ball": 2675, "avg_distance_to_ball_possession": 2456, "avg_distance_to_ball_no_possession": 2885, "avg_distance_to_mates": 3306, "time_defensive_third": 160.68, "time_neutral_third": 84.41, "time_offensive_third": 66.86, "time_defensive_half": 206.43, "time_offensive_half": 105.52, "time_behind_ball": 204.76, "time_infront_ball": 107.19, "time_most_back": 140.8, "time_most_forward": 164.9, "goals_against_while_last_defender": 1, "time_closest_to_ball": 128.8, "time_farthest_from_ball": 176.9, "percent_defensive_third": 51.50825, "percent_offensive_third": 21.43292, "percent_neutral_third": 27.058823, "percent_defensive_half": 66.17407, "percent_offensive_half": 33.825935, "percent_behind_ball": 65.638725, "percent_infront_ball": 34.361275, "percent_most_back": 45.714287, "percent_most_forward": 53.53896, "percent_closest_to_ball": 41.81818, "percent_farthest_from_ball": 57.435066}, "demo": {"inflicted": 0, "taken": 2}}}], "stats": {"ball": {"possession_time": 139.26, "time_in_side": 185.84}, "core": {"shots": 5, "shots_against": 8, "goals": 0, "goals_against": 3, "saves": 4, "assists": 0, "score": 576, "shooting_percentage": 0}, "boost": {"bpm": 863, "bcpm": 831.23376, "avg_amount": 93.17, "amount_collected": 4267, "amount_stolen": 850, "amount_collected_big": 3186, "amount_stolen_big": 611, "amount_collected_small": 1081, "amount_stolen_small": 239, "count_collected_big": 38, "count_stolen_big": 7, "count_collected_small": 97, "count_stolen_small": 22, "amount_overfill": 629, "amount_overfill_stolen": 87, "amount_used_while_supersonic": 823, "time_zero_boost": 73.32001, "time_full_boost": 68.83, "time_boost_0_25": 235.2, "time_boost_25_50": 142.59, "time_boost_50_75": 119.61, "time_boost_75_100": 113.76}, "movement": {"total_distance": 917050, "time_supersonic_speed": 106.29, "time_boost_speed": 225.76999, "time_slow_speed": 292.38, "time_ground": 360.88, "time_low_air": 244.25, "time_high_air": 19.32, "time_powerslide": 9.09, "count_powerslide": 77}, "positioning": {"time_defensive_third": 323.39, "time_neutral_third": 184.84, "time_offensive_third": 116.21, "time_defensive_half": 425.39, "time_offensive_half": 199.04999, "time_behind_ball": 435.27, "time_infront_ball": 189.18}, "demo": {"inflicted": 0, "taken": 2}}}, "playlist_name": "Ranked Doubles", "map_name": "Mannfield", "server": {"name": "USC1-089CDD4CB03E626B3-Horizon2", "region": "USC"}}