{"id": "4b5d3695-3af2-4c32-b5b0-7c144ec7d5b9", "link": "https://ballchasing.com/api/replays/4b5d3695-3af2-4c32-b5b0-7c144ec7d5b9", "created": "2025-07-19T14:35:28.023195Z", "uploader": {"steam_id": "76561198167885099", "name": "n o a h", "profile_url": "https://steamcommunity.com/id/Zermah/", "avatar": "https://avatars.steamstatic.com/1cbf3880830cdc652b673f09b13c212b1feb24aa.jpg"}, "status": "ok", "rocket_league_id": "50BF254411F0644EE1F5769737901B26", "match_guid": "55001D1C11F0644D208C7697736BCBEC", "title": "replay redown 8", "map_code": "park_rainy_p", "match_type": "Online", "team_size": 2, "playlist_id": "ranked-doubles", "duration": 356, "overtime": false, "season": 19, "season_type": "free2play", "date": "2025-07-19T01:13:17Z", "date_has_timezone": false, "visibility": "public", "groups": [{"id": "replay-analysis-j2e0c8rw06", "name": "Replay Analysis", "link": "https://ballchasing.com/api/groups/replay-analysis-j2e0c8rw06"}], "blue": {"color": "blue", "players": [{"start_time": 0, "end_time": 356.95013, "name": "Respawn", "id": {"platform": "steam", "id": "76561198180060955"}, "mvp": true, "car_id": 4284, "car_name": "Fennec", "camera": {"fov": 110, "height": 100, "pitch": -3, "distance": 260, "stiffness": 0.6, "swivel_speed": 3.5, "transition_speed": 1.7}, "steering_sensitivity": 1.3, "stats": {"core": {"shots": 6, "shots_against": 7, "goals": 2, "goals_against": 2, "saves": 2, "assists": 1, "score": 685, "mvp": true, "shooting_percentage": 33.333332}, "boost": {"bpm": 461, "bcpm": 470.74445, "avg_amount": 54.27, "amount_collected": 2659, "amount_stolen": 591, "amount_collected_big": 1986, "amount_stolen_big": 379, "amount_collected_small": 673, "amount_stolen_small": 212, "count_collected_big": 29, "count_stolen_big": 5, "count_collected_small": 63, "count_stolen_small": 22, "amount_overfill": 923, "amount_overfill_stolen": 120, "amount_used_while_supersonic": 493, "time_zero_boost": 29.8, "percent_zero_boost": 8.792894, "time_full_boost": 47.91, "percent_full_boost": 14.136497, "time_boost_0_25": 88.48, "time_boost_25_50": 91.9, "time_boost_50_75": 70.29, "time_boost_75_100": 98.05, "percent_boost_0_25": 25.37279, "percent_boost_25_50": 26.35352, "percent_boost_50_75": 20.15657, "percent_boost_75_100": 28.117111}, "movement": {"avg_speed": 1586, "total_distance": 528364, "time_supersonic_speed": 81.32, "time_boost_speed": 113.81, "time_slow_speed": 161.56, "time_ground": 225.69, "time_low_air": 118.37, "time_high_air": 12.63, "time_powerslide": 6.55, "count_powerslide": 40, "avg_powerslide_duration": 0.16, "avg_speed_percentage": 68.95652, "percent_slow_speed": 45.29423, "percent_boost_speed": 31.907259, "percent_supersonic_speed": 22.798508, "percent_ground": 63.27343, "percent_low_air": 33.18568, "percent_high_air": 3.5408897}, "positioning": {"avg_distance_to_ball": 2413, "avg_distance_to_ball_possession": 2214, "avg_distance_to_ball_no_possession": 2659, "avg_distance_to_mates": 3176, "time_defensive_third": 171.39, "time_neutral_third": 116.33, "time_offensive_third": 68.96, "time_defensive_half": 225.91, "time_offensive_half": 130.77, "time_behind_ball": 270.02, "time_infront_ball": 86.66, "time_most_back": 141.8, "time_most_forward": 199.2, "goals_against_while_last_defender": 1, "time_closest_to_ball": 197.5, "time_farthest_from_ball": 143.5, "percent_defensive_third": 48.051476, "percent_offensive_third": 19.333857, "percent_neutral_third": 32.61467, "percent_defensive_half": 63.336887, "percent_offensive_half": 36.663116, "percent_behind_ball": 75.703705, "percent_infront_ball": 24.296288, "percent_most_back": 41.840015, "percent_most_forward": 58.776665, "percent_closest_to_ball": 58.27506, "percent_farthest_from_ball": 42.341625}, "demo": {"inflicted": 3, "taken": 0}}}, {"start_time": 0, "end_time": 356.95013, "name": "n o a h", "id": {"platform": "steam", "id": "76561198167885099"}, "car_id": 23, "car_name": "Octane", "camera": {"fov": 110, "height": 90, "pitch": -5, "distance": 270, "stiffness": 0.55, "swivel_speed": 3, "transition_speed": 1.1}, "steering_sensitivity": 1.3, "stats": {"core": {"shots": 4, "shots_against": 7, "goals": 2, "goals_against": 2, "saves": 2, "assists": 1, "score": 535, "mvp": false, "shooting_percentage": 50}, "boost": {"bpm": 415, "bcpm": 442.41833, "avg_amount": 52.73, "amount_collected": 2499, "amount_stolen": 538, "amount_collected_big": 1952, "amount_stolen_big": 451, "amount_collected_small": 547, "amount_stolen_small": 87, "count_collected_big": 24, "count_stolen_big": 5, "count_collected_small": 49, "count_stolen_small": 8, "amount_overfill": 455, "amount_overfill_stolen": 48, "amount_used_while_supersonic": 275, "time_zero_boost": 29.6, "percent_zero_boost": 8.733882, "time_full_boost": 39.88, "percent_full_boost": 11.767136, "time_boost_0_25": 83.23, "time_boost_25_50": 111.04, "time_boost_50_75": 72.07, "time_boost_75_100": 76.18, "percent_boost_0_25": 24.299313, "percent_boost_25_50": 32.418545, "percent_boost_50_75": 21.041107, "percent_boost_75_100": 22.241037}, "movement": {"avg_speed": 1480, "total_distance": 482852, "time_supersonic_speed": 47.33, "time_boost_speed": 126.13, "time_slow_speed": 175.52, "time_ground": 197.66, "time_low_air": 138.98, "time_high_air": 12.34, "time_powerslide": 5.19, "count_powerslide": 60, "avg_powerslide_duration": 0.09, "avg_speed_percentage": 64.347824, "percent_slow_speed": 50.295147, "percent_boost_speed": 36.142475, "percent_supersonic_speed": 13.562383, "percent_ground": 56.639347, "percent_low_air": 39.82463, "percent_high_air": 3.536019}, "positioning": {"avg_distance_to_ball": 2612, "avg_distance_to_ball_possession": 2335, "avg_distance_to_ball_no_possession": 2918, "avg_distance_to_mates": 3176, "time_defensive_third": 180.85, "time_neutral_third": 110.32, "time_offensive_third": 57.8, "time_defensive_half": 234.31, "time_offensive_half": 114.67, "time_behind_ball": 284.16, "time_infront_ball": 64.81, "time_most_back": 193.1, "time_most_forward": 138.9, "goals_against_while_last_defender": 1, "time_closest_to_ball": 137.7, "time_farthest_from_ball": 194.3, "percent_defensive_third": 51.82394, "percent_offensive_third": 16.563028, "percent_neutral_third": 31.613033, "percent_defensive_half": 67.14139, "percent_offensive_half": 32.85862, "percent_behind_ball": 81.4282, "percent_infront_ball": 18.571796, "percent_most_back": 56.976776, "percent_most_forward": 40.98433, "percent_closest_to_ball": 40.630257, "percent_farthest_from_ball": 57.330853}, "demo": {"inflicted": 0, "taken": 2}}}], "stats": {"ball": {"possession_time": 144.6, "time_in_side": 167.37}, "core": {"shots": 10, "shots_against": 7, "goals": 4, "goals_against": 2, "saves": 4, "assists": 2, "score": 1220, "shooting_percentage": 40}, "boost": {"bpm": 876, "bcpm": 913.1628, "avg_amount": 107, "amount_collected": 5158, "amount_stolen": 1129, "amount_collected_big": 3938, "amount_stolen_big": 830, "amount_collected_small": 1220, "amount_stolen_small": 299, "count_collected_big": 53, "count_stolen_big": 10, "count_collected_small": 112, "count_stolen_small": 30, "amount_overfill": 1378, "amount_overfill_stolen": 168, "amount_used_while_supersonic": 768, "time_zero_boost": 59.4, "time_full_boost": 87.79, "time_boost_0_25": 171.71, "time_boost_25_50": 202.94, "time_boost_50_75": 142.36, "time_boost_75_100": 174.23001}, "movement": {"total_distance": 1011216, "time_supersonic_speed": 128.65, "time_boost_speed": 239.94, "time_slow_speed": 337.08002, "time_ground": 423.35, "time_low_air": 257.35, "time_high_air": 24.970001, "time_powerslide": 11.74, "count_powerslide": 100}, "positioning": {"time_defensive_third": 352.24, "time_neutral_third": 226.65, "time_offensive_third": 126.759995, "time_defensive_half": 460.22, "time_offensive_half": 245.44, "time_behind_ball": 554.18, "time_infront_ball": 151.47}, "demo": {"inflicted": 3, "taken": 2}}}, "orange": {"color": "orange", "players": [{"start_time": 0, "end_time": 356.95013, "name": "Poptart 4569740", "id": {"platform": "xbox", "id": "dfac723bf7010900"}, "car_id": 4770, "car_name": "Dominus", "camera": {"fov": 110, "height": 80, "pitch": -4, "distance": 240, "stiffness": 0.3, "swivel_speed": 6, "transition_speed": 1.5}, "steering_sensitivity": 1.5, "stats": {"core": {"shots": 4, "shots_against": 10, "goals": 1, "goals_against": 4, "saves": 5, "assists": 1, "score": 625, "mvp": false, "shooting_percentage": 25}, "boost": {"bpm": 404, "bcpm": 410.72852, "avg_amount": 48.7, "amount_collected": 2320, "amount_stolen": 376, "amount_collected_big": 1655, "amount_stolen_big": 171, "amount_collected_small": 665, "amount_stolen_small": 205, "count_collected_big": 19, "count_stolen_big": 2, "count_collected_small": 58, "count_stolen_small": 18, "amount_overfill": 248, "amount_overfill_stolen": 32, "amount_used_while_supersonic": 602, "time_zero_boost": 41.32, "percent_zero_boost": 12.192027, "time_full_boost": 23.33, "percent_full_boost": 6.8838334, "time_boost_0_25": 128.46, "time_boost_25_50": 94.09, "time_boost_50_75": 46.17, "time_boost_75_100": 69.68, "percent_boost_0_25": 37.960995, "percent_boost_25_50": 27.804375, "percent_boost_50_75": 13.643618, "percent_boost_75_100": 20.591017}, "movement": {"avg_speed": 1458, "total_distance": 478485, "time_supersonic_speed": 46.95, "time_boost_speed": 126.65, "time_slow_speed": 178.62, "time_ground": 224.66, "time_low_air": 114.72, "time_high_air": 12.83, "time_powerslide": 3.16, "count_powerslide": 18, "avg_powerslide_duration": 0.18, "avg_speed_percentage": 63.391304, "percent_slow_speed": 50.712624, "percent_boost_speed": 35.95764, "percent_supersonic_speed": 13.329737, "percent_ground": 63.785812, "percent_low_air": 32.57148, "percent_high_air": 3.6427133}, "positioning": {"avg_distance_to_ball": 2401, "avg_distance_to_ball_possession": 2294, "avg_distance_to_ball_no_possession": 2455, "avg_distance_to_mates": 2901, "time_defensive_third": 167.21, "time_neutral_third": 105.72, "time_offensive_third": 79.29, "time_defensive_half": 217.15, "time_offensive_half": 135.07, "time_behind_ball": 262.71, "time_infront_ball": 89.51, "time_most_back": 162.4, "time_most_forward": 172, "goals_against_while_last_defender": 1, "time_closest_to_ball": 162.6, "time_farthest_from_ball": 171.8, "percent_defensive_third": 47.47317, "percent_offensive_third": 22.511497, "percent_neutral_third": 30.015331, "percent_defensive_half": 61.65181, "percent_offensive_half": 38.348194, "percent_behind_ball": 74.58691, "percent_infront_ball": 25.413094, "percent_most_back": 47.918324, "percent_most_forward": 50.750935, "percent_closest_to_ball": 47.97734, "percent_farthest_from_ball": 50.691925}, "demo": {"inflicted": 1, "taken": 2}}}, {"start_time": 0, "end_time": 356.95013, "name": "MeowMeowKing", "id": {"platform": "xbox", "id": "e7faa541f5010900"}, "car_id": 4284, "car_name": "Fennec", "camera": {"fov": 110, "height": 110, "pitch": -7, "distance": 300, "stiffness": 0.5, "swivel_speed": 5, "transition_speed": 1.5}, "steering_sensitivity": 1.5, "stats": {"core": {"shots": 3, "shots_against": 10, "goals": 1, "goals_against": 4, "saves": 2, "assists": 1, "score": 429, "mvp": false, "shooting_percentage": 33.333332}, "boost": {"bpm": 275, "bcpm": 270.16022, "avg_amount": 38.37, "amount_collected": 1526, "amount_stolen": 343, "amount_collected_big": 1052, "amount_stolen_big": 200, "amount_collected_small": 474, "amount_stolen_small": 143, "count_collected_big": 12, "count_stolen_big": 2, "count_collected_small": 44, "count_stolen_small": 13, "amount_overfill": 154, "amount_overfill_stolen": 0, "amount_used_while_supersonic": 189, "time_zero_boost": 44.82, "percent_zero_boost": 13.22475, "time_full_boost": 25.56, "percent_full_boost": 7.5418253, "time_boost_0_25": 142.54, "time_boost_25_50": 88.43, "time_boost_50_75": 36.2, "time_boost_75_100": 66.06, "percent_boost_0_25": 42.775257, "percent_boost_25_50": 26.537226, "percent_boost_50_75": 10.863367, "percent_boost_75_100": 19.824144}, "movement": {"avg_speed": 1405, "total_distance": 465253, "time_supersonic_speed": 34.48, "time_boost_speed": 119.99, "time_slow_speed": 199.32, "time_ground": 209.74, "time_low_air": 127.92, "time_high_air": 16.12, "time_powerslide": 6.28, "count_powerslide": 57, "avg_powerslide_duration": 0.11, "avg_speed_percentage": 61.086956, "percent_slow_speed": 56.338505, "percent_boost_speed": 33.9156, "percent_supersonic_speed": 9.745894, "percent_ground": 59.28543, "percent_low_air": 36.158066, "percent_high_air": 4.5565042}, "positioning": {"avg_distance_to_ball": 2174, "avg_distance_to_ball_possession": 1869, "avg_distance_to_ball_no_possession": 2438, "avg_distance_to_mates": 2901, "time_defensive_third": 159.33, "time_neutral_third": 130.93, "time_offensive_third": 63.52, "time_defensive_half": 217.44, "time_offensive_half": 136.34, "time_behind_ball": 272.15, "time_infront_ball": 81.62, "time_most_back": 177, "time_most_forward": 159.6, "goals_against_while_last_defender": 3, "time_closest_to_ball": 170.8, "time_farthest_from_ball": 165.8, "percent_defensive_third": 45.036465, "percent_offensive_third": 17.95466, "percent_neutral_third": 37.008873, "percent_defensive_half": 61.461926, "percent_offensive_half": 38.538074, "percent_behind_ball": 76.92851, "percent_infront_ball": 23.07149, "percent_most_back": 52.226254, "percent_most_forward": 47.09215, "percent_closest_to_ball": 50.39686, "percent_farthest_from_ball": 48.921543}, "demo": {"inflicted": 1, "taken": 1}}}], "stats": {"ball": {"possession_time": 140.65, "time_in_side": 161.22}, "core": {"shots": 7, "shots_against": 10, "goals": 2, "goals_against": 4, "saves": 7, "assists": 2, "score": 1054, "shooting_percentage": 28.571428}, "boost": {"bpm": 679, "bcpm": 680.88873, "avg_amount": 87.07, "amount_collected": 3846, "amount_stolen": 719, "amount_collected_big": 2707, "amount_stolen_big": 371, "amount_collected_small": 1139, "amount_stolen_small": 348, "count_collected_big": 31, "count_stolen_big": 4, "count_collected_small": 102, "count_stolen_small": 31, "amount_overfill": 402, "amount_overfill_stolen": 32, "amount_used_while_supersonic": 791, "time_zero_boost": 86.14, "time_full_boost": 48.89, "time_boost_0_25": 271, "time_boost_25_50": 182.51999, "time_boost_50_75": 82.369995, "time_boost_75_100": 135.73999}, "movement": {"total_distance": 943738, "time_supersonic_speed": 81.43, "time_boost_speed": 246.64, "time_slow_speed": 377.94, "time_ground": 434.40002, "time_low_air": 242.64, "time_high_air": 28.95, "time_powerslide": 9.440001, "count_powerslide": 75}, "positioning": {"time_defensive_third": 326.54, "time_neutral_third": 236.65, "time_offensive_third": 142.81, "time_defensive_half": 434.59, "time_offensive_half": 271.41, "time_behind_ball": 534.86, "time_infront_ball": 171.13}, "demo": {"inflicted": 2, "taken": 3}}}, "playlist_name": "Ranked Doubles", "map_name": "Beckwith Park (Stormy)", "server": {"name": "USC1-0CA60D95AE19E6E6E-Azimuth", "region": "USC"}}