{"id": "594032c2-81f9-4a1f-87e6-b374b06767a4", "link": "https://ballchasing.com/api/replays/594032c2-81f9-4a1f-87e6-b374b06767a4", "created": "2025-07-20T04:49:30.391858Z", "uploader": {"steam_id": "76561198167885099", "name": "n o a h", "profile_url": "https://steamcommunity.com/id/Zermah/", "avatar": "https://avatars.steamstatic.com/1cbf3880830cdc652b673f09b13c212b1feb24aa.jpg"}, "status": "ok", "rocket_league_id": "B5018C56410EB046AEA704965A41F1E0", "match_guid": "DA49DE6E11F06523F94B4CAF9E4B686F", "title": "2025-07-19.23.49 n o a h Ranked Doubles Loss", "map_code": "trainstation_night_p", "match_type": "Online", "team_size": 2, "playlist_id": "ranked-doubles", "duration": 395, "overtime": true, "overtime_seconds": 21, "season": 19, "season_type": "free2play", "date": "2025-07-19T23:49:27-05:00", "date_has_timezone": true, "visibility": "public", "min_rank": {"id": "grand-champion", "tier": 19, "division": 1, "name": "Grand Champion I Division 1"}, "max_rank": {"id": "grand-champion", "tier": 19, "division": 1, "name": "Grand Champion I Division 1"}, "groups": [{"id": "replay-analysis-j2e0c8rw06", "name": "Replay Analysis", "link": "https://ballchasing.com/api/groups/replay-analysis-j2e0c8rw06"}], "blue": {"color": "blue", "players": [{"start_time": 0, "end_time": 395.78928, "name": "claymercs15", "id": {"platform": "epic", "id": "33a6236f5cf044ba977ff0d640b69d3f"}, "mvp": true, "car_id": 4284, "car_name": "Fennec", "camera": {"fov": 110, "height": 100, "pitch": -4, "distance": 270, "stiffness": 0.6, "swivel_speed": 5, "transition_speed": 1.7}, "steering_sensitivity": 1, "stats": {"core": {"shots": 6, "shots_against": 6, "goals": 3, "goals_against": 3, "saves": 0, "assists": 1, "score": 672, "mvp": true, "shooting_percentage": 50}, "boost": {"bpm": 394, "bcpm": 432.8832, "avg_amount": 50.48, "amount_collected": 2682, "amount_stolen": 557, "amount_collected_big": 2135, "amount_stolen_big": 386, "amount_collected_small": 547, "amount_stolen_small": 171, "count_collected_big": 26, "count_stolen_big": 5, "count_collected_small": 54, "count_stolen_small": 17, "amount_overfill": 496, "amount_overfill_stolen": 130, "amount_used_while_supersonic": 246, "time_zero_boost": 66.34, "percent_zero_boost": 17.845806, "time_full_boost": 38.98, "percent_full_boost": 10.485824, "time_boost_0_25": 129.31, "time_boost_25_50": 82.25, "time_boost_50_75": 56.52, "time_boost_75_100": 107.48, "percent_boost_0_25": 34.431248, "percent_boost_25_50": 21.900629, "percent_boost_50_75": 15.049526, "percent_boost_75_100": 28.618597}, "movement": {"avg_speed": 1497, "total_distance": 535731, "time_supersonic_speed": 38.85, "time_boost_speed": 167.68, "time_slow_speed": 182.44, "time_ground": 249.46, "time_low_air": 126.81, "time_high_air": 12.69, "time_powerslide": 6.51, "count_powerslide": 66, "avg_powerslide_duration": 0.1, "avg_speed_percentage": 65.08696, "percent_slow_speed": 46.90336, "percent_boost_speed": 43.108723, "percent_supersonic_speed": 9.987916, "percent_ground": 64.135124, "percent_low_air": 32.60232, "percent_high_air": 3.262546}, "positioning": {"avg_distance_to_ball": 2969, "avg_distance_to_ball_possession": 2743, "avg_distance_to_ball_no_possession": 3177, "avg_distance_to_mates": 3534, "time_defensive_third": 153.59, "time_neutral_third": 146.26, "time_offensive_third": 89.11, "time_defensive_half": 230.63, "time_offensive_half": 158.34, "time_behind_ball": 284.64, "time_infront_ball": 104.32, "time_most_back": 174.5, "time_most_forward": 195.9, "time_closest_to_ball": 165.5, "time_farthest_from_ball": 204.6, "percent_defensive_third": 39.48735, "percent_offensive_third": 22.909811, "percent_neutral_third": 37.602837, "percent_defensive_half": 59.292492, "percent_offensive_half": 40.707508, "percent_behind_ball": 73.17976, "percent_infront_ball": 26.820236, "percent_most_back": 46.94141, "percent_most_forward": 52.698124, "percent_closest_to_ball": 44.520367, "percent_farthest_from_ball": 55.038467}, "demo": {"inflicted": 0, "taken": 2}}}, {"start_time": 0, "end_time": 395.78928, "name": "monty", "id": {"platform": "steam", "id": "76561198867803923"}, "car_id": 4284, "car_name": "Fennec", "camera": {"fov": 110, "height": 90, "pitch": -4, "distance": 300, "stiffness": 0.45, "swivel_speed": 4.2, "transition_speed": 1.2}, "steering_sensitivity": 1.4, "stats": {"core": {"shots": 4, "shots_against": 6, "goals": 1, "goals_against": 3, "saves": 1, "assists": 2, "score": 460, "mvp": false, "shooting_percentage": 25}, "boost": {"bpm": 343, "bcpm": 356.2167, "avg_amount": 52.63, "amount_collected": 2207, "amount_stolen": 721, "amount_collected_big": 1563, "amount_stolen_big": 467, "amount_collected_small": 644, "amount_stolen_small": 254, "count_collected_big": 20, "count_stolen_big": 6, "count_collected_small": 59, "count_stolen_small": 24, "amount_overfill": 473, "amount_overfill_stolen": 147, "amount_used_while_supersonic": 269, "time_zero_boost": 27.47, "percent_zero_boost": 7.3895736, "time_full_boost": 60.26, "percent_full_boost": 16.210255, "time_boost_0_25": 93.75, "time_boost_25_50": 87.72, "time_boost_50_75": 85.74, "time_boost_75_100": 109.41, "percent_boost_0_25": 24.892466, "percent_boost_25_50": 23.291382, "percent_boost_50_75": 22.765654, "percent_boost_75_100": 29.050503}, "movement": {"avg_speed": 1515, "total_distance": 552133, "time_supersonic_speed": 50.24, "time_boost_speed": 150.93, "time_slow_speed": 193.72, "time_ground": 213.88, "time_low_air": 157.29, "time_high_air": 23.73, "time_powerslide": 5.25, "count_powerslide": 60, "avg_powerslide_duration": 0.09, "avg_speed_percentage": 65.86957, "percent_slow_speed": 49.0567, "percent_boost_speed": 38.220768, "percent_supersonic_speed": 12.72253, "percent_ground": 54.16055, "percent_low_air": 39.830334, "percent_high_air": 6.009116}, "positioning": {"avg_distance_to_ball": 2598, "avg_distance_to_ball_possession": 2312, "avg_distance_to_ball_no_possession": 2769, "avg_distance_to_mates": 3534, "time_defensive_third": 166.09, "time_neutral_third": 141.13, "time_offensive_third": 87.67, "time_defensive_half": 244.25, "time_offensive_half": 150.64, "time_behind_ball": 307.73, "time_infront_ball": 87.17, "time_most_back": 200.2, "time_most_forward": 172.8, "goals_against_while_last_defender": 3, "time_closest_to_ball": 202.9, "time_farthest_from_ball": 170.5, "percent_defensive_third": 42.059814, "percent_offensive_third": 22.201118, "percent_neutral_third": 35.739067, "percent_defensive_half": 61.852665, "percent_offensive_half": 38.14733, "percent_behind_ball": 77.926056, "percent_infront_ball": 22.073942, "percent_most_back": 53.854847, "percent_most_forward": 46.484104, "percent_closest_to_ball": 54.58116, "percent_farthest_from_ball": 45.86539}, "demo": {"inflicted": 3, "taken": 0}}}], "stats": {"ball": {"possession_time": 127.8, "time_in_side": 164.6}, "core": {"shots": 10, "shots_against": 6, "goals": 4, "goals_against": 3, "saves": 1, "assists": 3, "score": 1132, "shooting_percentage": 40}, "boost": {"bpm": 737, "bcpm": 789.0999, "avg_amount": 103.11, "amount_collected": 4889, "amount_stolen": 1278, "amount_collected_big": 3698, "amount_stolen_big": 853, "amount_collected_small": 1191, "amount_stolen_small": 425, "count_collected_big": 46, "count_stolen_big": 11, "count_collected_small": 113, "count_stolen_small": 41, "amount_overfill": 969, "amount_overfill_stolen": 277, "amount_used_while_supersonic": 515, "time_zero_boost": 93.81, "time_full_boost": 99.24, "time_boost_0_25": 223.06, "time_boost_25_50": 169.97, "time_boost_50_75": 142.26, "time_boost_75_100": 216.89001}, "movement": {"total_distance": 1087864, "time_supersonic_speed": 89.09, "time_boost_speed": 318.61, "time_slow_speed": 376.16, "time_ground": 463.34003, "time_low_air": 284.09998, "time_high_air": 36.42, "time_powerslide": 11.76, "count_powerslide": 126}, "positioning": {"time_defensive_third": 319.68, "time_neutral_third": 287.39, "time_offensive_third": 176.78, "time_defensive_half": 474.88, "time_offensive_half": 308.97998, "time_behind_ball": 592.37, "time_infront_ball": 191.48999}, "demo": {"inflicted": 3, "taken": 2}}}, "orange": {"color": "orange", "players": [{"start_time": 0, "end_time": 395.78928, "name": "Respawn", "id": {"platform": "steam", "id": "76561198180060955"}, "car_id": 4284, "car_name": "Fennec", "camera": {"fov": 110, "height": 100, "pitch": -3, "distance": 260, "stiffness": 0.6, "swivel_speed": 3.5, "transition_speed": 1.7}, "steering_sensitivity": 1.3, "stats": {"core": {"shots": 3, "shots_against": 10, "goals": 3, "goals_against": 4, "saves": 3, "assists": 0, "score": 760, "mvp": false, "shooting_percentage": 100}, "boost": {"bpm": 460, "bcpm": 505.51462, "avg_amount": 43.82, "amount_collected": 3132, "amount_stolen": 661, "amount_collected_big": 2249, "amount_stolen_big": 395, "amount_collected_small": 883, "amount_stolen_small": 266, "count_collected_big": 26, "count_stolen_big": 4, "count_collected_small": 70, "count_stolen_small": 24, "amount_overfill": 303, "amount_overfill_stolen": 14, "amount_used_while_supersonic": 272, "time_zero_boost": 67.86, "percent_zero_boost": 18.254694, "time_full_boost": 38.88, "percent_full_boost": 10.458923, "time_boost_0_25": 151.69, "time_boost_25_50": 97.6, "time_boost_50_75": 55.93, "time_boost_75_100": 78.2, "percent_boost_0_25": 39.562363, "percent_boost_25_50": 25.455116, "percent_boost_50_75": 14.587137, "percent_boost_75_100": 20.395388}, "movement": {"avg_speed": 1571, "total_distance": 562647, "time_supersonic_speed": 71.17, "time_boost_speed": 144.65, "time_slow_speed": 174.12, "time_ground": 211.78, "time_low_air": 153.09, "time_high_air": 25.06, "time_powerslide": 4.77, "count_powerslide": 35, "avg_powerslide_duration": 0.14, "avg_speed_percentage": 68.304344, "percent_slow_speed": 44.653023, "percent_boost_speed": 37.095448, "percent_supersonic_speed": 18.251526, "percent_ground": 54.312313, "percent_low_air": 39.260895, "percent_high_air": 6.4267945}, "positioning": {"avg_distance_to_ball": 2345, "avg_distance_to_ball_possession": 2141, "avg_distance_to_ball_no_possession": 2576, "avg_distance_to_mates": 3287, "time_defensive_third": 188.64, "time_neutral_third": 126.91, "time_offensive_third": 74.37, "time_defensive_half": 251.35, "time_offensive_half": 138.59, "time_behind_ball": 284.92, "time_infront_ball": 105.02, "time_most_back": 178.1, "time_most_forward": 194.2, "goals_against_while_last_defender": 3, "time_closest_to_ball": 205.3, "time_farthest_from_ball": 167.3, "percent_defensive_third": 48.379154, "percent_offensive_third": 19.073143, "percent_neutral_third": 32.547703, "percent_defensive_half": 64.45863, "percent_offensive_half": 35.541367, "percent_behind_ball": 73.06766, "percent_infront_ball": 26.932348, "percent_most_back": 47.909832, "percent_most_forward": 52.240814, "percent_closest_to_ball": 55.226772, "percent_farthest_from_ball": 45.004574}, "demo": {"inflicted": 1, "taken": 1}}}, {"start_time": 0, "end_time": 395.78928, "name": "n o a h", "id": {"platform": "steam", "id": "76561198167885099"}, "rank": {"id": "grand-champion", "tier": 19, "division": 1, "name": "Grand Champion I Division 1"}, "car_id": 23, "car_name": "Octane", "camera": {"fov": 110, "height": 90, "pitch": -5, "distance": 270, "stiffness": 0.55, "swivel_speed": 3, "transition_speed": 1.1}, "steering_sensitivity": 1.3, "stats": {"core": {"shots": 3, "shots_against": 10, "goals": 0, "goals_against": 4, "saves": 2, "assists": 3, "score": 485, "mvp": false, "shooting_percentage": 0}, "boost": {"bpm": 404, "bcpm": 399.95697, "avg_amount": 53.56, "amount_collected": 2478, "amount_stolen": 416, "amount_collected_big": 1709, "amount_stolen_big": 296, "amount_collected_small": 769, "amount_stolen_small": 120, "count_collected_big": 21, "count_stolen_big": 3, "count_collected_small": 68, "count_stolen_small": 11, "amount_overfill": 129, "amount_overfill_stolen": 6, "amount_used_while_supersonic": 521, "time_zero_boost": 30.1, "percent_zero_boost": 8.097057, "time_full_boost": 40.19, "percent_full_boost": 10.811319, "time_boost_0_25": 88.56, "time_boost_25_50": 97.38, "time_boost_50_75": 81.82, "time_boost_75_100": 110.81, "percent_boost_0_25": 23.393295, "percent_boost_25_50": 25.723116, "percent_boost_50_75": 21.612911, "percent_boost_75_100": 29.270676}, "movement": {"avg_speed": 1534, "total_distance": 547013, "time_supersonic_speed": 48.7, "time_boost_speed": 150.64, "time_slow_speed": 187.18, "time_ground": 244.5, "time_low_air": 128.61, "time_high_air": 13.4, "time_powerslide": 4.99, "count_powerslide": 56, "avg_powerslide_duration": 0.09, "avg_speed_percentage": 66.695656, "percent_slow_speed": 48.426987, "percent_boost_speed": 38.9734, "percent_supersonic_speed": 12.5996065, "percent_ground": 63.258392, "percent_low_air": 33.274693, "percent_high_air": 3.466922}, "positioning": {"avg_distance_to_ball": 2573, "avg_distance_to_ball_possession": 2443, "avg_distance_to_ball_no_possession": 2647, "avg_distance_to_mates": 3287, "time_defensive_third": 202.92, "time_neutral_third": 114.72, "time_offensive_third": 68.87, "time_defensive_half": 278.43, "time_offensive_half": 108.09, "time_behind_ball": 264.59, "time_infront_ball": 121.92, "time_most_back": 194.7, "time_most_forward": 180.1, "goals_against_while_last_defender": 1, "time_closest_to_ball": 170.6, "time_farthest_from_ball": 203.8, "percent_defensive_third": 52.50058, "percent_offensive_third": 17.818428, "percent_neutral_third": 29.68099, "percent_defensive_half": 72.03509, "percent_offensive_half": 27.964918, "percent_behind_ball": 68.456184, "percent_infront_ball": 31.543814, "percent_most_back": 52.375317, "percent_most_forward": 48.44784, "percent_closest_to_ball": 45.892292, "percent_farthest_from_ball": 54.823265}, "demo": {"inflicted": 1, "taken": 2}}}], "stats": {"ball": {"possession_time": 168.18, "time_in_side": 195.15}, "core": {"shots": 6, "shots_against": 10, "goals": 3, "goals_against": 4, "saves": 5, "assists": 3, "score": 1245, "shooting_percentage": 50}, "boost": {"bpm": 864, "bcpm": 905.47156, "avg_amount": 97.380005, "amount_collected": 5610, "amount_stolen": 1077, "amount_collected_big": 3958, "amount_stolen_big": 691, "amount_collected_small": 1652, "amount_stolen_small": 386, "count_collected_big": 47, "count_stolen_big": 7, "count_collected_small": 138, "count_stolen_small": 35, "amount_overfill": 432, "amount_overfill_stolen": 20, "amount_used_while_supersonic": 793, "time_zero_boost": 97.96, "time_full_boost": 79.07, "time_boost_0_25": 240.25, "time_boost_25_50": 194.98, "time_boost_50_75": 137.75, "time_boost_75_100": 189.01}, "movement": {"total_distance": 1109660, "time_supersonic_speed": 119.869995, "time_boost_speed": 295.28998, "time_slow_speed": 361.3, "time_ground": 456.28, "time_low_air": 281.7, "time_high_air": 38.46, "time_powerslide": 9.76, "count_powerslide": 91}, "positioning": {"time_defensive_third": 391.56, "time_neutral_third": 241.63, "time_offensive_third": 143.24, "time_defensive_half": 529.78, "time_offensive_half": 246.68, "time_behind_ball": 549.51, "time_infront_ball": 226.94}, "demo": {"inflicted": 2, "taken": 3}}}, "playlist_name": "Ranked Doubles", "map_name": "Urban Central (Night)", "server": {"name": "USE1-05048226744611603-Rhino2", "region": "USE"}}