{"id": "5c52d636-1692-4ba6-ab07-29bedad2f00d", "link": "https://ballchasing.com/api/replays/5c52d636-1692-4ba6-ab07-29bedad2f00d", "created": "2025-07-19T14:35:30.654837Z", "uploader": {"steam_id": "76561198167885099", "name": "n o a h", "profile_url": "https://steamcommunity.com/id/Zermah/", "avatar": "https://avatars.steamstatic.com/1cbf3880830cdc652b673f09b13c212b1feb24aa.jpg"}, "status": "ok", "rocket_league_id": "2C13FE4E11F0644FD823C9A11C972E74", "match_guid": "5E1614FA11F0644EA86FC9A17AC938C8", "title": "replay redown 7", "map_code": "eurostadium_dusk_p", "match_type": "Online", "team_size": 2, "playlist_id": "ranked-doubles", "duration": 317, "overtime": false, "season": 19, "season_type": "free2play", "date": "2025-07-19T01:19:25Z", "date_has_timezone": false, "visibility": "public", "groups": [{"id": "replay-analysis-j2e0c8rw06", "name": "Replay Analysis", "link": "https://ballchasing.com/api/groups/replay-analysis-j2e0c8rw06"}], "blue": {"color": "blue", "players": [{"start_time": 0, "end_time": 317.68958, "name": "Crossbar_Chris", "id": {"platform": "epic", "id": "8e30e6a6fc764d5094629c20713cb56f"}, "car_id": 4284, "car_name": "Fennec", "camera": {"fov": 108, "height": 100, "pitch": -5, "distance": 270, "stiffness": 0.4, "swivel_speed": 5, "transition_speed": 1.2}, "steering_sensitivity": 2.5, "stats": {"core": {"shots": 5, "shots_against": 5, "goals": 0, "goals_against": 2, "saves": 1, "assists": 0, "score": 360, "mvp": false, "shooting_percentage": 0}, "boost": {"bpm": 402, "bcpm": 401.784, "avg_amount": 51.96, "amount_collected": 2087, "amount_stolen": 314, "amount_collected_big": 1506, "amount_stolen_big": 100, "amount_collected_small": 581, "amount_stolen_small": 214, "count_collected_big": 21, "count_stolen_big": 2, "count_collected_small": 50, "count_stolen_small": 18, "amount_overfill": 605, "amount_overfill_stolen": 100, "amount_used_while_supersonic": 317, "time_zero_boost": 21.83, "percent_zero_boost": 7.004428, "time_full_boost": 49.03, "percent_full_boost": 15.731887, "time_boost_0_25": 95.37, "time_boost_25_50": 67.35, "time_boost_50_75": 68.77, "time_boost_75_100": 82.39, "percent_boost_0_25": 30.384222, "percent_boost_25_50": 21.457245, "percent_boost_50_75": 21.909645, "percent_boost_75_100": 26.248884}, "movement": {"avg_speed": 1529, "total_distance": 473297, "time_supersonic_speed": 43.78, "time_boost_speed": 131.43, "time_slow_speed": 142.2, "time_ground": 184.93, "time_low_air": 107.85, "time_high_air": 24.63, "time_powerslide": 5.37, "count_powerslide": 45, "avg_powerslide_duration": 0.12, "avg_speed_percentage": 66.478264, "percent_slow_speed": 44.8001, "percent_boost_speed": 41.40701, "percent_supersonic_speed": 13.792886, "percent_ground": 58.262184, "percent_low_air": 33.978134, "percent_high_air": 7.75968}, "positioning": {"avg_distance_to_ball": 2356, "avg_distance_to_ball_possession": 2047, "avg_distance_to_ball_no_possession": 2628, "avg_distance_to_mates": 3441, "time_defensive_third": 134.2, "time_neutral_third": 100.97, "time_offensive_third": 82.24, "time_defensive_half": 187.48, "time_offensive_half": 129.94, "time_behind_ball": 227.52, "time_infront_ball": 89.9, "time_most_back": 151.2, "time_most_forward": 160.1, "goals_against_while_last_defender": 1, "time_closest_to_ball": 171.7, "time_farthest_from_ball": 139.6, "percent_defensive_third": 42.2797, "percent_offensive_third": 25.909706, "percent_neutral_third": 31.81059, "percent_defensive_half": 59.063705, "percent_offensive_half": 40.936302, "percent_behind_ball": 71.6779, "percent_infront_ball": 28.322096, "percent_most_back": 48.514404, "percent_most_forward": 51.370087, "percent_closest_to_ball": 55.092087, "percent_farthest_from_ball": 44.792404}, "demo": {"inflicted": 1, "taken": 0}}}, {"start_time": 0, "end_time": 317.68958, "name": "Ktwb88", "id": {"platform": "steam", "id": "76561198841914762"}, "car_id": 23, "car_name": "Octane", "camera": {"fov": 110, "height": 90, "pitch": -4, "distance": 280, "stiffness": 0.6, "swivel_speed": 5, "transition_speed": 1.8}, "steering_sensitivity": 1.15, "stats": {"core": {"shots": 2, "shots_against": 5, "goals": 0, "goals_against": 2, "saves": 1, "assists": 0, "score": 193, "mvp": false, "shooting_percentage": 0}, "boost": {"bpm": 407, "bcpm": 418.91806, "avg_amount": 50.07, "amount_collected": 2176, "amount_stolen": 543, "amount_collected_big": 1536, "amount_stolen_big": 336, "amount_collected_small": 640, "amount_stolen_small": 207, "count_collected_big": 19, "count_stolen_big": 4, "count_collected_small": 59, "count_stolen_small": 20, "amount_overfill": 377, "amount_overfill_stolen": 67, "amount_used_while_supersonic": 318, "time_zero_boost": 48.13, "percent_zero_boost": 15.44311, "time_full_boost": 35.97, "percent_full_boost": 11.541423, "time_boost_0_25": 89.32, "time_boost_25_50": 74.74, "time_boost_50_75": 60.36, "time_boost_75_100": 83.83, "percent_boost_0_25": 28.97648, "percent_boost_25_50": 24.246553, "percent_boost_50_75": 19.581509, "percent_boost_75_100": 27.195457}, "movement": {"avg_speed": 1639, "total_distance": 501096, "time_supersonic_speed": 55.22, "time_boost_speed": 144.09, "time_slow_speed": 113.89, "time_ground": 170.38, "time_low_air": 112.33, "time_high_air": 30.48, "time_powerslide": 5.82, "count_powerslide": 64, "avg_powerslide_duration": 0.09, "avg_speed_percentage": 71.26087, "percent_slow_speed": 36.36335, "percent_boost_speed": 46.00575, "percent_supersonic_speed": 17.630907, "percent_ground": 54.401474, "percent_low_air": 35.8664, "percent_high_air": 9.73211}, "positioning": {"avg_distance_to_ball": 2768, "avg_distance_to_ball_possession": 2546, "avg_distance_to_ball_no_possession": 3027, "avg_distance_to_mates": 3441, "time_defensive_third": 143.3, "time_neutral_third": 89.06, "time_offensive_third": 80.84, "time_defensive_half": 195.25, "time_offensive_half": 117.94, "time_behind_ball": 214.8, "time_infront_ball": 98.39, "time_most_back": 158.8, "time_most_forward": 148.3, "goals_against_while_last_defender": 1, "time_closest_to_ball": 136.8, "time_farthest_from_ball": 170.3, "percent_defensive_third": 45.75351, "percent_offensive_third": 25.810982, "percent_neutral_third": 28.435503, "percent_defensive_half": 62.342346, "percent_offensive_half": 37.65765, "percent_behind_ball": 68.584564, "percent_infront_ball": 31.415434, "percent_most_back": 50.95296, "percent_most_forward": 47.583904, "percent_closest_to_ball": 43.893986, "percent_farthest_from_ball": 54.64288}, "demo": {"inflicted": 1, "taken": 1}}}], "stats": {"ball": {"possession_time": 152, "time_in_side": 150.57}, "core": {"shots": 7, "shots_against": 5, "goals": 0, "goals_against": 2, "saves": 2, "assists": 0, "score": 553, "shooting_percentage": 0}, "boost": {"bpm": 809, "bcpm": 820.702, "avg_amount": 102.03, "amount_collected": 4263, "amount_stolen": 857, "amount_collected_big": 3042, "amount_stolen_big": 436, "amount_collected_small": 1221, "amount_stolen_small": 421, "count_collected_big": 40, "count_stolen_big": 6, "count_collected_small": 109, "count_stolen_small": 38, "amount_overfill": 982, "amount_overfill_stolen": 167, "amount_used_while_supersonic": 635, "time_zero_boost": 69.96, "time_full_boost": 85, "time_boost_0_25": 184.69, "time_boost_25_50": 142.09, "time_boost_50_75": 129.13, "time_boost_75_100": 166.22}, "movement": {"total_distance": 974393, "time_supersonic_speed": 99, "time_boost_speed": 275.52, "time_slow_speed": 256.09, "time_ground": 355.31, "time_low_air": 220.18, "time_high_air": 55.11, "time_powerslide": 11.190001, "count_powerslide": 109}, "positioning": {"time_defensive_third": 277.5, "time_neutral_third": 190.03, "time_offensive_third": 163.07999, "time_defensive_half": 382.72998, "time_offensive_half": 247.88, "time_behind_ball": 442.32, "time_infront_ball": 188.29001}, "demo": {"inflicted": 2, "taken": 1}}}, "orange": {"color": "orange", "players": [{"start_time": 0, "end_time": 317.68958, "name": "Respawn", "id": {"platform": "steam", "id": "76561198180060955"}, "mvp": true, "car_id": 4284, "car_name": "Fennec", "camera": {"fov": 110, "height": 100, "pitch": -3, "distance": 260, "stiffness": 0.6, "swivel_speed": 3.5, "transition_speed": 1.7}, "steering_sensitivity": 1.3, "stats": {"core": {"shots": 1, "shots_against": 7, "goals": 1, "goals_against": 0, "saves": 2, "assists": 0, "score": 438, "mvp": true, "shooting_percentage": 100}, "boost": {"bpm": 481, "bcpm": 508.6312, "avg_amount": 51.54, "amount_collected": 2642, "amount_stolen": 962, "amount_collected_big": 1896, "amount_stolen_big": 609, "amount_collected_small": 746, "amount_stolen_small": 353, "count_collected_big": 26, "count_stolen_big": 8, "count_collected_small": 66, "count_stolen_small": 30, "amount_overfill": 714, "amount_overfill_stolen": 190, "amount_used_while_supersonic": 456, "time_zero_boost": 38.23, "percent_zero_boost": 12.266572, "time_full_boost": 37.4, "percent_full_boost": 12.0002575, "time_boost_0_25": 89.09, "time_boost_25_50": 72.24, "time_boost_50_75": 74.05, "time_boost_75_100": 81.49, "percent_boost_0_25": 28.115631, "percent_boost_25_50": 22.797993, "percent_boost_50_75": 23.369207, "percent_boost_75_100": 25.71717}, "movement": {"avg_speed": 1614, "total_distance": 500413, "time_supersonic_speed": 59.24, "time_boost_speed": 130.36, "time_slow_speed": 128.09, "time_ground": 196.81, "time_low_air": 98.01, "time_high_air": 22.88, "time_powerslide": 4.68, "count_powerslide": 31, "avg_powerslide_duration": 0.15, "avg_speed_percentage": 70.17391, "percent_slow_speed": 40.31918, "percent_boost_speed": 41.03371, "percent_supersonic_speed": 18.647108, "percent_ground": 61.948376, "percent_low_air": 30.849857, "percent_high_air": 7.201762}, "positioning": {"avg_distance_to_ball": 2446, "avg_distance_to_ball_possession": 2102, "avg_distance_to_ball_no_possession": 2684, "avg_distance_to_mates": 3598, "time_defensive_third": 135.23, "time_neutral_third": 105.88, "time_offensive_third": 76.57, "time_defensive_half": 183.75, "time_offensive_half": 133.94, "time_behind_ball": 231.56, "time_infront_ball": 86.13, "time_most_back": 134.8, "time_most_forward": 178.1, "time_closest_to_ball": 168.3, "time_farthest_from_ball": 144.6, "percent_defensive_third": 42.567993, "percent_offensive_third": 24.10287, "percent_neutral_third": 33.329136, "percent_defensive_half": 57.8394, "percent_offensive_half": 42.160595, "percent_behind_ball": 72.888664, "percent_infront_ball": 27.111334, "percent_most_back": 43.252262, "percent_most_forward": 57.145607, "percent_closest_to_ball": 54.001156, "percent_farthest_from_ball": 46.396717}, "demo": {"inflicted": 1, "taken": 0}}}, {"start_time": 0, "end_time": 317.68958, "name": "n o a h", "id": {"platform": "steam", "id": "76561198167885099"}, "car_id": 23, "car_name": "Octane", "camera": {"fov": 110, "height": 90, "pitch": -5, "distance": 270, "stiffness": 0.55, "swivel_speed": 3, "transition_speed": 1.1}, "steering_sensitivity": 1.3, "stats": {"core": {"shots": 4, "shots_against": 7, "goals": 1, "goals_against": 0, "saves": 2, "assists": 0, "score": 421, "mvp": false, "shooting_percentage": 25}, "boost": {"bpm": 376, "bcpm": 385.61252, "avg_amount": 52.55, "amount_collected": 2003, "amount_stolen": 385, "amount_collected_big": 1275, "amount_stolen_big": 268, "amount_collected_small": 728, "amount_stolen_small": 117, "count_collected_big": 17, "count_stolen_big": 3, "count_collected_small": 62, "count_stolen_small": 10, "amount_overfill": 454, "amount_overfill_stolen": 31, "amount_used_while_supersonic": 315, "time_zero_boost": 19.81, "percent_zero_boost": 6.3562856, "time_full_boost": 36.39, "percent_full_boost": 11.676186, "time_boost_0_25": 94.36, "time_boost_25_50": 72.46, "time_boost_50_75": 53.1, "time_boost_75_100": 84.99, "percent_boost_0_25": 30.946836, "percent_boost_25_50": 23.764389, "percent_boost_50_75": 17.414974, "percent_boost_75_100": 27.873798}, "movement": {"avg_speed": 1521, "total_distance": 462156, "time_supersonic_speed": 44.39, "time_boost_speed": 120.41, "time_slow_speed": 146.83, "time_ground": 191.4, "time_low_air": 110.58, "time_high_air": 9.65, "time_powerslide": 5.03, "count_powerslide": 64, "avg_powerslide_duration": 0.08, "avg_speed_percentage": 66.13043, "percent_slow_speed": 47.11677, "percent_boost_speed": 38.63877, "percent_supersonic_speed": 14.244456, "percent_ground": 61.418995, "percent_low_air": 35.48439, "percent_high_air": 3.096621}, "positioning": {"avg_distance_to_ball": 2793, "avg_distance_to_ball_possession": 2730, "avg_distance_to_ball_no_possession": 2920, "avg_distance_to_mates": 3598, "time_defensive_third": 150.64, "time_neutral_third": 113.16, "time_offensive_third": 47.82, "time_defensive_half": 222.71, "time_offensive_half": 88.92, "time_behind_ball": 245.18, "time_infront_ball": 66.44, "time_most_back": 178.1, "time_most_forward": 128.9, "time_closest_to_ball": 138.7, "time_farthest_from_ball": 168.3, "percent_defensive_third": 48.340927, "percent_offensive_third": 15.3456135, "percent_neutral_third": 36.313457, "percent_defensive_half": 71.46616, "percent_offensive_half": 28.533838, "percent_behind_ball": 78.67916, "percent_infront_ball": 21.320839, "percent_most_back": 57.145607, "percent_most_forward": 41.35917, "percent_closest_to_ball": 44.503624, "percent_farthest_from_ball": 54.001156}, "demo": {"inflicted": 0, "taken": 2}}}], "stats": {"ball": {"possession_time": 135.22, "time_in_side": 159.12}, "core": {"shots": 5, "shots_against": 7, "goals": 2, "goals_against": 0, "saves": 4, "assists": 0, "score": 859, "shooting_percentage": 40}, "boost": {"bpm": 857, "bcpm": 894.2437, "avg_amount": 104.09, "amount_collected": 4645, "amount_stolen": 1347, "amount_collected_big": 3171, "amount_stolen_big": 877, "amount_collected_small": 1474, "amount_stolen_small": 470, "count_collected_big": 43, "count_stolen_big": 11, "count_collected_small": 128, "count_stolen_small": 40, "amount_overfill": 1168, "amount_overfill_stolen": 221, "amount_used_while_supersonic": 771, "time_zero_boost": 58.04, "time_full_boost": 73.79, "time_boost_0_25": 183.45, "time_boost_25_50": 144.7, "time_boost_50_75": 127.15, "time_boost_75_100": 166.48}, "movement": {"total_distance": 962569, "time_supersonic_speed": 103.630005, "time_boost_speed": 250.77, "time_slow_speed": 274.91998, "time_ground": 388.21, "time_low_air": 208.59, "time_high_air": 32.53, "time_powerslide": 9.71, "count_powerslide": 95}, "positioning": {"time_defensive_third": 285.87, "time_neutral_third": 219.04001, "time_offensive_third": 124.39, "time_defensive_half": 406.46002, "time_offensive_half": 222.86, "time_behind_ball": 476.74, "time_infront_ball": 152.57}, "demo": {"inflicted": 1, "taken": 2}}}, "playlist_name": "Ranked Doubles", "map_name": "Mannfield (Dusk)", "server": {"name": "USC1-0A0A841F6E4127558-Telemetry", "region": "USC"}}