{"id": "5c99aa3e-1d0c-4c6e-9d7d-1f18b5751b28", "link": "https://ballchasing.com/api/replays/5c99aa3e-1d0c-4c6e-9d7d-1f18b5751b28", "created": "2025-07-19T14:28:08.619796Z", "uploader": {"steam_id": "76561198167885099", "name": "n o a h", "profile_url": "https://steamcommunity.com/id/Zermah/", "avatar": "https://avatars.steamstatic.com/1cbf3880830cdc652b673f09b13c212b1feb24aa.jpg"}, "status": "ok", "rocket_league_id": "9B8E297E43B952553E41499C94A86B3F", "match_guid": "1ABC827211F06451460AEDB461C00416", "title": "2025-07-18.22.38 n o a h Ranked Doubles Win", "map_code": "street_p", "match_type": "Online", "team_size": 2, "playlist_id": "ranked-doubles", "duration": 249, "overtime": false, "season": 19, "season_type": "free2play", "date": "2025-07-18T22:38:13-05:00", "date_has_timezone": true, "visibility": "public", "min_rank": {"id": "champion-3", "tier": 18, "division": 2, "name": "Champion III Division 2"}, "max_rank": {"id": "grand-champion", "tier": 19, "division": 3, "name": "Grand Champion I Division 3"}, "groups": [{"id": "replay-analysis-j2e0c8rw06", "name": "Replay Analysis", "link": "https://ballchasing.com/api/groups/replay-analysis-j2e0c8rw06"}], "blue": {"color": "blue", "players": [{"start_time": 0, "end_time": 249.69711, "name": "Mort", "id": {"platform": "steam", "id": "76561199060531662"}, "rank": {"id": "grand-champion", "tier": 19, "division": 3, "name": "Grand Champion I Division 3"}, "car_id": 4284, "car_name": "Fennec", "camera": {"fov": 109, "height": 100, "pitch": -5, "distance": 270, "stiffness": 0.5, "swivel_speed": 3, "transition_speed": 1.1}, "steering_sensitivity": 2, "stats": {"core": {"shots": 4, "shots_against": 5, "goals": 1, "goals_against": 4, "saves": 1, "assists": 0, "score": 354, "mvp": false, "shooting_percentage": 25}, "boost": {"bpm": 445, "bcpm": 462.93457, "avg_amount": 49, "amount_collected": 1811, "amount_stolen": 317, "amount_collected_big": 1461, "amount_stolen_big": 244, "amount_collected_small": 350, "amount_stolen_small": 73, "count_collected_big": 17, "count_stolen_big": 3, "count_collected_small": 32, "count_stolen_small": 7, "amount_overfill": 251, "amount_overfill_stolen": 55, "amount_used_while_supersonic": 477, "time_zero_boost": 24.15, "percent_zero_boost": 10.288855, "time_full_boost": 53.7, "percent_full_boost": 22.878323, "time_boost_0_25": 64.25, "time_boost_25_50": 70.82, "time_boost_50_75": 36.19, "time_boost_75_100": 66.27, "percent_boost_0_25": 27.049215, "percent_boost_25_50": 29.815182, "percent_boost_50_75": 15.23597, "percent_boost_75_100": 27.899632}, "movement": {"avg_speed": 1664, "total_distance": 383274, "time_supersonic_speed": 40.42, "time_boost_speed": 121.65, "time_slow_speed": 87.16, "time_ground": 136.14, "time_low_air": 106.92, "time_high_air": 6.17, "time_powerslide": 4.81, "count_powerslide": 54, "avg_powerslide_duration": 0.09, "avg_speed_percentage": 72.347824, "percent_slow_speed": 34.971714, "percent_boost_speed": 48.810337, "percent_supersonic_speed": 16.21795, "percent_ground": 54.624245, "percent_low_air": 42.900135, "percent_high_air": 2.475625}, "positioning": {"avg_distance_to_ball": 2463, "avg_distance_to_ball_possession": 2012, "avg_distance_to_ball_no_possession": 2879, "avg_distance_to_mates": 3380, "time_defensive_third": 124.91, "time_neutral_third": 78.56, "time_offensive_third": 45.76, "time_defensive_half": 166.39, "time_offensive_half": 82.84, "time_behind_ball": 165.94, "time_infront_ball": 83.28, "time_most_back": 99.2, "time_most_forward": 141.5, "goals_against_while_last_defender": 2, "time_closest_to_ball": 135.5, "time_farthest_from_ball": 105.2, "percent_defensive_third": 50.118366, "percent_offensive_third": 18.36055, "percent_neutral_third": 31.521086, "percent_defensive_half": 66.76163, "percent_offensive_half": 33.238377, "percent_behind_ball": 66.58374, "percent_infront_ball": 33.41626, "percent_most_back": 42.263123, "percent_most_forward": 60.284595, "percent_closest_to_ball": 57.728355, "percent_farthest_from_ball": 44.81936}, "demo": {"inflicted": 2, "taken": 0}}}, {"start_time": 0, "end_time": 249.69711, "name": "xConArTisT585", "id": {"platform": "epic", "id": "5c0dec2463434d309d9c6b07d84f148e"}, "rank": {"id": "champion-3", "tier": 18, "division": 2, "name": "Champion III Division 2"}, "car_id": 4284, "car_name": "Fennec", "camera": {"fov": 110, "height": 110, "pitch": -5, "distance": 270, "stiffness": 0.4, "swivel_speed": 3.5, "transition_speed": 1.5}, "steering_sensitivity": 1.3, "stats": {"core": {"shots": 1, "shots_against": 5, "goals": 0, "goals_against": 4, "saves": 0, "assists": 0, "score": 90, "mvp": false, "shooting_percentage": 0}, "boost": {"bpm": 409, "bcpm": 454.24335, "avg_amount": 49.61, "amount_collected": 1777, "amount_stolen": 332, "amount_collected_big": 1230, "amount_stolen_big": 256, "amount_collected_small": 547, "amount_stolen_small": 76, "count_collected_big": 15, "count_stolen_big": 3, "count_collected_small": 51, "count_stolen_small": 8, "amount_overfill": 212, "amount_overfill_stolen": 43, "amount_used_while_supersonic": 474, "time_zero_boost": 28.87, "percent_zero_boost": 12.299762, "time_full_boost": 20.2, "percent_full_boost": 8.605999, "time_boost_0_25": 74.73, "time_boost_25_50": 67.83, "time_boost_50_75": 40.57, "time_boost_75_100": 50.54, "percent_boost_0_25": 31.980999, "percent_boost_25_50": 29.028114, "percent_boost_50_75": 17.362091, "percent_boost_75_100": 21.628792}, "movement": {"avg_speed": 1541, "total_distance": 352876, "time_supersonic_speed": 37.34, "time_boost_speed": 94.5, "time_slow_speed": 116.08, "time_ground": 163.49, "time_low_air": 74.83, "time_high_air": 9.59, "time_powerslide": 7.27, "count_powerslide": 74, "avg_powerslide_duration": 0.1, "avg_speed_percentage": 67, "percent_slow_speed": 46.821556, "percent_boost_speed": 38.117134, "percent_supersonic_speed": 15.06131, "percent_ground": 65.94732, "percent_low_air": 30.184341, "percent_high_air": 3.8683393}, "positioning": {"avg_distance_to_ball": 2899, "avg_distance_to_ball_possession": 2902, "avg_distance_to_ball_no_possession": 2912, "avg_distance_to_mates": 3380, "time_defensive_third": 136.43, "time_neutral_third": 78.53, "time_offensive_third": 32.96, "time_defensive_half": 181.56, "time_offensive_half": 66.35, "time_behind_ball": 164.83, "time_infront_ball": 83.09, "time_most_back": 138.2, "time_most_forward": 94.4, "goals_against_while_last_defender": 2, "time_closest_to_ball": 100.6, "time_farthest_from_ball": 132, "percent_defensive_third": 55.02985, "percent_offensive_third": 13.294612, "percent_neutral_third": 31.675543, "percent_defensive_half": 73.23625, "percent_offensive_half": 26.763744, "percent_behind_ball": 66.48515, "percent_infront_ball": 33.514843, "percent_most_back": 58.878662, "percent_most_forward": 40.218132, "percent_closest_to_ball": 42.859577, "percent_farthest_from_ball": 56.237217}, "demo": {"inflicted": 0, "taken": 0}}}], "stats": {"ball": {"possession_time": 94.05, "time_in_side": 137.69}, "core": {"shots": 5, "shots_against": 5, "goals": 1, "goals_against": 4, "saves": 1, "assists": 0, "score": 444, "shooting_percentage": 20}, "boost": {"bpm": 854, "bcpm": 917.1779, "avg_amount": 98.61, "amount_collected": 3588, "amount_stolen": 649, "amount_collected_big": 2691, "amount_stolen_big": 500, "amount_collected_small": 897, "amount_stolen_small": 149, "count_collected_big": 32, "count_stolen_big": 6, "count_collected_small": 83, "count_stolen_small": 15, "amount_overfill": 463, "amount_overfill_stolen": 98, "amount_used_while_supersonic": 951, "time_zero_boost": 53.02, "time_full_boost": 73.9, "time_boost_0_25": 138.98001, "time_boost_25_50": 138.65, "time_boost_50_75": 76.759995, "time_boost_75_100": 116.81}, "movement": {"total_distance": 736150, "time_supersonic_speed": 77.759995, "time_boost_speed": 216.15, "time_slow_speed": 203.24, "time_ground": 299.63, "time_low_air": 181.75, "time_high_air": 15.76, "time_powerslide": 12.08, "count_powerslide": 128}, "positioning": {"time_defensive_third": 261.34, "time_neutral_third": 157.09, "time_offensive_third": 78.72, "time_defensive_half": 347.95, "time_offensive_half": 149.19, "time_behind_ball": 330.77002, "time_infront_ball": 166.37}, "demo": {"inflicted": 2, "taken": 0}}}, "orange": {"color": "orange", "players": [{"start_time": 0, "end_time": 249.69711, "name": "Respawn", "id": {"platform": "steam", "id": "76561198180060955"}, "mvp": true, "car_id": 4284, "car_name": "Fennec", "camera": {"fov": 110, "height": 100, "pitch": -3, "distance": 260, "stiffness": 0.6, "swivel_speed": 3.5, "transition_speed": 1.7}, "steering_sensitivity": 1.3, "stats": {"core": {"shots": 3, "shots_against": 5, "goals": 3, "goals_against": 1, "saves": 1, "assists": 1, "score": 658, "mvp": true, "shooting_percentage": 100}, "boost": {"bpm": 473, "bcpm": 469.58078, "avg_amount": 46.3, "amount_collected": 1837, "amount_stolen": 352, "amount_collected_big": 1399, "amount_stolen_big": 190, "amount_collected_small": 438, "amount_stolen_small": 162, "count_collected_big": 18, "count_stolen_big": 3, "count_collected_small": 41, "count_stolen_small": 14, "amount_overfill": 425, "amount_overfill_stolen": 116, "amount_used_while_supersonic": 227, "time_zero_boost": 30.18, "percent_zero_boost": 12.857873, "time_full_boost": 31.51, "percent_full_boost": 13.424506, "time_boost_0_25": 82.52, "time_boost_25_50": 53.46, "time_boost_50_75": 43.47, "time_boost_75_100": 55.51, "percent_boost_0_25": 35.120872, "percent_boost_25_50": 22.75281, "percent_boost_50_75": 18.501022, "percent_boost_75_100": 23.6253}, "movement": {"avg_speed": 1568, "total_distance": 352179, "time_supersonic_speed": 43.47, "time_boost_speed": 91.12, "time_slow_speed": 108.63, "time_ground": 132.19, "time_low_air": 100.67, "time_high_air": 10.37, "time_powerslide": 3.11, "count_powerslide": 24, "avg_powerslide_duration": 0.13, "avg_speed_percentage": 68.17391, "percent_slow_speed": 44.66327, "percent_boost_speed": 37.464024, "percent_supersonic_speed": 17.872707, "percent_ground": 54.347736, "percent_low_air": 41.38881, "percent_high_air": 4.2634544}, "positioning": {"avg_distance_to_ball": 2645, "avg_distance_to_ball_possession": 2454, "avg_distance_to_ball_no_possession": 2878, "avg_distance_to_mates": 3808, "time_defensive_third": 95.6, "time_neutral_third": 85.25, "time_offensive_third": 62.37, "time_defensive_half": 141.33, "time_offensive_half": 101.89, "time_behind_ball": 177.73, "time_infront_ball": 65.49, "time_most_back": 101.6, "time_most_forward": 128.5, "time_closest_to_ball": 128.6, "time_farthest_from_ball": 101.5, "percent_defensive_third": 39.305977, "percent_offensive_third": 25.64345, "percent_neutral_third": 35.05057, "percent_defensive_half": 58.107887, "percent_offensive_half": 41.892113, "percent_behind_ball": 73.07376, "percent_infront_ball": 26.926239, "percent_most_back": 43.285618, "percent_most_forward": 54.74608, "percent_closest_to_ball": 54.78869, "percent_farthest_from_ball": 43.24301}, "demo": {"inflicted": 0, "taken": 2}}}, {"start_time": 0, "end_time": 249.69711, "name": "n o a h", "id": {"platform": "steam", "id": "76561198167885099"}, "rank": {"id": "grand-champion", "tier": 19, "division": 3, "name": "Grand Champion I Division 3"}, "car_id": 23, "car_name": "Octane", "camera": {"fov": 110, "height": 90, "pitch": -5, "distance": 270, "stiffness": 0.55, "swivel_speed": 3, "transition_speed": 1.1}, "steering_sensitivity": 1.3, "stats": {"core": {"shots": 2, "shots_against": 5, "goals": 1, "goals_against": 1, "saves": 1, "assists": 1, "score": 344, "mvp": false, "shooting_percentage": 50}, "boost": {"bpm": 457, "bcpm": 507.15747, "avg_amount": 50.5, "amount_collected": 1984, "amount_stolen": 468, "amount_collected_big": 1501, "amount_stolen_big": 292, "amount_collected_small": 483, "amount_stolen_small": 176, "count_collected_big": 18, "count_stolen_big": 3, "count_collected_small": 46, "count_stolen_small": 17, "amount_overfill": 127, "amount_overfill_stolen": 6, "amount_used_while_supersonic": 284, "time_zero_boost": 26.33, "percent_zero_boost": 11.217621, "time_full_boost": 17.55, "percent_full_boost": 7.476993, "time_boost_0_25": 70.24, "time_boost_25_50": 62.21, "time_boost_50_75": 57.93, "time_boost_75_100": 54.39, "percent_boost_0_25": 28.696327, "percent_boost_25_50": 25.415695, "percent_boost_50_75": 23.667116, "percent_boost_75_100": 22.22086}, "movement": {"avg_speed": 1622, "total_distance": 373432, "time_supersonic_speed": 41.44, "time_boost_speed": 108.59, "time_slow_speed": 99.18, "time_ground": 149.72, "time_low_air": 94.49, "time_high_air": 5.01, "time_powerslide": 4.38, "count_powerslide": 47, "avg_powerslide_duration": 0.09, "avg_speed_percentage": 70.521736, "percent_slow_speed": 39.797764, "percent_boost_speed": 43.573696, "percent_supersonic_speed": 16.628548, "percent_ground": 60.07544, "percent_low_air": 37.914295, "percent_high_air": 2.0102723}, "positioning": {"avg_distance_to_ball": 3028, "avg_distance_to_ball_possession": 2688, "avg_distance_to_ball_no_possession": 3333, "avg_distance_to_mates": 3808, "time_defensive_third": 113.31, "time_neutral_third": 80.52, "time_offensive_third": 55.4, "time_defensive_half": 151.24, "time_offensive_half": 97.98, "time_behind_ball": 199.81, "time_infront_ball": 49.41, "time_most_back": 132.2, "time_most_forward": 105.9, "goals_against_while_last_defender": 1, "time_closest_to_ball": 103.1, "time_farthest_from_ball": 135, "percent_defensive_third": 45.46403, "percent_offensive_third": 22.228466, "percent_neutral_third": 32.307507, "percent_defensive_half": 60.68534, "percent_offensive_half": 39.314663, "percent_behind_ball": 80.17414, "percent_infront_ball": 19.825857, "percent_most_back": 56.322426, "percent_most_forward": 45.117588, "percent_closest_to_ball": 43.924675, "percent_farthest_from_ball": 57.51534}, "demo": {"inflicted": 0, "taken": 0}}}], "stats": {"ball": {"possession_time": 81.45, "time_in_side": 88.44}, "core": {"shots": 5, "shots_against": 5, "goals": 4, "goals_against": 1, "saves": 2, "assists": 2, "score": 1002, "shooting_percentage": 80}, "boost": {"bpm": 930, "bcpm": 976.7383, "avg_amount": 96.8, "amount_collected": 3821, "amount_stolen": 820, "amount_collected_big": 2900, "amount_stolen_big": 482, "amount_collected_small": 921, "amount_stolen_small": 338, "count_collected_big": 36, "count_stolen_big": 6, "count_collected_small": 87, "count_stolen_small": 31, "amount_overfill": 552, "amount_overfill_stolen": 122, "amount_used_while_supersonic": 511, "time_zero_boost": 56.510002, "time_full_boost": 49.059998, "time_boost_0_25": 152.76, "time_boost_25_50": 115.67, "time_boost_50_75": 101.4, "time_boost_75_100": 109.899994}, "movement": {"total_distance": 725611, "time_supersonic_speed": 84.91, "time_boost_speed": 199.70999, "time_slow_speed": 207.81, "time_ground": 281.91, "time_low_air": 195.16, "time_high_air": 15.38, "time_powerslide": 7.49, "count_powerslide": 71}, "positioning": {"time_defensive_third": 208.91, "time_neutral_third": 165.76999, "time_offensive_third": 117.770004, "time_defensive_half": 292.57, "time_offensive_half": 199.87, "time_behind_ball": 377.53998, "time_infront_ball": 114.899994}, "demo": {"inflicted": 0, "taken": 2}}}, "playlist_name": "Ranked Doubles", "map_name": "Sovereign Heights (Dusk)", "server": {"name": "USE1-0D4628CF54811A81E-Grog", "region": "USE"}}