{"id": "5f4034be-cb44-4fe4-a98c-7c20cf4cad76", "link": "https://ballchasing.com/api/replays/5f4034be-cb44-4fe4-a98c-7c20cf4cad76", "created": "2025-07-19T14:28:02.302805Z", "uploader": {"steam_id": "76561198167885099", "name": "n o a h", "profile_url": "https://steamcommunity.com/id/Zermah/", "avatar": "https://avatars.steamstatic.com/1cbf3880830cdc652b673f09b13c212b1feb24aa.jpg"}, "status": "ok", "rocket_league_id": "8268F41E485B3510658605ABF1ADC86C", "match_guid": "9E6AD47611F0645A9C448C93FB07660C", "title": "2025-07-18.23.45 n o a h Ranked Doubles Loss", "map_code": "cs_day_p", "match_type": "Online", "team_size": 2, "playlist_id": "ranked-doubles", "duration": 216, "overtime": false, "season": 19, "season_type": "free2play", "date": "2025-07-18T23:45:40-05:00", "date_has_timezone": true, "visibility": "public", "min_rank": {"id": "grand-champion-1", "tier": 19, "division": 2, "name": "Grand Champion I Division 2"}, "max_rank": {"id": "grand-champion-1", "tier": 19, "division": 2, "name": "Grand Champion I Division 2"}, "groups": [{"id": "replay-analysis-j2e0c8rw06", "name": "Replay Analysis", "link": "https://ballchasing.com/api/groups/replay-analysis-j2e0c8rw06"}], "blue": {"color": "blue", "players": [{"start_time": 0, "end_time": 216.781, "name": "Two.D.", "id": {"platform": "epic", "id": "902fd356573346338977e9df1c6951da"}, "mvp": true, "car_id": 23, "car_name": "Octane", "camera": {"fov": 110, "height": 100, "pitch": -3, "distance": 270, "stiffness": 0.35, "swivel_speed": 5.3, "transition_speed": 1}, "steering_sensitivity": 1.6, "stats": {"core": {"shots": 6, "shots_against": 2, "goals": 4, "goals_against": 1, "saves": 1, "assists": 0, "score": 748, "mvp": true, "shooting_percentage": 66.666664}, "boost": {"bpm": 574, "bcpm": 529.94464, "avg_amount": 46.79, "amount_collected": 1755, "amount_stolen": 229, "amount_collected_big": 1292, "amount_stolen_big": 91, "amount_collected_small": 463, "amount_stolen_small": 138, "count_collected_big": 17, "count_stolen_big": 1, "count_collected_small": 44, "count_stolen_small": 12, "amount_overfill": 458, "amount_overfill_stolen": 14, "amount_used_while_supersonic": 353, "time_zero_boost": 24.03, "percent_zero_boost": 12.093609, "time_full_boost": 24.48, "percent_full_boost": 12.320081, "time_boost_0_25": 64.16, "time_boost_25_50": 62.8, "time_boost_50_75": 28.08, "time_boost_75_100": 45.1, "percent_boost_0_25": 32.05756, "percent_boost_25_50": 31.378033, "percent_boost_50_75": 14.030178, "percent_boost_75_100": 22.534224}, "movement": {"avg_speed": 1737, "total_distance": 337215, "time_supersonic_speed": 63.26, "time_boost_speed": 78.78, "time_slow_speed": 74.2, "time_ground": 112.17, "time_low_air": 91.85, "time_high_air": 12.22, "time_powerslide": 3.01, "count_powerslide": 28, "avg_powerslide_duration": 0.11, "avg_speed_percentage": 75.521736, "percent_slow_speed": 34.313725, "percent_boost_speed": 36.431744, "percent_supersonic_speed": 29.254534, "percent_ground": 51.87292, "percent_low_air": 42.475956, "percent_high_air": 5.651129}, "positioning": {"avg_distance_to_ball": 2523, "avg_distance_to_ball_possession": 2177, "avg_distance_to_ball_no_possession": 3127, "avg_distance_to_mates": 3333, "time_defensive_third": 120.68, "time_neutral_third": 59.35, "time_offensive_third": 36.21, "time_defensive_half": 155.73, "time_offensive_half": 60.51, "time_behind_ball": 174.91, "time_infront_ball": 41.33, "time_most_back": 98.5, "time_most_forward": 95.4, "goals_against_while_last_defender": 1, "time_closest_to_ball": 98.3, "time_farthest_from_ball": 95.9, "percent_defensive_third": 55.808365, "percent_offensive_third": 16.745283, "percent_neutral_third": 27.446358, "percent_defensive_half": 72.017204, "percent_offensive_half": 27.982798, "percent_behind_ball": 80.88698, "percent_infront_ball": 19.113022, "percent_most_back": 49.57222, "percent_most_forward": 48.01208, "percent_closest_to_ball": 49.471565, "percent_farthest_from_ball": 48.263714}, "demo": {"inflicted": 2, "taken": 0}}}, {"start_time": 0, "end_time": 216.781, "name": "L7IS.", "id": {"platform": "epic", "id": "f83c00cbfdf74ddb9edb2e6dcd5913cb"}, "car_id": 4284, "car_name": "Fennec", "camera": {"fov": 110, "height": 90, "pitch": -4, "distance": 270, "stiffness": 0.35, "swivel_speed": 5.5, "transition_speed": 1.9}, "steering_sensitivity": 2.6, "stats": {"core": {"shots": 1, "shots_against": 2, "goals": 1, "goals_against": 1, "saves": 1, "assists": 2, "score": 350, "mvp": false, "shooting_percentage": 100}, "boost": {"bpm": 494, "bcpm": 494.91696, "avg_amount": 49.65, "amount_collected": 1639, "amount_stolen": 352, "amount_collected_big": 1350, "amount_stolen_big": 249, "amount_collected_small": 289, "amount_stolen_small": 103, "count_collected_big": 16, "count_stolen_big": 3, "count_collected_small": 28, "count_stolen_small": 9, "amount_overfill": 272, "amount_overfill_stolen": 55, "amount_used_while_supersonic": 121, "time_zero_boost": 26.53, "percent_zero_boost": 13.351787, "time_full_boost": 25.62, "percent_full_boost": 12.89381, "time_boost_0_25": 66.48, "time_boost_25_50": 58.12, "time_boost_50_75": 28.06, "time_boost_75_100": 51.92, "percent_boost_0_25": 32.495846, "percent_boost_25_50": 28.409424, "percent_boost_50_75": 13.715905, "percent_boost_75_100": 25.378824}, "movement": {"avg_speed": 1637, "total_distance": 317004, "time_supersonic_speed": 43.75, "time_boost_speed": 80.69, "time_slow_speed": 91.76, "time_ground": 103.65, "time_low_air": 101.06, "time_high_air": 11.5, "time_powerslide": 3.3, "count_powerslide": 36, "avg_powerslide_duration": 0.09, "avg_speed_percentage": 71.17391, "percent_slow_speed": 42.44218, "percent_boost_speed": 37.321922, "percent_supersonic_speed": 20.235891, "percent_ground": 47.939507, "percent_low_air": 46.741596, "percent_high_air": 5.318903}, "positioning": {"avg_distance_to_ball": 2736, "avg_distance_to_ball_possession": 2633, "avg_distance_to_ball_no_possession": 2635, "avg_distance_to_mates": 3333, "time_defensive_third": 106.64, "time_neutral_third": 76.17, "time_offensive_third": 33.39, "time_defensive_half": 150.4, "time_offensive_half": 65.8, "time_behind_ball": 175.14, "time_infront_ball": 41.06, "time_most_back": 95.7, "time_most_forward": 99.1, "time_closest_to_ball": 96, "time_farthest_from_ball": 98.5, "percent_defensive_third": 49.3247, "percent_offensive_third": 15.444034, "percent_neutral_third": 35.231266, "percent_defensive_half": 69.565216, "percent_offensive_half": 30.434786, "percent_behind_ball": 81.00832, "percent_infront_ball": 18.991674, "percent_most_back": 48.16306, "percent_most_forward": 49.874184, "percent_closest_to_ball": 48.31404, "percent_farthest_from_ball": 49.57222}, "demo": {"inflicted": 1, "taken": 0}}}], "stats": {"ball": {"possession_time": 59.64, "time_in_side": 88.54}, "core": {"shots": 7, "shots_against": 2, "goals": 5, "goals_against": 1, "saves": 2, "assists": 2, "score": 1098, "shooting_percentage": 71.42857}, "boost": {"bpm": 1068, "bcpm": 1024.8616, "avg_amount": 96.44, "amount_collected": 3394, "amount_stolen": 581, "amount_collected_big": 2642, "amount_stolen_big": 340, "amount_collected_small": 752, "amount_stolen_small": 241, "count_collected_big": 33, "count_stolen_big": 4, "count_collected_small": 72, "count_stolen_small": 21, "amount_overfill": 730, "amount_overfill_stolen": 69, "amount_used_while_supersonic": 474, "time_zero_boost": 50.56, "time_full_boost": 50.1, "time_boost_0_25": 130.64001, "time_boost_25_50": 120.92, "time_boost_50_75": 56.14, "time_boost_75_100": 97.02}, "movement": {"total_distance": 654219, "time_supersonic_speed": 107.009995, "time_boost_speed": 159.47, "time_slow_speed": 165.95999, "time_ground": 215.82, "time_low_air": 192.91, "time_high_air": 23.720001, "time_powerslide": 6.31, "count_powerslide": 64}, "positioning": {"time_defensive_third": 227.32, "time_neutral_third": 135.51999, "time_offensive_third": 69.6, "time_defensive_half": 306.13, "time_offensive_half": 126.31, "time_behind_ball": 350.05, "time_infront_ball": 82.39}, "demo": {"inflicted": 3, "taken": 0}}}, "orange": {"color": "orange", "players": [{"start_time": 0, "end_time": 216.781, "name": "Respawn", "id": {"platform": "steam", "id": "76561198180060955"}, "car_id": 4284, "car_name": "Fennec", "camera": {"fov": 110, "height": 100, "pitch": -3, "distance": 260, "stiffness": 0.6, "swivel_speed": 3.5, "transition_speed": 1.7}, "steering_sensitivity": 1.3, "stats": {"core": {"shots": 1, "shots_against": 7, "goals": 1, "goals_against": 5, "saves": 0, "assists": 0, "score": 216, "mvp": false, "shooting_percentage": 100}, "boost": {"bpm": 398, "bcpm": 427.57928, "avg_amount": 45.52, "amount_collected": 1416, "amount_stolen": 391, "amount_collected_big": 952, "amount_stolen_big": 268, "amount_collected_small": 464, "amount_stolen_small": 123, "count_collected_big": 13, "count_stolen_big": 3, "count_collected_small": 41, "count_stolen_small": 11, "amount_overfill": 349, "amount_overfill_stolen": 34, "amount_used_while_supersonic": 167, "time_zero_boost": 21.66, "percent_zero_boost": 10.900856, "time_full_boost": 17.26, "percent_full_boost": 8.686462, "time_boost_0_25": 77.18, "time_boost_25_50": 60.2, "time_boost_50_75": 36.87, "time_boost_75_100": 26.07, "percent_boost_0_25": 38.528355, "percent_boost_25_50": 30.051916, "percent_boost_50_75": 18.40555, "percent_boost_75_100": 13.014176}, "movement": {"avg_speed": 1539, "total_distance": 290096, "time_supersonic_speed": 32.93, "time_boost_speed": 75.87, "time_slow_speed": 104.33, "time_ground": 122.23, "time_low_air": 84.55, "time_high_air": 6.35, "time_powerslide": 1.95, "count_powerslide": 14, "avg_powerslide_duration": 0.14, "avg_speed_percentage": 66.91304, "percent_slow_speed": 48.951344, "percent_boost_speed": 35.597992, "percent_supersonic_speed": 15.450664, "percent_ground": 57.34997, "percent_low_air": 39.670624, "percent_high_air": 2.979402}, "positioning": {"avg_distance_to_ball": 2755, "avg_distance_to_ball_possession": 2524, "avg_distance_to_ball_no_possession": 2883, "avg_distance_to_mates": 3540, "time_defensive_third": 98.15, "time_neutral_third": 71.61, "time_offensive_third": 43.37, "time_defensive_half": 137.11, "time_offensive_half": 76.02, "time_behind_ball": 161.64, "time_infront_ball": 51.49, "time_most_back": 109.4, "time_most_forward": 93.7, "goals_against_while_last_defender": 3, "time_closest_to_ball": 101.4, "time_farthest_from_ball": 101.9, "percent_defensive_third": 46.051704, "percent_offensive_third": 20.349083, "percent_neutral_third": 33.599213, "percent_defensive_half": 64.33163, "percent_offensive_half": 35.66837, "percent_behind_ball": 75.841034, "percent_infront_ball": 24.158964, "percent_most_back": 55.057877, "percent_most_forward": 47.156517, "percent_closest_to_ball": 51.031708, "percent_farthest_from_ball": 51.283344}, "demo": {"inflicted": 0, "taken": 1}}}, {"start_time": 0, "end_time": 216.781, "name": "n o a h", "id": {"platform": "steam", "id": "76561198167885099"}, "rank": {"id": "grand-champion-1", "tier": 19, "division": 2, "name": "Grand Champion I Division 2"}, "car_id": 23, "car_name": "Octane", "camera": {"fov": 110, "height": 90, "pitch": -5, "distance": 270, "stiffness": 0.55, "swivel_speed": 3, "transition_speed": 1.1}, "steering_sensitivity": 1.3, "stats": {"core": {"shots": 1, "shots_against": 7, "goals": 0, "goals_against": 5, "saves": 1, "assists": 0, "score": 116, "mvp": false, "shooting_percentage": 0}, "boost": {"bpm": 431, "bcpm": 472.8737, "avg_amount": 46.32, "amount_collected": 1566, "amount_stolen": 430, "amount_collected_big": 1158, "amount_stolen_big": 281, "amount_collected_small": 408, "amount_stolen_small": 149, "count_collected_big": 14, "count_stolen_big": 3, "count_collected_small": 37, "count_stolen_small": 13, "amount_overfill": 163, "amount_overfill_stolen": 17, "amount_used_while_supersonic": 221, "time_zero_boost": 26.32, "percent_zero_boost": 13.246099, "time_full_boost": 24.01, "percent_full_boost": 12.083543, "time_boost_0_25": 69.69, "time_boost_25_50": 54.09, "time_boost_50_75": 28.22, "time_boost_75_100": 48.86, "percent_boost_0_25": 34.69581, "percent_boost_25_50": 26.929205, "percent_boost_50_75": 14.049586, "percent_boost_75_100": 24.325401}, "movement": {"avg_speed": 1636, "total_distance": 302925, "time_supersonic_speed": 29.86, "time_boost_speed": 100.02, "time_slow_speed": 80.14, "time_ground": 126.06, "time_low_air": 79.15, "time_high_air": 4.8, "time_powerslide": 2.43, "count_powerslide": 25, "avg_powerslide_duration": 0.1, "avg_speed_percentage": 71.13043, "percent_slow_speed": 38.158268, "percent_boost_speed": 47.624035, "percent_supersonic_speed": 14.217693, "percent_ground": 60.025715, "percent_low_air": 37.688683, "percent_high_air": 2.2856057}, "positioning": {"avg_distance_to_ball": 2851, "avg_distance_to_ball_possession": 2225, "avg_distance_to_ball_no_possession": 3162, "avg_distance_to_mates": 3540, "time_defensive_third": 101.69, "time_neutral_third": 70.23, "time_offensive_third": 38.09, "time_defensive_half": 137.29, "time_offensive_half": 72.72, "time_behind_ball": 147.53, "time_infront_ball": 62.48, "time_most_back": 92.3, "time_most_forward": 106, "goals_against_while_last_defender": 2, "time_closest_to_ball": 94.7, "time_farthest_from_ball": 103.4, "percent_defensive_third": 48.4215, "percent_offensive_third": 18.13723, "percent_neutral_third": 33.441265, "percent_defensive_half": 65.37308, "percent_offensive_half": 34.626923, "percent_behind_ball": 70.24904, "percent_infront_ball": 29.750965, "percent_most_back": 46.45194, "percent_most_forward": 53.346756, "percent_closest_to_ball": 47.65979, "percent_farthest_from_ball": 52.03825}, "demo": {"inflicted": 0, "taken": 2}}}], "stats": {"ball": {"possession_time": 63.23, "time_in_side": 99.5}, "core": {"shots": 2, "shots_against": 7, "goals": 1, "goals_against": 5, "saves": 1, "assists": 0, "score": 332, "shooting_percentage": 50}, "boost": {"bpm": 829, "bcpm": 900.453, "avg_amount": 91.84, "amount_collected": 2982, "amount_stolen": 821, "amount_collected_big": 2110, "amount_stolen_big": 549, "amount_collected_small": 872, "amount_stolen_small": 272, "count_collected_big": 27, "count_stolen_big": 6, "count_collected_small": 78, "count_stolen_small": 24, "amount_overfill": 512, "amount_overfill_stolen": 51, "amount_used_while_supersonic": 388, "time_zero_boost": 47.98, "time_full_boost": 41.27, "time_boost_0_25": 146.87, "time_boost_25_50": 114.29, "time_boost_50_75": 65.09, "time_boost_75_100": 74.93}, "movement": {"total_distance": 593021, "time_supersonic_speed": 62.79, "time_boost_speed": 175.89, "time_slow_speed": 184.47, "time_ground": 248.29001, "time_low_air": 163.70001, "time_high_air": 11.15, "time_powerslide": 4.38, "count_powerslide": 39}, "positioning": {"time_defensive_third": 199.84, "time_neutral_third": 141.84, "time_offensive_third": 81.46, "time_defensive_half": 274.4, "time_offensive_half": 148.73999, "time_behind_ball": 309.16998, "time_infront_ball": 113.97}, "demo": {"inflicted": 0, "taken": 3}}}, "playlist_name": "Ranked Doubles", "map_name": "Champions Field (Day)", "server": {"name": "USC1-0C32AF142BB33020F-Parsec2", "region": "USC"}}