{"id": "6495e05b-b609-4fdc-8275-7d93820089be", "link": "https://ballchasing.com/api/replays/6495e05b-b609-4fdc-8275-7d93820089be", "created": "2025-07-20T05:08:10.807326Z", "uploader": {"steam_id": "76561198167885099", "name": "n o a h", "profile_url": "https://steamcommunity.com/id/Zermah/", "avatar": "https://avatars.steamstatic.com/1cbf3880830cdc652b673f09b13c212b1feb24aa.jpg"}, "status": "ok", "rocket_league_id": "FB97A67F46511629C86850A74A7A0A53", "match_guid": "A872283A11F06526A709FEAD31A9144E", "title": "2025-07-20.00.08 n o a h Ranked Doubles Loss", "map_code": "cs_p", "match_type": "Online", "team_size": 2, "playlist_id": "ranked-doubles", "duration": 338, "overtime": true, "overtime_seconds": 4, "season": 19, "season_type": "free2play", "date": "2025-07-20T00:08:08-05:00", "date_has_timezone": true, "visibility": "public", "min_rank": {"id": "champion-3", "tier": 18, "division": 3, "name": "Champion III Division 3"}, "max_rank": {"id": "champion-3", "tier": 18, "division": 4, "name": "Champion III Division 4"}, "groups": [{"id": "replay-analysis-j2e0c8rw06", "name": "Replay Analysis", "link": "https://ballchasing.com/api/groups/replay-analysis-j2e0c8rw06"}], "blue": {"color": "blue", "players": [{"start_time": 0, "end_time": 338.58316, "name": "apollo-2.0", "id": {"platform": "epic", "id": "6307bcfe8acf43318b4581675728637d"}, "mvp": true, "rank": {"id": "champion-3", "tier": 18, "division": 4, "name": "Champion III Division 4"}, "car_id": 4284, "car_name": "Fennec", "camera": {"fov": 110, "height": 100, "pitch": -3, "distance": 270, "stiffness": 0.35, "swivel_speed": 4, "transition_speed": 1.3}, "steering_sensitivity": 1.6, "stats": {"core": {"shots": 7, "shots_against": 11, "goals": 2, "goals_against": 1, "saves": 6, "assists": 0, "score": 811, "mvp": true, "shooting_percentage": 28.571428}, "boost": {"bpm": 390, "bcpm": 372.2098, "avg_amount": 40.1, "amount_collected": 2026, "amount_stolen": 364, "amount_collected_big": 1483, "amount_stolen_big": 200, "amount_collected_small": 543, "amount_stolen_small": 164, "count_collected_big": 16, "count_stolen_big": 2, "count_collected_small": 50, "count_stolen_small": 14, "amount_overfill": 133, "amount_overfill_stolen": 0, "amount_used_while_supersonic": 497, "time_zero_boost": 83.75, "percent_zero_boost": 25.643774, "time_full_boost": 13.7, "percent_full_boost": 4.194862, "time_boost_0_25": 144.02, "time_boost_25_50": 72.13, "time_boost_50_75": 51.8, "time_boost_75_100": 59.67, "percent_boost_0_25": 43.959465, "percent_boost_25_50": 22.01636, "percent_boost_50_75": 15.811001, "percent_boost_75_100": 18.213175}, "movement": {"avg_speed": 1529, "total_distance": 489148, "time_supersonic_speed": 49.91, "time_boost_speed": 136.64, "time_slow_speed": 148.77, "time_ground": 200.93, "time_low_air": 123.81, "time_high_air": 10.58, "time_powerslide": 4.3, "count_powerslide": 39, "avg_powerslide_duration": 0.11, "avg_speed_percentage": 66.478264, "percent_slow_speed": 44.366573, "percent_boost_speed": 40.749134, "percent_supersonic_speed": 14.88429, "percent_ground": 59.92187, "percent_low_air": 36.922943, "percent_high_air": 3.1551952}, "positioning": {"avg_distance_to_ball": 2632, "avg_distance_to_ball_possession": 2181, "avg_distance_to_ball_no_possession": 3035, "avg_distance_to_mates": 3182, "time_defensive_third": 180.29, "time_neutral_third": 80.77, "time_offensive_third": 74.26, "time_defensive_half": 218.64, "time_offensive_half": 116.68, "time_behind_ball": 234.42, "time_infront_ball": 100.9, "time_most_back": 137.4, "time_most_forward": 196.9, "goals_against_while_last_defender": 1, "time_closest_to_ball": 157, "time_farthest_from_ball": 177.2, "percent_defensive_third": 53.766556, "percent_offensive_third": 22.146011, "percent_neutral_third": 24.087439, "percent_defensive_half": 65.203384, "percent_offensive_half": 34.79661, "percent_behind_ball": 69.90934, "percent_infront_ball": 30.090658, "percent_most_back": 42.071095, "percent_most_forward": 60.28966, "percent_closest_to_ball": 48.072506, "percent_farthest_from_ball": 54.257633}, "demo": {"inflicted": 0, "taken": 1}}}, {"start_time": 0, "end_time": 338.58316, "name": "EazyMoney0117", "id": {"platform": "ps4", "id": "EazyMoney0117"}, "rank": {"id": "champion-3", "tier": 18, "division": 3, "name": "Champion III Division 3"}, "car_id": 23, "car_name": "Octane", "camera": {"fov": 110, "height": 120, "pitch": -4, "distance": 280, "stiffness": 0.55, "swivel_speed": 5, "transition_speed": 1.5}, "steering_sensitivity": 1.9, "stats": {"core": {"shots": 0, "shots_against": 11, "goals": 0, "goals_against": 1, "saves": 3, "assists": 0, "score": 410, "mvp": false, "shooting_percentage": 0}, "boost": {"bpm": 478, "bcpm": 470.49817, "avg_amount": 42.25, "amount_collected": 2561, "amount_stolen": 387, "amount_collected_big": 1716, "amount_stolen_big": 195, "amount_collected_small": 845, "amount_stolen_small": 192, "count_collected_big": 20, "count_stolen_big": 2, "count_collected_small": 78, "count_stolen_small": 18, "amount_overfill": 284, "amount_overfill_stolen": 5, "amount_used_while_supersonic": 669, "time_zero_boost": 55.62, "percent_zero_boost": 17.030527, "time_full_boost": 24.2, "percent_full_boost": 7.4099026, "time_boost_0_25": 156.84, "time_boost_25_50": 53.31, "time_boost_50_75": 66.21, "time_boost_75_100": 51.23, "percent_boost_0_25": 47.87692, "percent_boost_25_50": 16.27339, "percent_boost_50_75": 20.21124, "percent_boost_75_100": 15.638451}, "movement": {"avg_speed": 1660, "total_distance": 526744, "time_supersonic_speed": 69.37, "time_boost_speed": 145.54, "time_slow_speed": 117.42, "time_ground": 205.12, "time_low_air": 113.49, "time_high_air": 13.71, "time_powerslide": 4.94, "count_powerslide": 58, "avg_powerslide_duration": 0.09, "avg_speed_percentage": 72.17391, "percent_slow_speed": 35.33235, "percent_boost_speed": 43.79382, "percent_supersonic_speed": 20.873833, "percent_ground": 61.723644, "percent_low_air": 34.15082, "percent_high_air": 4.125542}, "positioning": {"avg_distance_to_ball": 2411, "avg_distance_to_ball_possession": 2260, "avg_distance_to_ball_no_possession": 2397, "avg_distance_to_mates": 3182, "time_defensive_third": 178.73, "time_neutral_third": 106.49, "time_offensive_third": 47.11, "time_defensive_half": 231.41, "time_offensive_half": 100.92, "time_behind_ball": 236.71, "time_infront_ball": 95.62, "time_most_back": 196.9, "time_most_forward": 130.9, "time_closest_to_ball": 168.2, "time_farthest_from_ball": 159.7, "percent_defensive_third": 53.780884, "percent_offensive_third": 14.17567, "percent_neutral_third": 32.043453, "percent_defensive_half": 69.63259, "percent_offensive_half": 30.367405, "percent_behind_ball": 71.227394, "percent_infront_ball": 28.772604, "percent_most_back": 60.28966, "percent_most_forward": 40.080833, "percent_closest_to_ball": 51.501884, "percent_farthest_from_ball": 48.89923}, "demo": {"inflicted": 3, "taken": 2}}}], "stats": {"ball": {"possession_time": 134.42, "time_in_side": 194.52}, "core": {"shots": 7, "shots_against": 11, "goals": 2, "goals_against": 1, "saves": 9, "assists": 0, "score": 1221, "shooting_percentage": 28.571428}, "boost": {"bpm": 868, "bcpm": 842.708, "avg_amount": 82.35, "amount_collected": 4587, "amount_stolen": 751, "amount_collected_big": 3199, "amount_stolen_big": 395, "amount_collected_small": 1388, "amount_stolen_small": 356, "count_collected_big": 36, "count_stolen_big": 4, "count_collected_small": 128, "count_stolen_small": 32, "amount_overfill": 417, "amount_overfill_stolen": 5, "amount_used_while_supersonic": 1166, "time_zero_boost": 139.37, "time_full_boost": 37.9, "time_boost_0_25": 300.86, "time_boost_25_50": 125.44, "time_boost_50_75": 118.009995, "time_boost_75_100": 110.899994}, "movement": {"total_distance": 1015892, "time_supersonic_speed": 119.28, "time_boost_speed": 282.18, "time_slow_speed": 266.19, "time_ground": 406.05, "time_low_air": 237.29999, "time_high_air": 24.29, "time_powerslide": 9.24, "count_powerslide": 97}, "positioning": {"time_defensive_third": 359.02, "time_neutral_third": 187.26, "time_offensive_third": 121.37, "time_defensive_half": 450.05, "time_offensive_half": 217.6, "time_behind_ball": 471.13, "time_infront_ball": 196.52}, "demo": {"inflicted": 3, "taken": 3}}}, "orange": {"color": "orange", "players": [{"start_time": 0, "end_time": 338.58316, "name": "n o a h", "id": {"platform": "steam", "id": "76561198167885099"}, "rank": {"id": "champion-3", "tier": 18, "division": 4, "name": "Champion III Division 4"}, "car_id": 23, "car_name": "Octane", "camera": {"fov": 110, "height": 90, "pitch": -5, "distance": 270, "stiffness": 0.55, "swivel_speed": 3, "transition_speed": 1.1}, "steering_sensitivity": 1.3, "stats": {"core": {"shots": 6, "shots_against": 7, "goals": 0, "goals_against": 2, "saves": 3, "assists": 0, "score": 448, "mvp": false, "shooting_percentage": 0}, "boost": {"bpm": 440, "bcpm": 469.94702, "avg_amount": 52.04, "amount_collected": 2558, "amount_stolen": 441, "amount_collected_big": 1760, "amount_stolen_big": 214, "amount_collected_small": 798, "amount_stolen_small": 227, "count_collected_big": 23, "count_stolen_big": 3, "count_collected_small": 71, "count_stolen_small": 20, "amount_overfill": 480, "amount_overfill_stolen": 88, "amount_used_while_supersonic": 562, "time_zero_boost": 33.43, "percent_zero_boost": 10.236076, "time_full_boost": 57.56, "percent_full_boost": 17.624544, "time_boost_0_25": 98.63, "time_boost_25_50": 73.74, "time_boost_50_75": 67.56, "time_boost_75_100": 92.76, "percent_boost_0_25": 29.646217, "percent_boost_25_50": 22.164778, "percent_boost_50_75": 20.307192, "percent_boost_75_100": 27.881811}, "movement": {"avg_speed": 1575, "total_distance": 502118, "time_supersonic_speed": 57.88, "time_boost_speed": 136.53, "time_slow_speed": 140.88, "time_ground": 186.26, "time_low_air": 141.08, "time_high_air": 7.94, "time_powerslide": 3.7, "count_powerslide": 44, "avg_powerslide_duration": 0.08, "avg_speed_percentage": 68.478264, "percent_slow_speed": 42.017357, "percent_boost_speed": 40.719975, "percent_supersonic_speed": 17.262669, "percent_ground": 55.553566, "percent_low_air": 42.078262, "percent_high_air": 2.3681698}, "positioning": {"avg_distance_to_ball": 2892, "avg_distance_to_ball_possession": 2722, "avg_distance_to_ball_no_possession": 3045, "avg_distance_to_mates": 3747, "time_defensive_third": 158.59, "time_neutral_third": 102.07, "time_offensive_third": 74.62, "time_defensive_half": 212.53, "time_offensive_half": 122.75, "time_behind_ball": 251.64, "time_infront_ball": 83.64, "time_most_back": 166.5, "time_most_forward": 163.2, "goals_against_while_last_defender": 1, "time_closest_to_ball": 160.7, "time_farthest_from_ball": 168.7, "percent_defensive_third": 47.300762, "percent_offensive_third": 22.256027, "percent_neutral_third": 30.443213, "percent_defensive_half": 63.38881, "percent_offensive_half": 36.61119, "percent_behind_ball": 75.05369, "percent_infront_ball": 24.946314, "percent_most_back": 50.981354, "percent_most_forward": 49.970913, "percent_closest_to_ball": 49.205425, "percent_farthest_from_ball": 51.65498}, "demo": {"inflicted": 0, "taken": 1}}}, {"start_time": 0, "end_time": 338.58316, "name": "Respawn", "id": {"platform": "steam", "id": "76561198180060955"}, "car_id": 4284, "car_name": "Fennec", "camera": {"fov": 110, "height": 100, "pitch": -3, "distance": 260, "stiffness": 0.6, "swivel_speed": 3.5, "transition_speed": 1.7}, "steering_sensitivity": 1.3, "stats": {"core": {"shots": 5, "shots_against": 7, "goals": 1, "goals_against": 2, "saves": 1, "assists": 0, "score": 441, "mvp": false, "shooting_percentage": 20}, "boost": {"bpm": 463, "bcpm": 499.7091, "avg_amount": 58.47, "amount_collected": 2720, "amount_stolen": 691, "amount_collected_big": 2150, "amount_stolen_big": 515, "amount_collected_small": 570, "amount_stolen_small": 176, "count_collected_big": 34, "count_stolen_big": 6, "count_collected_small": 53, "count_stolen_small": 17, "amount_overfill": 1189, "amount_overfill_stolen": 89, "amount_used_while_supersonic": 409, "time_zero_boost": 18.43, "percent_zero_boost": 5.6431613, "time_full_boost": 40.27, "percent_full_boost": 12.330445, "time_boost_0_25": 94.47, "time_boost_25_50": 55.32, "time_boost_50_75": 56.01, "time_boost_75_100": 115.59, "percent_boost_0_25": 29.394192, "percent_boost_25_50": 17.212732, "percent_boost_50_75": 17.427423, "percent_boost_75_100": 35.96565}, "movement": {"avg_speed": 1568, "total_distance": 495567, "time_supersonic_speed": 68.96, "time_boost_speed": 115.09, "time_slow_speed": 148.2, "time_ground": 204.41, "time_low_air": 112.04, "time_high_air": 15.81, "time_powerslide": 5.15, "count_powerslide": 32, "avg_powerslide_duration": 0.16, "avg_speed_percentage": 68.17391, "percent_slow_speed": 44.60497, "percent_boost_speed": 34.639584, "percent_supersonic_speed": 20.755457, "percent_ground": 61.521095, "percent_low_air": 33.72058, "percent_high_air": 4.758322}, "positioning": {"avg_distance_to_ball": 2605, "avg_distance_to_ball_possession": 2335, "avg_distance_to_ball_no_possession": 2873, "avg_distance_to_mates": 3747, "time_defensive_third": 140.1, "time_neutral_third": 108.77, "time_offensive_third": 83.39, "time_defensive_half": 195.68, "time_offensive_half": 136.58, "time_behind_ball": 252.92, "time_infront_ball": 79.34, "time_most_back": 166.4, "time_most_forward": 163.2, "goals_against_while_last_defender": 1, "time_closest_to_ball": 165.5, "time_farthest_from_ball": 164.4, "percent_defensive_third": 42.165775, "percent_offensive_third": 25.097815, "percent_neutral_third": 32.736412, "percent_defensive_half": 58.893635, "percent_offensive_half": 41.10636, "percent_behind_ball": 76.12111, "percent_infront_ball": 23.878887, "percent_most_back": 50.950733, "percent_most_forward": 49.970913, "percent_closest_to_ball": 50.67516, "percent_farthest_from_ball": 50.338345}, "demo": {"inflicted": 3, "taken": 2}}}], "stats": {"ball": {"possession_time": 161.23, "time_in_side": 128.78}, "core": {"shots": 11, "shots_against": 7, "goals": 1, "goals_against": 2, "saves": 4, "assists": 0, "score": 889, "shooting_percentage": 9.090909}, "boost": {"bpm": 903, "bcpm": 969.6561, "avg_amount": 110.51, "amount_collected": 5278, "amount_stolen": 1132, "amount_collected_big": 3910, "amount_stolen_big": 729, "amount_collected_small": 1368, "amount_stolen_small": 403, "count_collected_big": 57, "count_stolen_big": 9, "count_collected_small": 124, "count_stolen_small": 37, "amount_overfill": 1669, "amount_overfill_stolen": 177, "amount_used_while_supersonic": 971, "time_zero_boost": 51.86, "time_full_boost": 97.83, "time_boost_0_25": 193.1, "time_boost_25_50": 129.06, "time_boost_50_75": 123.56999, "time_boost_75_100": 208.35}, "movement": {"total_distance": 997685, "time_supersonic_speed": 126.84, "time_boost_speed": 251.62, "time_slow_speed": 289.08002, "time_ground": 390.66998, "time_low_air": 253.12, "time_high_air": 23.75, "time_powerslide": 8.85, "count_powerslide": 76}, "positioning": {"time_defensive_third": 298.69, "time_neutral_third": 210.84, "time_offensive_third": 158.01001, "time_defensive_half": 408.21, "time_offensive_half": 259.33002, "time_behind_ball": 504.56, "time_infront_ball": 162.98}, "demo": {"inflicted": 3, "taken": 3}}}, "playlist_name": "Ranked Doubles", "map_name": "Champions Field", "server": {"name": "USE3-0EA691D0A8D801605-Takumi", "region": "USE"}}