{"id": "6c067f64-30c7-4659-9b24-428ce43e6ff5", "link": "https://ballchasing.com/api/replays/6c067f64-30c7-4659-9b24-428ce43e6ff5", "created": "2025-07-19T14:27:58.527626Z", "uploader": {"steam_id": "76561198167885099", "name": "n o a h", "profile_url": "https://steamcommunity.com/id/Zermah/", "avatar": "https://avatars.steamstatic.com/1cbf3880830cdc652b673f09b13c212b1feb24aa.jpg"}, "status": "ok", "rocket_league_id": "DD0C6EAB4821F796EFC63AAEAB249AD8", "match_guid": "48CF6F1611F0645C069BC881A08B4CE6", "title": "2025-07-18.23.59 n o a h Ranked Doubles Loss", "map_code": "stadium_10a_p", "match_type": "Online", "team_size": 2, "playlist_id": "ranked-doubles", "duration": 347, "overtime": false, "season": 19, "season_type": "free2play", "date": "2025-07-18T23:59:45-05:00", "date_has_timezone": true, "visibility": "public", "min_rank": {"id": "grand-champion", "tier": 19, "division": 1, "name": "Grand Champion I Division 1"}, "max_rank": {"id": "grand-champion", "tier": 19, "division": 2, "name": "Grand Champion I Division 2"}, "groups": [{"id": "replay-analysis-j2e0c8rw06", "name": "Replay Analysis", "link": "https://ballchasing.com/api/groups/replay-analysis-j2e0c8rw06"}], "blue": {"color": "blue", "players": [{"start_time": 0, "end_time": 347.8417, "name": "Swaggieman2000", "id": {"platform": "steam", "id": "76561199043517496"}, "mvp": true, "rank": {"id": "grand-champion", "tier": 19, "division": 2, "name": "Grand Champion I Division 2"}, "car_id": 23, "car_name": "Octane", "camera": {"fov": 110, "height": 120, "pitch": -4, "distance": 300, "stiffness": 0.45, "swivel_speed": 1.2, "transition_speed": 1}, "steering_sensitivity": 1.2, "stats": {"core": {"shots": 9, "shots_against": 5, "goals": 3, "goals_against": 2, "saves": 3, "assists": 1, "score": 834, "mvp": true, "shooting_percentage": 33.333332}, "boost": {"bpm": 380, "bcpm": 377.7852, "avg_amount": 50.58, "amount_collected": 2077, "amount_stolen": 486, "amount_collected_big": 1352, "amount_stolen_big": 181, "amount_collected_small": 725, "amount_stolen_small": 305, "count_collected_big": 17, "count_stolen_big": 2, "count_collected_small": 66, "count_stolen_small": 27, "amount_overfill": 369, "amount_overfill_stolen": 25, "amount_used_while_supersonic": 155, "time_zero_boost": 36.57, "percent_zero_boost": 11.086185, "time_full_boost": 26.17, "percent_full_boost": 7.9334283, "time_boost_0_25": 84.18, "time_boost_25_50": 83.43, "time_boost_50_75": 80.86, "time_boost_75_100": 81.91, "percent_boost_0_25": 25.47975, "percent_boost_25_50": 25.252739, "percent_boost_50_75": 24.474846, "percent_boost_75_100": 24.792664}, "movement": {"avg_speed": 1543, "total_distance": 487435, "time_supersonic_speed": 51.51, "time_boost_speed": 137.49, "time_slow_speed": 150.09, "time_ground": 176.68, "time_low_air": 146.99, "time_high_air": 15.41, "time_powerslide": 3.24, "count_powerslide": 26, "avg_powerslide_duration": 0.12, "avg_speed_percentage": 67.08696, "percent_slow_speed": 44.26258, "percent_boost_speed": 40.546757, "percent_supersonic_speed": 15.190656, "percent_ground": 52.1057, "percent_low_air": 43.349655, "percent_high_air": 4.5446506}, "positioning": {"avg_distance_to_ball": 2608, "avg_distance_to_ball_possession": 2163, "avg_distance_to_ball_no_possession": 3069, "avg_distance_to_mates": 3705, "time_defensive_third": 129.47, "time_neutral_third": 104.58, "time_offensive_third": 105.03, "time_defensive_half": 178.5, "time_offensive_half": 160.58, "time_behind_ball": 252.46, "time_infront_ball": 86.62, "time_most_back": 134, "time_most_forward": 197.2, "goals_against_while_last_defender": 1, "time_closest_to_ball": 169.1, "time_farthest_from_ball": 162.1, "percent_defensive_third": 38.182728, "percent_offensive_third": 30.974989, "percent_neutral_third": 30.842278, "percent_defensive_half": 52.64244, "percent_offensive_half": 47.35755, "percent_behind_ball": 74.4544, "percent_infront_ball": 25.545593, "percent_most_back": 40.622063, "percent_most_forward": 59.781128, "percent_closest_to_ball": 51.26262, "percent_farthest_from_ball": 49.140575}, "demo": {"inflicted": 1, "taken": 2}}}, {"start_time": 0, "end_time": 347.8417, "name": "yunky_type_shii", "id": {"platform": "epic", "id": "f933ff103db8429a8a85aa469a021b02"}, "rank": {"id": "grand-champion", "tier": 19, "division": 1, "name": "Grand Champion I Division 1"}, "car_id": 403, "car_name": "Dominus", "camera": {"fov": 110, "height": 120, "pitch": -5, "distance": 270, "stiffness": 0.45, "swivel_speed": 4, "transition_speed": 1}, "steering_sensitivity": 1.22, "stats": {"core": {"shots": 3, "shots_against": 5, "goals": 1, "goals_against": 2, "saves": 0, "assists": 3, "score": 439, "mvp": false, "shooting_percentage": 33.333332}, "boost": {"bpm": 380, "bcpm": 405.43243, "avg_amount": 48.51, "amount_collected": 2229, "amount_stolen": 288, "amount_collected_big": 1584, "amount_stolen_big": 174, "amount_collected_small": 645, "amount_stolen_small": 114, "count_collected_big": 20, "count_stolen_big": 2, "count_collected_small": 57, "count_stolen_small": 10, "amount_overfill": 435, "amount_overfill_stolen": 25, "amount_used_while_supersonic": 95, "time_zero_boost": 48.25, "percent_zero_boost": 14.626974, "time_full_boost": 30.67, "percent_full_boost": 9.297603, "time_boost_0_25": 108.89, "time_boost_25_50": 65.55, "time_boost_50_75": 62.66, "time_boost_75_100": 96.57, "percent_boost_0_25": 32.634037, "percent_boost_25_50": 19.645159, "percent_boost_50_75": 18.779032, "percent_boost_75_100": 28.941767}, "movement": {"avg_speed": 1484, "total_distance": 472981, "time_supersonic_speed": 40.11, "time_boost_speed": 141.43, "time_slow_speed": 160.65, "time_ground": 198.17, "time_low_air": 117.75, "time_high_air": 26.27, "time_powerslide": 13.6, "count_powerslide": 66, "avg_powerslide_duration": 0.21, "avg_speed_percentage": 64.521736, "percent_slow_speed": 46.947598, "percent_boost_speed": 41.330837, "percent_supersonic_speed": 11.721559, "percent_ground": 57.912277, "percent_low_air": 34.41071, "percent_high_air": 7.677022}, "positioning": {"avg_distance_to_ball": 3018, "avg_distance_to_ball_possession": 3021, "avg_distance_to_ball_no_possession": 3060, "avg_distance_to_mates": 3705, "time_defensive_third": 173.84, "time_neutral_third": 102.04, "time_offensive_third": 66.31, "time_defensive_half": 229.37, "time_offensive_half": 112.83, "time_behind_ball": 280.65, "time_infront_ball": 61.55, "time_most_back": 202.4, "time_most_forward": 131.6, "goals_against_while_last_defender": 1, "time_closest_to_ball": 160, "time_farthest_from_ball": 174, "percent_defensive_third": 50.802185, "percent_offensive_third": 19.378122, "percent_neutral_third": 29.81969, "percent_defensive_half": 67.02805, "percent_offensive_half": 32.971947, "percent_behind_ball": 82.01345, "percent_infront_ball": 17.986559, "percent_most_back": 61.357506, "percent_most_forward": 39.89451, "percent_closest_to_ball": 48.503956, "percent_farthest_from_ball": 52.748055}, "demo": {"inflicted": 0, "taken": 1}}}], "stats": {"ball": {"possession_time": 130.06, "time_in_side": 132.31}, "core": {"shots": 12, "shots_against": 5, "goals": 4, "goals_against": 2, "saves": 3, "assists": 4, "score": 1273, "shooting_percentage": 33.333332}, "boost": {"bpm": 760, "bcpm": 783.21765, "avg_amount": 99.09, "amount_collected": 4306, "amount_stolen": 774, "amount_collected_big": 2936, "amount_stolen_big": 355, "amount_collected_small": 1370, "amount_stolen_small": 419, "count_collected_big": 37, "count_stolen_big": 4, "count_collected_small": 123, "count_stolen_small": 37, "amount_overfill": 804, "amount_overfill_stolen": 50, "amount_used_while_supersonic": 250, "time_zero_boost": 84.82, "time_full_boost": 56.84, "time_boost_0_25": 193.07, "time_boost_25_50": 148.98001, "time_boost_50_75": 143.52, "time_boost_75_100": 178.48001}, "movement": {"total_distance": 960416, "time_supersonic_speed": 91.619995, "time_boost_speed": 278.91998, "time_slow_speed": 310.74, "time_ground": 374.84998, "time_low_air": 264.74, "time_high_air": 41.68, "time_powerslide": 16.84, "count_powerslide": 92}, "positioning": {"time_defensive_third": 303.31, "time_neutral_third": 206.62, "time_offensive_third": 171.34, "time_defensive_half": 407.87, "time_offensive_half": 273.41, "time_behind_ball": 533.11, "time_infront_ball": 148.17}, "demo": {"inflicted": 1, "taken": 3}}}, "orange": {"color": "orange", "players": [{"start_time": 0, "end_time": 347.8417, "name": "Respawn", "id": {"platform": "steam", "id": "76561198180060955"}, "car_id": 4284, "car_name": "Fennec", "camera": {"fov": 110, "height": 100, "pitch": -3, "distance": 260, "stiffness": 0.6, "swivel_speed": 3.5, "transition_speed": 1.7}, "steering_sensitivity": 1.3, "stats": {"core": {"shots": 3, "shots_against": 12, "goals": 1, "goals_against": 4, "saves": 6, "assists": 0, "score": 657, "mvp": false, "shooting_percentage": 33.333332}, "boost": {"bpm": 407, "bcpm": 372.87418, "avg_amount": 48.61, "amount_collected": 2050, "amount_stolen": 351, "amount_collected_big": 1565, "amount_stolen_big": 170, "amount_collected_small": 485, "amount_stolen_small": 181, "count_collected_big": 20, "count_stolen_big": 2, "count_collected_small": 43, "count_stolen_small": 16, "amount_overfill": 357, "amount_overfill_stolen": 32, "amount_used_while_supersonic": 281, "time_zero_boost": 28.24, "percent_zero_boost": 8.560948, "time_full_boost": 49.01, "percent_full_boost": 14.857368, "time_boost_0_25": 100.49, "time_boost_25_50": 82.05, "time_boost_50_75": 65.5, "time_boost_75_100": 79.84, "percent_boost_0_25": 30.648407, "percent_boost_25_50": 25.024399, "percent_boost_50_75": 19.97682, "percent_boost_75_100": 24.35037}, "movement": {"avg_speed": 1533, "total_distance": 489230, "time_supersonic_speed": 63.9, "time_boost_speed": 114.17, "time_slow_speed": 163.04, "time_ground": 205.38, "time_low_air": 117.36, "time_high_air": 18.37, "time_powerslide": 3.9, "count_powerslide": 30, "avg_powerslide_duration": 0.13, "avg_speed_percentage": 66.652176, "percent_slow_speed": 47.796898, "percent_boost_speed": 33.470142, "percent_supersonic_speed": 18.732962, "percent_ground": 60.20932, "percent_low_air": 34.405327, "percent_high_air": 5.3853602}, "positioning": {"avg_distance_to_ball": 2446, "avg_distance_to_ball_possession": 2324, "avg_distance_to_ball_no_possession": 2589, "avg_distance_to_mates": 3412, "time_defensive_third": 194.28, "time_neutral_third": 88.78, "time_offensive_third": 58.04, "time_defensive_half": 244.88, "time_offensive_half": 96.23, "time_behind_ball": 252.03, "time_infront_ball": 89.08, "time_most_back": 169.6, "time_most_forward": 159.7, "goals_against_while_last_defender": 3, "time_closest_to_ball": 182.7, "time_farthest_from_ball": 146.6, "percent_defensive_third": 56.9569, "percent_offensive_third": 17.015537, "percent_neutral_third": 26.027557, "percent_defensive_half": 71.789154, "percent_offensive_half": 28.21084, "percent_behind_ball": 73.88526, "percent_infront_ball": 26.114744, "percent_most_back": 51.414196, "percent_most_forward": 48.413013, "percent_closest_to_ball": 55.385456, "percent_farthest_from_ball": 44.441753}, "demo": {"inflicted": 3, "taken": 1}}}, {"start_time": 0, "end_time": 347.8417, "name": "n o a h", "id": {"platform": "steam", "id": "76561198167885099"}, "rank": {"id": "grand-champion", "tier": 19, "division": 1, "name": "Grand Champion I Division 1"}, "car_id": 23, "car_name": "Octane", "camera": {"fov": 110, "height": 90, "pitch": -5, "distance": 270, "stiffness": 0.55, "swivel_speed": 3, "transition_speed": 1.1}, "steering_sensitivity": 1.3, "stats": {"core": {"shots": 2, "shots_against": 12, "goals": 1, "goals_against": 4, "saves": 1, "assists": 0, "score": 346, "mvp": false, "shooting_percentage": 50}, "boost": {"bpm": 381, "bcpm": 390.69937, "avg_amount": 51.97, "amount_collected": 2148, "amount_stolen": 469, "amount_collected_big": 1400, "amount_stolen_big": 287, "amount_collected_small": 748, "amount_stolen_small": 182, "count_collected_big": 18, "count_stolen_big": 4, "count_collected_small": 62, "count_stolen_small": 16, "amount_overfill": 110, "amount_overfill_stolen": 4, "amount_used_while_supersonic": 299, "time_zero_boost": 39.42, "percent_zero_boost": 11.950162, "time_full_boost": 17.78, "percent_full_boost": 5.3900027, "time_boost_0_25": 113.01, "time_boost_25_50": 76.03, "time_boost_50_75": 50.19, "time_boost_75_100": 88.07, "percent_boost_0_25": 34.527954, "percent_boost_25_50": 23.229452, "percent_boost_50_75": 15.334555, "percent_boost_75_100": 26.908033}, "movement": {"avg_speed": 1490, "total_distance": 478870, "time_supersonic_speed": 46.44, "time_boost_speed": 121.72, "time_slow_speed": 176.89, "time_ground": 203.2, "time_low_air": 127.42, "time_high_air": 14.44, "time_powerslide": 4.14, "count_powerslide": 41, "avg_powerslide_duration": 0.1, "avg_speed_percentage": 64.78261, "percent_slow_speed": 51.265038, "percent_boost_speed": 35.276047, "percent_supersonic_speed": 13.45892, "percent_ground": 58.88831, "percent_low_air": 36.92691, "percent_high_air": 4.1847796}, "positioning": {"avg_distance_to_ball": 2835, "avg_distance_to_ball_possession": 2603, "avg_distance_to_ball_no_possession": 3008, "avg_distance_to_mates": 3412, "time_defensive_third": 174.52, "time_neutral_third": 117.2, "time_offensive_third": 53.34, "time_defensive_half": 245.5, "time_offensive_half": 99.56, "time_behind_ball": 246.39, "time_infront_ball": 98.66, "time_most_back": 163.6, "time_most_forward": 169.5, "goals_against_while_last_defender": 1, "time_closest_to_ball": 146.1, "time_farthest_from_ball": 187, "percent_defensive_third": 50.57671, "percent_offensive_third": 15.458181, "percent_neutral_third": 33.965107, "percent_defensive_half": 71.14705, "percent_offensive_half": 28.852953, "percent_behind_ball": 71.40704, "percent_infront_ball": 28.592958, "percent_most_back": 49.5953, "percent_most_forward": 51.38388, "percent_closest_to_ball": 44.29018, "percent_farthest_from_ball": 56.689}, "demo": {"inflicted": 0, "taken": 0}}}], "stats": {"ball": {"possession_time": 130.51, "time_in_side": 184.62}, "core": {"shots": 5, "shots_against": 12, "goals": 2, "goals_against": 4, "saves": 7, "assists": 0, "score": 1003, "shooting_percentage": 40}, "boost": {"bpm": 788, "bcpm": 763.57355, "avg_amount": 100.58, "amount_collected": 4198, "amount_stolen": 820, "amount_collected_big": 2965, "amount_stolen_big": 457, "amount_collected_small": 1233, "amount_stolen_small": 363, "count_collected_big": 38, "count_stolen_big": 6, "count_collected_small": 105, "count_stolen_small": 32, "amount_overfill": 467, "amount_overfill_stolen": 36, "amount_used_while_supersonic": 580, "time_zero_boost": 67.659996, "time_full_boost": 66.79, "time_boost_0_25": 213.5, "time_boost_25_50": 158.08, "time_boost_50_75": 115.69, "time_boost_75_100": 167.91}, "movement": {"total_distance": 968100, "time_supersonic_speed": 110.34, "time_boost_speed": 235.89, "time_slow_speed": 339.93, "time_ground": 408.58002, "time_low_air": 244.78, "time_high_air": 32.81, "time_powerslide": 8.04, "count_powerslide": 71}, "positioning": {"time_defensive_third": 368.8, "time_neutral_third": 205.98, "time_offensive_third": 111.380005, "time_defensive_half": 490.38, "time_offensive_half": 195.79001, "time_behind_ball": 498.41998, "time_infront_ball": 187.74}, "demo": {"inflicted": 3, "taken": 1}}}, "playlist_name": "Ranked Doubles", "server": {"name": "USC1-09858777A6725AA8A-Apogee", "region": "USC"}}