{"id": "733f411b-83fb-47e6-b577-ba9036158215", "link": "https://ballchasing.com/api/replays/733f411b-83fb-47e6-b577-ba9036158215", "created": "2025-07-19T14:35:33.169638Z", "uploader": {"steam_id": "76561198167885099", "name": "n o a h", "profile_url": "https://steamcommunity.com/id/Zermah/", "avatar": "https://avatars.steamstatic.com/1cbf3880830cdc652b673f09b13c212b1feb24aa.jpg"}, "status": "ok", "rocket_league_id": "B931E05E11F064521EA76FB1664E36BA", "match_guid": "EBDA2AC611F0645101F26FB187D06070", "title": "replay redown 6", "map_code": "chn_stadium_p", "match_type": "Online", "team_size": 2, "playlist_id": "ranked-doubles", "duration": 302, "overtime": false, "season": 19, "season_type": "free2play", "date": "2025-07-19T01:44:50Z", "date_has_timezone": false, "visibility": "public", "groups": [{"id": "replay-analysis-j2e0c8rw06", "name": "Replay Analysis", "link": "https://ballchasing.com/api/groups/replay-analysis-j2e0c8rw06"}], "blue": {"color": "blue", "players": [{"start_time": 0, "end_time": 302.91022, "name": "Sly", "id": {"platform": "steam", "id": "76561198420727288"}, "mvp": true, "car_id": 4284, "car_name": "Fennec", "camera": {"fov": 105, "height": 100, "pitch": -5, "distance": 280, "stiffness": 0.8, "swivel_speed": 3.7, "transition_speed": 1.4}, "steering_sensitivity": 4.33, "stats": {"core": {"shots": 5, "shots_against": 4, "goals": 1, "goals_against": 0, "saves": 3, "assists": 1, "score": 499, "mvp": true, "shooting_percentage": 20}, "boost": {"bpm": 346, "bcpm": 347.00958, "avg_amount": 46.14, "amount_collected": 1700, "amount_stolen": 646, "amount_collected_big": 1126, "amount_stolen_big": 418, "amount_collected_small": 574, "amount_stolen_small": 228, "count_collected_big": 14, "count_stolen_big": 5, "count_collected_small": 51, "count_stolen_small": 19, "amount_overfill": 194, "amount_overfill_stolen": 81, "amount_used_while_supersonic": 349, "time_zero_boost": 34.78, "percent_zero_boost": 11.832347, "time_full_boost": 29, "percent_full_boost": 9.865959, "time_boost_0_25": 101.36, "time_boost_25_50": 70.79, "time_boost_50_75": 55.03, "time_boost_75_100": 65.4, "percent_boost_0_25": 34.643517, "percent_boost_25_50": 24.195093, "percent_boost_50_75": 18.808533, "percent_boost_75_100": 22.352861}, "movement": {"avg_speed": 1497, "total_distance": 435130, "time_supersonic_speed": 37.1, "time_boost_speed": 116.55, "time_slow_speed": 149.08, "time_ground": 190.73, "time_low_air": 107.62, "time_high_air": 4.39, "time_powerslide": 2.69, "count_powerslide": 20, "avg_powerslide_duration": 0.13, "avg_speed_percentage": 65.08696, "percent_slow_speed": 49.2452, "percent_boost_speed": 38.499653, "percent_supersonic_speed": 12.255143, "percent_ground": 63.00125, "percent_low_air": 35.548653, "percent_high_air": 1.4500891}, "positioning": {"avg_distance_to_ball": 2304, "avg_distance_to_ball_possession": 2113, "avg_distance_to_ball_no_possession": 2308, "avg_distance_to_mates": 3253, "time_defensive_third": 123.6, "time_neutral_third": 104.19, "time_offensive_third": 74.94, "time_defensive_half": 172.8, "time_offensive_half": 129.93, "time_behind_ball": 203.99, "time_infront_ball": 98.74, "time_most_back": 135.9, "time_most_forward": 155.5, "time_closest_to_ball": 142.4, "time_farthest_from_ball": 149, "percent_defensive_third": 40.82846, "percent_offensive_third": 24.75473, "percent_neutral_third": 34.416805, "percent_defensive_half": 57.08057, "percent_offensive_half": 42.919434, "percent_behind_ball": 67.38348, "percent_infront_ball": 32.61652, "percent_most_back": 46.23392, "percent_most_forward": 52.90195, "percent_closest_to_ball": 48.44526, "percent_farthest_from_ball": 50.690617}, "demo": {"inflicted": 1, "taken": 0}}}, {"start_time": 0, "end_time": 302.91022, "name": "nedimiedin", "id": {"platform": "epic", "id": "124e770b85ab404a9ff519bbed2d08f7"}, "car_id": 23, "car_name": "Octane", "camera": {"fov": 110, "height": 100, "pitch": -5, "distance": 280, "stiffness": 0.7, "swivel_speed": 8.6, "transition_speed": 1.5}, "steering_sensitivity": 1.01, "stats": {"core": {"shots": 6, "shots_against": 4, "goals": 2, "goals_against": 0, "saves": 1, "assists": 0, "score": 486, "mvp": false, "shooting_percentage": 33.333332}, "boost": {"bpm": 441, "bcpm": 447.8465, "avg_amount": 56.77, "amount_collected": 2194, "amount_stolen": 345, "amount_collected_big": 1688, "amount_stolen_big": 171, "amount_collected_small": 506, "amount_stolen_small": 174, "count_collected_big": 22, "count_stolen_big": 2, "count_collected_small": 47, "count_stolen_small": 15, "amount_overfill": 537, "amount_overfill_stolen": 34, "amount_used_while_supersonic": 349, "time_zero_boost": 39.82, "percent_zero_boost": 13.546982, "time_full_boost": 29.77, "percent_full_boost": 10.127917, "time_boost_0_25": 98.23, "time_boost_25_50": 46.53, "time_boost_50_75": 45.41, "time_boost_75_100": 100.1, "percent_boost_0_25": 33.840904, "percent_boost_25_50": 16.029902, "percent_boost_50_75": 15.644054, "percent_boost_75_100": 34.48513}, "movement": {"avg_speed": 1582, "total_distance": 452445, "time_supersonic_speed": 48.37, "time_boost_speed": 126.88, "time_slow_speed": 123.95, "time_ground": 156.85, "time_low_air": 120.52, "time_high_air": 21.82, "time_powerslide": 4.71, "count_powerslide": 33, "avg_powerslide_duration": 0.14, "avg_speed_percentage": 68.78261, "percent_slow_speed": 41.427143, "percent_boost_speed": 42.406418, "percent_supersonic_speed": 16.166445, "percent_ground": 52.424885, "percent_low_air": 40.282093, "percent_high_air": 7.2930245}, "positioning": {"avg_distance_to_ball": 2299, "avg_distance_to_ball_possession": 1734, "avg_distance_to_ball_no_possession": 2876, "avg_distance_to_mates": 3253, "time_defensive_third": 135.41, "time_neutral_third": 106.56, "time_offensive_third": 57.23, "time_defensive_half": 196.01, "time_offensive_half": 103.19, "time_behind_ball": 224.48, "time_infront_ball": 74.71, "time_most_back": 154, "time_most_forward": 135.2, "time_closest_to_ball": 148.3, "time_farthest_from_ball": 140.9, "percent_defensive_third": 45.25735, "percent_offensive_third": 19.127672, "percent_neutral_third": 35.61497, "percent_defensive_half": 65.51136, "percent_offensive_half": 34.488636, "percent_behind_ball": 75.02924, "percent_infront_ball": 24.970755, "percent_most_back": 52.391644, "percent_most_forward": 45.99578, "percent_closest_to_ball": 50.452473, "percent_farthest_from_ball": 47.934948}, "demo": {"inflicted": 0, "taken": 0}}}], "stats": {"ball": {"possession_time": 125.69, "time_in_side": 152.89}, "core": {"shots": 11, "shots_against": 4, "goals": 3, "goals_against": 0, "saves": 4, "assists": 1, "score": 985, "shooting_percentage": 27.272728}, "boost": {"bpm": 787, "bcpm": 794.8561, "avg_amount": 102.91, "amount_collected": 3894, "amount_stolen": 991, "amount_collected_big": 2814, "amount_stolen_big": 589, "amount_collected_small": 1080, "amount_stolen_small": 402, "count_collected_big": 36, "count_stolen_big": 7, "count_collected_small": 98, "count_stolen_small": 34, "amount_overfill": 731, "amount_overfill_stolen": 115, "amount_used_while_supersonic": 698, "time_zero_boost": 74.6, "time_full_boost": 58.77, "time_boost_0_25": 199.59, "time_boost_25_50": 117.32, "time_boost_50_75": 100.44, "time_boost_75_100": 165.5}, "movement": {"total_distance": 887575, "time_supersonic_speed": 85.47, "time_boost_speed": 243.43, "time_slow_speed": 273.03, "time_ground": 347.58002, "time_low_air": 228.14, "time_high_air": 26.21, "time_powerslide": 7.4, "count_powerslide": 53}, "positioning": {"time_defensive_third": 259.01, "time_neutral_third": 210.75, "time_offensive_third": 132.17, "time_defensive_half": 368.81, "time_offensive_half": 233.12, "time_behind_ball": 428.47, "time_infront_ball": 173.45}, "demo": {"inflicted": 1, "taken": 0}}}, "orange": {"color": "orange", "players": [{"start_time": 0, "end_time": 302.91022, "name": "n o a h", "id": {"platform": "steam", "id": "76561198167885099"}, "car_id": 23, "car_name": "Octane", "camera": {"fov": 110, "height": 90, "pitch": -5, "distance": 270, "stiffness": 0.55, "swivel_speed": 3, "transition_speed": 1.1}, "steering_sensitivity": 1.3, "stats": {"core": {"shots": 3, "shots_against": 11, "goals": 0, "goals_against": 3, "saves": 6, "assists": 0, "score": 525, "mvp": false, "shooting_percentage": 0}, "boost": {"bpm": 456, "bcpm": 477.6485, "avg_amount": 54.22, "amount_collected": 2340, "amount_stolen": 678, "amount_collected_big": 1812, "amount_stolen_big": 505, "amount_collected_small": 528, "amount_stolen_small": 173, "count_collected_big": 23, "count_stolen_big": 7, "count_collected_small": 40, "count_stolen_small": 15, "amount_overfill": 497, "amount_overfill_stolen": 195, "amount_used_while_supersonic": 578, "time_zero_boost": 19.15, "percent_zero_boost": 6.514935, "time_full_boost": 50.29, "percent_full_boost": 17.108934, "time_boost_0_25": 70.91, "time_boost_25_50": 56.57, "time_boost_50_75": 89.51, "time_boost_75_100": 80.96, "percent_boost_0_25": 23.799295, "percent_boost_25_50": 18.986406, "percent_boost_50_75": 30.041952, "percent_boost_75_100": 27.172342}, "movement": {"avg_speed": 1580, "total_distance": 460317, "time_supersonic_speed": 53.99, "time_boost_speed": 120.83, "time_slow_speed": 127.87, "time_ground": 161.68, "time_low_air": 127.25, "time_high_air": 13.76, "time_powerslide": 5.42, "count_powerslide": 62, "avg_powerslide_duration": 0.09, "avg_speed_percentage": 68.695656, "percent_slow_speed": 42.24454, "percent_boost_speed": 39.918728, "percent_supersonic_speed": 17.836731, "percent_ground": 53.41438, "percent_low_air": 42.03971, "percent_high_air": 4.545905}, "positioning": {"avg_distance_to_ball": 2256, "avg_distance_to_ball_possession": 1809, "avg_distance_to_ball_no_possession": 2641, "avg_distance_to_mates": 2923, "time_defensive_third": 139.96, "time_neutral_third": 96.39, "time_offensive_third": 66.34, "time_defensive_half": 192.03, "time_offensive_half": 110.66, "time_behind_ball": 216.18, "time_infront_ball": 86.5, "time_most_back": 151.5, "time_most_forward": 142.4, "goals_against_while_last_defender": 1, "time_closest_to_ball": 148.7, "time_farthest_from_ball": 145.2, "percent_defensive_third": 46.238728, "percent_offensive_third": 21.916811, "percent_neutral_third": 31.844461, "percent_defensive_half": 63.441143, "percent_offensive_half": 36.558857, "percent_behind_ball": 71.42197, "percent_infront_ball": 28.578037, "percent_most_back": 51.54113, "percent_most_forward": 48.44526, "percent_closest_to_ball": 50.588554, "percent_farthest_from_ball": 49.397835}, "demo": {"inflicted": 0, "taken": 0}}}, {"start_time": 0, "end_time": 302.91022, "name": "Respawn", "id": {"platform": "steam", "id": "76561198180060955"}, "car_id": 4284, "car_name": "Fennec", "camera": {"fov": 110, "height": 100, "pitch": -3, "distance": 260, "stiffness": 0.6, "swivel_speed": 3.5, "transition_speed": 1.7}, "steering_sensitivity": 1.3, "stats": {"core": {"shots": 1, "shots_against": 11, "goals": 0, "goals_against": 3, "saves": 1, "assists": 0, "score": 133, "mvp": false, "shooting_percentage": 0}, "boost": {"bpm": 382, "bcpm": 402.93936, "avg_amount": 51.21, "amount_collected": 1974, "amount_stolen": 294, "amount_collected_big": 1437, "amount_stolen_big": 179, "amount_collected_small": 537, "amount_stolen_small": 115, "count_collected_big": 19, "count_stolen_big": 2, "count_collected_small": 49, "count_stolen_small": 11, "amount_overfill": 465, "amount_overfill_stolen": 20, "amount_used_while_supersonic": 304, "time_zero_boost": 23.67, "percent_zero_boost": 8.052664, "time_full_boost": 23.4, "percent_full_boost": 7.9608083, "time_boost_0_25": 95.69, "time_boost_25_50": 64.38, "time_boost_50_75": 56.45, "time_boost_75_100": 75.29, "percent_boost_0_25": 32.791885, "percent_boost_25_50": 22.0623, "percent_boost_50_75": 19.34478, "percent_boost_75_100": 25.801035}, "movement": {"avg_speed": 1527, "total_distance": 437212, "time_supersonic_speed": 49.2, "time_boost_speed": 113.55, "time_slow_speed": 135.58, "time_ground": 191.41, "time_low_air": 97.8, "time_high_air": 9.13, "time_powerslide": 4.66, "count_powerslide": 30, "avg_powerslide_duration": 0.16, "avg_speed_percentage": 66.391304, "percent_slow_speed": 45.446316, "percent_boost_speed": 38.061874, "percent_supersonic_speed": 16.491804, "percent_ground": 64.15834, "percent_low_air": 32.781387, "percent_high_air": 3.0602665}, "positioning": {"avg_distance_to_ball": 2251, "avg_distance_to_ball_possession": 2297, "avg_distance_to_ball_no_possession": 2189, "avg_distance_to_mates": 2923, "time_defensive_third": 140.04, "time_neutral_third": 102.71, "time_offensive_third": 55.59, "time_defensive_half": 182.68, "time_offensive_half": 115.66, "time_behind_ball": 223.83, "time_infront_ball": 74.51, "time_most_back": 142.2, "time_most_forward": 146, "goals_against_while_last_defender": 2, "time_closest_to_ball": 142, "time_farthest_from_ball": 146.2, "percent_defensive_third": 46.93973, "percent_offensive_third": 18.633104, "percent_neutral_third": 34.427162, "percent_defensive_half": 61.23215, "percent_offensive_half": 38.76785, "percent_behind_ball": 75.02514, "percent_infront_ball": 24.974861, "percent_most_back": 48.37722, "percent_most_forward": 49.670002, "percent_closest_to_ball": 48.309177, "percent_farthest_from_ball": 49.73804}, "demo": {"inflicted": 0, "taken": 1}}}], "stats": {"ball": {"possession_time": 136.19, "time_in_side": 136.8}, "core": {"shots": 4, "shots_against": 11, "goals": 0, "goals_against": 3, "saves": 7, "assists": 0, "score": 658, "shooting_percentage": 0}, "boost": {"bpm": 838, "bcpm": 880.5879, "avg_amount": 105.43, "amount_collected": 4314, "amount_stolen": 972, "amount_collected_big": 3249, "amount_stolen_big": 684, "amount_collected_small": 1065, "amount_stolen_small": 288, "count_collected_big": 42, "count_stolen_big": 9, "count_collected_small": 89, "count_stolen_small": 26, "amount_overfill": 962, "amount_overfill_stolen": 215, "amount_used_while_supersonic": 882, "time_zero_boost": 42.82, "time_full_boost": 73.69, "time_boost_0_25": 166.6, "time_boost_25_50": 120.95, "time_boost_50_75": 145.96, "time_boost_75_100": 156.25}, "movement": {"total_distance": 897529, "time_supersonic_speed": 103.19, "time_boost_speed": 234.38, "time_slow_speed": 263.45, "time_ground": 353.09, "time_low_air": 225.05, "time_high_air": 22.89, "time_powerslide": 10.08, "count_powerslide": 92}, "positioning": {"time_defensive_third": 280, "time_neutral_third": 199.1, "time_offensive_third": 121.92999, "time_defensive_half": 374.71, "time_offensive_half": 226.32, "time_behind_ball": 440.01, "time_infront_ball": 161.01001}, "demo": {"inflicted": 0, "taken": 1}}}, "playlist_name": "Ranked Doubles", "map_name": "Forbidden Temple", "server": {"name": "USE1-0C48855B6084EC019-Takumi", "region": "USE"}}