{"id": "84fec1e6-f6c9-4f48-8862-792927ad93cb", "link": "https://ballchasing.com/api/replays/84fec1e6-f6c9-4f48-8862-792927ad93cb", "created": "2025-07-20T04:28:13.656416Z", "uploader": {"steam_id": "76561198167885099", "name": "n o a h", "profile_url": "https://steamcommunity.com/id/Zermah/", "avatar": "https://avatars.steamstatic.com/1cbf3880830cdc652b673f09b13c212b1feb24aa.jpg"}, "status": "ok", "rocket_league_id": "859FD36049006A6F5F2A5D9A0F199118", "match_guid": "D064CFB011F065203EF366817C977244", "title": "2025-07-19.23.28 n o a h Ranked Doubles Loss", "map_code": "eurostadium_dusk_p", "match_type": "Online", "team_size": 2, "playlist_id": "ranked-doubles", "duration": 401, "overtime": false, "season": 19, "season_type": "free2play", "date": "2025-07-19T23:28:10-05:00", "date_has_timezone": true, "visibility": "public", "min_rank": {"id": "grand-champion-1", "tier": 19, "division": 1, "name": "Grand Champion I Division 1"}, "max_rank": {"id": "grand-champion-1", "tier": 19, "division": 1, "name": "Grand Champion I Division 1"}, "groups": [{"id": "replay-analysis-j2e0c8rw06", "name": "Replay Analysis", "link": "https://ballchasing.com/api/groups/replay-analysis-j2e0c8rw06"}], "blue": {"color": "blue", "players": [{"start_time": 0, "end_time": 401.23587, "name": "Respawn", "id": {"platform": "steam", "id": "76561198180060955"}, "car_id": 4284, "car_name": "Fennec", "camera": {"fov": 110, "height": 100, "pitch": -3, "distance": 260, "stiffness": 0.6, "swivel_speed": 3.5, "transition_speed": 1.7}, "steering_sensitivity": 1.3, "stats": {"core": {"shots": 5, "shots_against": 11, "goals": 3, "goals_against": 6, "saves": 2, "assists": 2, "score": 758, "mvp": false, "shooting_percentage": 60}, "boost": {"bpm": 449, "bcpm": 439.15158, "avg_amount": 44.6, "amount_collected": 2695, "amount_stolen": 268, "amount_collected_big": 2012, "amount_stolen_big": 100, "amount_collected_small": 683, "amount_stolen_small": 168, "count_collected_big": 23, "count_stolen_big": 1, "count_collected_small": 61, "count_stolen_small": 16, "amount_overfill": 289, "amount_overfill_stolen": 0, "amount_used_while_supersonic": 458, "time_zero_boost": 52.65, "percent_zero_boost": 14.298905, "time_full_boost": 43.01, "percent_full_boost": 11.680835, "time_boost_0_25": 126.2, "time_boost_25_50": 113.26, "time_boost_50_75": 66.5, "time_boost_75_100": 78.57, "percent_boost_0_25": 32.819286, "percent_boost_25_50": 29.45414, "percent_boost_50_75": 17.293839, "percent_boost_75_100": 20.432735}, "movement": {"avg_speed": 1541, "total_distance": 551347, "time_supersonic_speed": 62, "time_boost_speed": 145.94, "time_slow_speed": 190.02, "time_ground": 233.33, "time_low_air": 150.94, "time_high_air": 13.68, "time_powerslide": 4.84, "count_powerslide": 36, "avg_powerslide_duration": 0.13, "avg_speed_percentage": 67, "percent_slow_speed": 47.748516, "percent_boost_speed": 36.672024, "percent_supersonic_speed": 15.579454, "percent_ground": 58.63299, "percent_low_air": 37.929386, "percent_high_air": 3.4376178}, "positioning": {"avg_distance_to_ball": 2369, "avg_distance_to_ball_possession": 2423, "avg_distance_to_ball_no_possession": 2264, "avg_distance_to_mates": 3422, "time_defensive_third": 215.19, "time_neutral_third": 112.82, "time_offensive_third": 69.94, "time_defensive_half": 277.9, "time_offensive_half": 120.05, "time_behind_ball": 296.76, "time_infront_ball": 101.2, "time_most_back": 170.5, "time_most_forward": 191.2, "goals_against_while_last_defender": 3, "time_closest_to_ball": 201.4, "time_farthest_from_ball": 160.8, "percent_defensive_third": 54.07463, "percent_offensive_third": 17.575071, "percent_neutral_third": 28.350294, "percent_defensive_half": 69.83289, "percent_offensive_half": 30.167105, "percent_behind_ball": 74.570305, "percent_infront_ball": 25.42969, "percent_most_back": 46.3051, "percent_most_forward": 51.92689, "percent_closest_to_ball": 54.69705, "percent_farthest_from_ball": 43.67073}, "demo": {"inflicted": 0, "taken": 0}}}, {"start_time": 0, "end_time": 401.23587, "name": "n o a h", "id": {"platform": "steam", "id": "76561198167885099"}, "rank": {"id": "grand-champion-1", "tier": 19, "division": 1, "name": "Grand Champion I Division 1"}, "car_id": 23, "car_name": "Octane", "camera": {"fov": 110, "height": 90, "pitch": -5, "distance": 270, "stiffness": 0.55, "swivel_speed": 3, "transition_speed": 1.1}, "steering_sensitivity": 1.3, "stats": {"core": {"shots": 5, "shots_against": 11, "goals": 2, "goals_against": 6, "saves": 0, "assists": 2, "score": 496, "mvp": false, "shooting_percentage": 40}, "boost": {"bpm": 422, "bcpm": 422.20474, "avg_amount": 43.21, "amount_collected": 2591, "amount_stolen": 699, "amount_collected_big": 1765, "amount_stolen_big": 479, "amount_collected_small": 826, "amount_stolen_small": 220, "count_collected_big": 21, "count_stolen_big": 6, "count_collected_small": 75, "count_stolen_small": 21, "amount_overfill": 162, "amount_overfill_stolen": 56, "amount_used_while_supersonic": 356, "time_zero_boost": 54.49, "percent_zero_boost": 14.79862, "time_full_boost": 35.21, "percent_full_boost": 9.562478, "time_boost_0_25": 164.22, "time_boost_25_50": 104.8, "time_boost_50_75": 56.73, "time_boost_75_100": 65.22, "percent_boost_0_25": 42.00322, "percent_boost_25_50": 26.805124, "percent_boost_50_75": 14.510063, "percent_boost_75_100": 16.681585}, "movement": {"avg_speed": 1558, "total_distance": 558650, "time_supersonic_speed": 67.28, "time_boost_speed": 139.06, "time_slow_speed": 193.7, "time_ground": 226.61, "time_low_air": 164.68, "time_high_air": 8.76, "time_powerslide": 3.83, "count_powerslide": 44, "avg_powerslide_duration": 0.09, "avg_speed_percentage": 67.73913, "percent_slow_speed": 48.42016, "percent_boost_speed": 34.761524, "percent_supersonic_speed": 16.818317, "percent_ground": 56.64542, "percent_low_air": 41.164856, "percent_high_air": 2.1897264}, "positioning": {"avg_distance_to_ball": 2787, "avg_distance_to_ball_possession": 2648, "avg_distance_to_ball_no_possession": 2816, "avg_distance_to_mates": 3422, "time_defensive_third": 198.51, "time_neutral_third": 137.89, "time_offensive_third": 63.65, "time_defensive_half": 272.53, "time_offensive_half": 127.51, "time_behind_ball": 291.34, "time_infront_ball": 108.71, "time_most_back": 193, "time_most_forward": 172.5, "goals_against_while_last_defender": 3, "time_closest_to_ball": 162, "time_farthest_from_ball": 203, "percent_defensive_third": 49.6213, "percent_offensive_third": 15.910512, "percent_neutral_third": 34.468193, "percent_defensive_half": 68.12569, "percent_offensive_half": 31.874311, "percent_behind_ball": 72.8259, "percent_infront_ball": 27.174105, "percent_most_back": 52.41574, "percent_most_forward": 46.848267, "percent_closest_to_ball": 43.99663, "percent_farthest_from_ball": 55.131584}, "demo": {"inflicted": 0, "taken": 0}}}], "stats": {"ball": {"possession_time": 127.19, "time_in_side": 198.83}, "core": {"shots": 10, "shots_against": 11, "goals": 5, "goals_against": 6, "saves": 2, "assists": 4, "score": 1254, "shooting_percentage": 50}, "boost": {"bpm": 871, "bcpm": 861.3563, "avg_amount": 87.81, "amount_collected": 5286, "amount_stolen": 967, "amount_collected_big": 3777, "amount_stolen_big": 579, "amount_collected_small": 1509, "amount_stolen_small": 388, "count_collected_big": 44, "count_stolen_big": 7, "count_collected_small": 136, "count_stolen_small": 37, "amount_overfill": 451, "amount_overfill_stolen": 56, "amount_used_while_supersonic": 814, "time_zero_boost": 107.14, "time_full_boost": 78.22, "time_boost_0_25": 290.41998, "time_boost_25_50": 218.06, "time_boost_50_75": 123.229996, "time_boost_75_100": 143.79001}, "movement": {"total_distance": 1109997, "time_supersonic_speed": 129.28, "time_boost_speed": 285, "time_slow_speed": 383.72, "time_ground": 459.94, "time_low_air": 315.62, "time_high_air": 22.44, "time_powerslide": 8.67, "count_powerslide": 80}, "positioning": {"time_defensive_third": 413.7, "time_neutral_third": 250.70999, "time_offensive_third": 133.59, "time_defensive_half": 550.43, "time_offensive_half": 247.56, "time_behind_ball": 588.1, "time_infront_ball": 209.91}, "demo": {"inflicted": 0, "taken": 0}}}, "orange": {"color": "orange", "players": [{"start_time": 0, "end_time": 401.23587, "name": "sully-pro2020", "id": {"platform": "ps4", "id": "sully-pro2020"}, "mvp": true, "rank": {"id": "grand-champion-1", "tier": 19, "division": 1, "name": "Grand Champion I Division 1"}, "car_id": 23, "car_name": "Octane", "camera": {"fov": 110, "height": 100, "pitch": -3, "distance": 270, "stiffness": 0.35, "swivel_speed": 4, "transition_speed": 1}, "steering_sensitivity": 1.5, "stats": {"core": {"shots": 6, "shots_against": 10, "goals": 6, "goals_against": 5, "saves": 1, "assists": 0, "score": 979, "mvp": true, "shooting_percentage": 100}, "boost": {"bpm": 347, "bcpm": 393.3625, "avg_amount": 46.52, "amount_collected": 2414, "amount_stolen": 664, "amount_collected_big": 1622, "amount_stolen_big": 407, "amount_collected_small": 792, "amount_stolen_small": 257, "count_collected_big": 20, "count_stolen_big": 5, "count_collected_small": 64, "count_stolen_small": 22, "amount_overfill": 363, "amount_overfill_stolen": 92, "amount_used_while_supersonic": 339, "time_zero_boost": 52.36, "percent_zero_boost": 14.220146, "time_full_boost": 30.08, "percent_full_boost": 8.169251, "time_boost_0_25": 168.18, "time_boost_25_50": 102.79, "time_boost_50_75": 48.29, "time_boost_75_100": 68.21, "percent_boost_0_25": 43.40465, "percent_boost_25_50": 26.528505, "percent_boost_50_75": 12.4629, "percent_boost_75_100": 17.603943}, "movement": {"avg_speed": 1493, "total_distance": 534473, "time_supersonic_speed": 59.64, "time_boost_speed": 125.11, "time_slow_speed": 215.33, "time_ground": 235.89, "time_low_air": 153.88, "time_high_air": 10.31, "time_powerslide": 5.16, "count_powerslide": 80, "avg_powerslide_duration": 0.06, "avg_speed_percentage": 64.91304, "percent_slow_speed": 53.82173, "percent_boost_speed": 31.271244, "percent_supersonic_speed": 14.907018, "percent_ground": 58.960705, "percent_low_air": 38.462307, "percent_high_air": 2.5769844}, "positioning": {"avg_distance_to_ball": 2236, "avg_distance_to_ball_possession": 1909, "avg_distance_to_ball_no_possession": 2473, "avg_distance_to_mates": 2811, "time_defensive_third": 188.42, "time_neutral_third": 118.15, "time_offensive_third": 93.51, "time_defensive_half": 251.22, "time_offensive_half": 148.86, "time_behind_ball": 303.19, "time_infront_ball": 96.89, "time_most_back": 161.9, "time_most_forward": 201, "goals_against_while_last_defender": 3, "time_closest_to_ball": 175.2, "time_farthest_from_ball": 187.7, "percent_defensive_third": 47.09558, "percent_offensive_third": 23.372826, "percent_neutral_third": 29.531595, "percent_defensive_half": 62.79244, "percent_offensive_half": 37.207558, "percent_behind_ball": 75.78234, "percent_infront_ball": 24.217655, "percent_most_back": 43.96947, "percent_most_forward": 54.588417, "percent_closest_to_ball": 47.581543, "percent_farthest_from_ball": 50.976345}, "demo": {"inflicted": 0, "taken": 0}}}, {"start_time": 0, "end_time": 401.23587, "name": "OGLilPoot", "id": {"platform": "ps4", "id": "OGLilPoot"}, "rank": {"id": "grand-champion-1", "tier": 19, "division": 1, "name": "Grand Champion I Division 1"}, "car_id": 4284, "car_name": "Fennec", "camera": {"fov": 110, "height": 100, "pitch": -3, "distance": 270, "stiffness": 0.5, "swivel_speed": 3.3, "transition_speed": 1.7}, "steering_sensitivity": 2.04, "stats": {"core": {"shots": 5, "shots_against": 10, "goals": 0, "goals_against": 5, "saves": 3, "assists": 5, "score": 731, "mvp": false, "shooting_percentage": 0}, "boost": {"bpm": 448, "bcpm": 459.03156, "avg_amount": 44.02, "amount_collected": 2817, "amount_stolen": 493, "amount_collected_big": 2190, "amount_stolen_big": 291, "amount_collected_small": 627, "amount_stolen_small": 202, "count_collected_big": 24, "count_stolen_big": 3, "count_collected_small": 56, "count_stolen_small": 19, "amount_overfill": 134, "amount_overfill_stolen": 8, "amount_used_while_supersonic": 264, "time_zero_boost": 50.42, "percent_zero_boost": 13.693274, "time_full_boost": 38.73, "percent_full_boost": 10.518455, "time_boost_0_25": 157.74, "time_boost_25_50": 98.04, "time_boost_50_75": 53.67, "time_boost_75_100": 78.74, "percent_boost_0_25": 40.634743, "percent_boost_25_50": 25.255674, "percent_boost_50_75": 13.825704, "percent_boost_75_100": 20.283882}, "movement": {"avg_speed": 1526, "total_distance": 545146, "time_supersonic_speed": 66.35, "time_boost_speed": 137, "time_slow_speed": 196.69, "time_ground": 220.03, "time_low_air": 164.47, "time_high_air": 15.54, "time_powerslide": 9.05, "count_powerslide": 61, "avg_powerslide_duration": 0.15, "avg_speed_percentage": 66.347824, "percent_slow_speed": 49.167583, "percent_boost_speed": 34.246574, "percent_supersonic_speed": 16.58584, "percent_ground": 55.002, "percent_low_air": 41.113388, "percent_high_air": 3.8846114}, "positioning": {"avg_distance_to_ball": 2275, "avg_distance_to_ball_possession": 2236, "avg_distance_to_ball_no_possession": 2321, "avg_distance_to_mates": 2811, "time_defensive_third": 190.46, "time_neutral_third": 121.08, "time_offensive_third": 88.5, "time_defensive_half": 262.39, "time_offensive_half": 137.66, "time_behind_ball": 311.33, "time_infront_ball": 88.72, "time_most_back": 200.7, "time_most_forward": 161.6, "goals_against_while_last_defender": 2, "time_closest_to_ball": 186.6, "time_farthest_from_ball": 175.7, "percent_defensive_third": 47.610233, "percent_offensive_third": 22.122786, "percent_neutral_third": 30.26697, "percent_defensive_half": 65.5893, "percent_offensive_half": 34.410698, "percent_behind_ball": 77.82277, "percent_infront_ball": 22.177229, "percent_most_back": 54.50694, "percent_most_forward": 43.888, "percent_closest_to_ball": 50.677605, "percent_farthest_from_ball": 47.717335}, "demo": {"inflicted": 0, "taken": 0}}}], "stats": {"ball": {"possession_time": 130.34, "time_in_side": 147.97}, "core": {"shots": 11, "shots_against": 10, "goals": 6, "goals_against": 5, "saves": 4, "assists": 5, "score": 1710, "shooting_percentage": 54.545456}, "boost": {"bpm": 795, "bcpm": 852.39404, "avg_amount": 90.54, "amount_collected": 5231, "amount_stolen": 1157, "amount_collected_big": 3812, "amount_stolen_big": 698, "amount_collected_small": 1419, "amount_stolen_small": 459, "count_collected_big": 44, "count_stolen_big": 8, "count_collected_small": 120, "count_stolen_small": 41, "amount_overfill": 497, "amount_overfill_stolen": 100, "amount_used_while_supersonic": 603, "time_zero_boost": 102.78, "time_full_boost": 68.81, "time_boost_0_25": 325.91998, "time_boost_25_50": 200.83, "time_boost_50_75": 101.96, "time_boost_75_100": 146.95}, "movement": {"total_distance": 1079619, "time_supersonic_speed": 125.99, "time_boost_speed": 262.11, "time_slow_speed": 412.02002, "time_ground": 455.91998, "time_low_air": 318.35, "time_high_air": 25.85, "time_powerslide": 14.21, "count_powerslide": 141}, "positioning": {"time_defensive_third": 378.88, "time_neutral_third": 239.23001, "time_offensive_third": 182.01001, "time_defensive_half": 513.61, "time_offensive_half": 286.52002, "time_behind_ball": 614.52, "time_infront_ball": 185.61}, "demo": {"inflicted": 0, "taken": 0}}}, "playlist_name": "Ranked Doubles", "map_name": "Mannfield (Dusk)", "server": {"name": "USE3-05E4108D10B4E663A-Afterburn", "region": "USE"}}