{"id": "90bc4b0e-15ae-4f5c-b69d-a74714a124f8", "link": "https://ballchasing.com/api/replays/90bc4b0e-15ae-4f5c-b69d-a74714a124f8", "created": "2025-07-20T05:01:39.992449Z", "uploader": {"steam_id": "76561198167885099", "name": "n o a h", "profile_url": "https://steamcommunity.com/id/Zermah/", "avatar": "https://avatars.steamstatic.com/1cbf3880830cdc652b673f09b13c212b1feb24aa.jpg"}, "status": "ok", "rocket_league_id": "9C64C7454F7550FEF77B14844077A68E", "match_guid": "A82D01A211F06525F249A290A76F5C8B", "title": "2025-07-20.00.01 n o a h Ranked Doubles Win", "map_code": "trainstation_night_p", "match_type": "Online", "team_size": 2, "playlist_id": "ranked-doubles", "duration": 370, "overtime": false, "season": 19, "season_type": "free2play", "date": "2025-07-20T00:01:37-05:00", "date_has_timezone": true, "visibility": "public", "min_rank": {"id": "champion-3", "tier": 18, "division": 4, "name": "Champion III Division 4"}, "max_rank": {"id": "grand-champion", "tier": 19, "division": 1, "name": "Grand Champion I Division 1"}, "groups": [{"id": "replay-analysis-j2e0c8rw06", "name": "Replay Analysis", "link": "https://ballchasing.com/api/groups/replay-analysis-j2e0c8rw06"}], "blue": {"color": "blue", "players": [{"start_time": 0, "end_time": 370.5279, "name": "im a vibe rater", "id": {"platform": "steam", "id": "76561198818916094"}, "rank": {"id": "grand-champion", "tier": 19, "division": 1, "name": "Grand Champion I Division 1"}, "car_id": 23, "car_name": "Octane", "camera": {"fov": 110, "height": 100, "pitch": -4, "distance": 270, "stiffness": 0.35, "swivel_speed": 6.5, "transition_speed": 1.8}, "steering_sensitivity": 1.3, "stats": {"core": {"shots": 3, "shots_against": 8, "goals": 1, "goals_against": 4, "saves": 3, "assists": 0, "score": 485, "mvp": false, "shooting_percentage": 33.333332}, "boost": {"bpm": 512, "bcpm": 544.4156, "avg_amount": 50.07, "amount_collected": 3144, "amount_stolen": 804, "amount_collected_big": 2261, "amount_stolen_big": 457, "amount_collected_small": 883, "amount_stolen_small": 347, "count_collected_big": 26, "count_stolen_big": 5, "count_collected_small": 80, "count_stolen_small": 32, "amount_overfill": 361, "amount_overfill_stolen": 54, "amount_used_while_supersonic": 693, "time_zero_boost": 40.68, "percent_zero_boost": 11.74026, "time_full_boost": 32.09, "percent_full_boost": 9.261183, "time_boost_0_25": 147.09, "time_boost_25_50": 68.61, "time_boost_50_75": 47.88, "time_boost_75_100": 92.66, "percent_boost_0_25": 41.28958, "percent_boost_25_50": 19.25949, "percent_boost_50_75": 13.440377, "percent_boost_75_100": 26.010555}, "movement": {"avg_speed": 1739, "total_distance": 590069, "time_supersonic_speed": 99.61, "time_boost_speed": 144.56, "time_slow_speed": 125.59, "time_ground": 184.78, "time_low_air": 155.75, "time_high_air": 29.24, "time_powerslide": 10.78, "count_powerslide": 86, "avg_powerslide_duration": 0.13, "avg_speed_percentage": 75.608696, "percent_slow_speed": 33.965275, "percent_boost_speed": 39.095627, "percent_supersonic_speed": 26.939095, "percent_ground": 49.971607, "percent_low_air": 42.120777, "percent_high_air": 7.9076185}, "positioning": {"avg_distance_to_ball": 2686, "avg_distance_to_ball_possession": 2303, "avg_distance_to_ball_no_possession": 3050, "avg_distance_to_mates": 3515, "time_defensive_third": 142.38, "time_neutral_third": 132.76, "time_offensive_third": 94.63, "time_defensive_half": 210.11, "time_offensive_half": 159.66, "time_behind_ball": 260.4, "time_infront_ball": 109.36, "time_most_back": 172.4, "time_most_forward": 178.7, "goals_against_while_last_defender": 2, "time_closest_to_ball": 170.6, "time_farthest_from_ball": 180.5, "percent_defensive_third": 38.505016, "percent_offensive_third": 25.591583, "percent_neutral_third": 35.903397, "percent_defensive_half": 56.821804, "percent_offensive_half": 43.17819, "percent_behind_ball": 70.42406, "percent_infront_ball": 29.575941, "percent_most_back": 49.75469, "percent_most_forward": 51.572872, "percent_closest_to_ball": 49.23521, "percent_farthest_from_ball": 52.092354}, "demo": {"inflicted": 1, "taken": 0}}}, {"start_time": 0, "end_time": 370.5279, "name": "DustCity", "id": {"platform": "epic", "id": "3949e224781b48e1bbed541d6da9e433"}, "rank": {"id": "champion-3", "tier": 18, "division": 4, "name": "Champion III Division 4"}, "car_id": 23, "car_name": "Octane", "camera": {"fov": 110, "height": 90, "pitch": -4, "distance": 290, "stiffness": 0.5, "swivel_speed": 5, "transition_speed": 1.5}, "steering_sensitivity": 1.49, "stats": {"core": {"shots": 3, "shots_against": 8, "goals": 2, "goals_against": 4, "saves": 0, "assists": 1, "score": 450, "mvp": false, "shooting_percentage": 66.666664}, "boost": {"bpm": 475, "bcpm": 504.24243, "avg_amount": 46.96, "amount_collected": 2912, "amount_stolen": 369, "amount_collected_big": 2293, "amount_stolen_big": 224, "amount_collected_small": 619, "amount_stolen_small": 145, "count_collected_big": 29, "count_stolen_big": 3, "count_collected_small": 57, "count_stolen_small": 14, "amount_overfill": 531, "amount_overfill_stolen": 86, "amount_used_while_supersonic": 287, "time_zero_boost": 42.12, "percent_zero_boost": 12.155844, "time_full_boost": 40.06, "percent_full_boost": 11.561328, "time_boost_0_25": 133.34, "time_boost_25_50": 82.99, "time_boost_50_75": 49.48, "time_boost_75_100": 93.67, "percent_boost_0_25": 37.09247, "percent_boost_25_50": 23.086126, "percent_boost_50_75": 13.764327, "percent_boost_75_100": 26.057083}, "movement": {"avg_speed": 1526, "total_distance": 507767, "time_supersonic_speed": 48.55, "time_boost_speed": 143.04, "time_slow_speed": 172.05, "time_ground": 219.46, "time_low_air": 124.69, "time_high_air": 19.5, "time_powerslide": 8.27, "count_powerslide": 68, "avg_powerslide_duration": 0.12, "avg_speed_percentage": 66.347824, "percent_slow_speed": 47.31328, "percent_boost_speed": 39.335606, "percent_supersonic_speed": 13.351117, "percent_ground": 60.34923, "percent_low_air": 34.288464, "percent_high_air": 5.3622985}, "positioning": {"avg_distance_to_ball": 2465, "avg_distance_to_ball_possession": 2103, "avg_distance_to_ball_no_possession": 2822, "avg_distance_to_mates": 3515, "time_defensive_third": 146.45, "time_neutral_third": 147, "time_offensive_third": 70.19, "time_defensive_half": 226.74, "time_offensive_half": 136.9, "time_behind_ball": 279.01, "time_infront_ball": 84.64, "time_most_back": 182.6, "time_most_forward": 167.4, "goals_against_while_last_defender": 2, "time_closest_to_ball": 178.3, "time_farthest_from_ball": 171.7, "percent_defensive_third": 40.273346, "percent_offensive_third": 19.302055, "percent_neutral_third": 40.424595, "percent_defensive_half": 62.352875, "percent_offensive_half": 37.647118, "percent_behind_ball": 76.72487, "percent_infront_ball": 23.275126, "percent_most_back": 52.698414, "percent_most_forward": 48.311687, "percent_closest_to_ball": 51.45743, "percent_farthest_from_ball": 49.55267}, "demo": {"inflicted": 2, "taken": 2}}}], "stats": {"ball": {"possession_time": 128.27, "time_in_side": 143.71}, "core": {"shots": 6, "shots_against": 8, "goals": 3, "goals_against": 4, "saves": 3, "assists": 1, "score": 935, "shooting_percentage": 50}, "boost": {"bpm": 987, "bcpm": 1048.658, "avg_amount": 97.03, "amount_collected": 6056, "amount_stolen": 1173, "amount_collected_big": 4554, "amount_stolen_big": 681, "amount_collected_small": 1502, "amount_stolen_small": 492, "count_collected_big": 55, "count_stolen_big": 8, "count_collected_small": 137, "count_stolen_small": 46, "amount_overfill": 892, "amount_overfill_stolen": 140, "amount_used_while_supersonic": 980, "time_zero_boost": 82.8, "time_full_boost": 72.15, "time_boost_0_25": 280.43, "time_boost_25_50": 151.6, "time_boost_50_75": 97.36, "time_boost_75_100": 186.33}, "movement": {"total_distance": 1097836, "time_supersonic_speed": 148.16, "time_boost_speed": 287.59998, "time_slow_speed": 297.64, "time_ground": 404.24, "time_low_air": 280.44, "time_high_air": 48.739998, "time_powerslide": 19.05, "count_powerslide": 154}, "positioning": {"time_defensive_third": 288.83002, "time_neutral_third": 279.76, "time_offensive_third": 164.82, "time_defensive_half": 436.85, "time_offensive_half": 296.56, "time_behind_ball": 539.41003, "time_infront_ball": 194}, "demo": {"inflicted": 3, "taken": 2}}}, "orange": {"color": "orange", "players": [{"start_time": 0, "end_time": 370.5279, "name": "Respawn", "id": {"platform": "steam", "id": "76561198180060955"}, "mvp": true, "car_id": 4284, "car_name": "Fennec", "camera": {"fov": 110, "height": 100, "pitch": -3, "distance": 260, "stiffness": 0.6, "swivel_speed": 3.5, "transition_speed": 1.7}, "steering_sensitivity": 1.3, "stats": {"core": {"shots": 3, "shots_against": 6, "goals": 2, "goals_against": 3, "saves": 2, "assists": 1, "score": 633, "mvp": true, "shooting_percentage": 66.666664}, "boost": {"bpm": 415, "bcpm": 428.57144, "avg_amount": 42.15, "amount_collected": 2475, "amount_stolen": 382, "amount_collected_big": 1702, "amount_stolen_big": 156, "amount_collected_small": 773, "amount_stolen_small": 226, "count_collected_big": 22, "count_stolen_big": 2, "count_collected_small": 67, "count_stolen_small": 20, "amount_overfill": 497, "amount_overfill_stolen": 43, "amount_used_while_supersonic": 291, "time_zero_boost": 56.11, "percent_zero_boost": 16.193361, "time_full_boost": 34.89, "percent_full_boost": 10.069264, "time_boost_0_25": 133.64, "time_boost_25_50": 103.05, "time_boost_50_75": 55.78, "time_boost_75_100": 56.58, "percent_boost_0_25": 38.28678, "percent_boost_25_50": 29.522991, "percent_boost_50_75": 15.980519, "percent_boost_75_100": 16.209713}, "movement": {"avg_speed": 1460, "total_distance": 479811, "time_supersonic_speed": 52.33, "time_boost_speed": 106.22, "time_slow_speed": 202.11, "time_ground": 211.3, "time_low_air": 133.53, "time_high_air": 15.83, "time_powerslide": 4.97, "count_powerslide": 32, "avg_powerslide_duration": 0.16, "avg_speed_percentage": 63.47826, "percent_slow_speed": 56.038925, "percent_boost_speed": 29.45156, "percent_supersonic_speed": 14.509509, "percent_ground": 58.587036, "percent_low_air": 37.02379, "percent_high_air": 4.3891754}, "positioning": {"avg_distance_to_ball": 2483, "avg_distance_to_ball_possession": 2223, "avg_distance_to_ball_no_possession": 2800, "avg_distance_to_mates": 3251, "time_defensive_third": 189.87, "time_neutral_third": 110, "time_offensive_third": 60.8, "time_defensive_half": 253.86, "time_offensive_half": 106.79, "time_behind_ball": 279.35, "time_infront_ball": 81.31, "time_most_back": 165.7, "time_most_forward": 180.9, "time_closest_to_ball": 185.6, "time_farthest_from_ball": 161, "percent_defensive_third": 52.643692, "percent_offensive_third": 16.857515, "percent_neutral_third": 30.498795, "percent_defensive_half": 70.38957, "percent_offensive_half": 29.610426, "percent_behind_ball": 77.45522, "percent_infront_ball": 22.544779, "percent_most_back": 47.821068, "percent_most_forward": 52.20779, "percent_closest_to_ball": 53.564213, "percent_farthest_from_ball": 46.464645}, "demo": {"inflicted": 2, "taken": 3}}}, {"start_time": 0, "end_time": 370.5279, "name": "n o a h", "id": {"platform": "steam", "id": "76561198167885099"}, "rank": {"id": "champion-3", "tier": 18, "division": 4, "name": "Champion III Division 4"}, "car_id": 23, "car_name": "Octane", "camera": {"fov": 110, "height": 90, "pitch": -5, "distance": 270, "stiffness": 0.55, "swivel_speed": 3, "transition_speed": 1.1}, "steering_sensitivity": 1.3, "stats": {"core": {"shots": 5, "shots_against": 6, "goals": 2, "goals_against": 3, "saves": 1, "assists": 2, "score": 518, "mvp": false, "shooting_percentage": 40}, "boost": {"bpm": 367, "bcpm": 390.30304, "avg_amount": 47.27, "amount_collected": 2254, "amount_stolen": 788, "amount_collected_big": 1585, "amount_stolen_big": 616, "amount_collected_small": 669, "amount_stolen_small": 172, "count_collected_big": 20, "count_stolen_big": 7, "count_collected_small": 61, "count_stolen_small": 16, "amount_overfill": 353, "amount_overfill_stolen": 93, "amount_used_while_supersonic": 137, "time_zero_boost": 32, "percent_zero_boost": 9.235209, "time_full_boost": 58.3, "percent_full_boost": 16.825397, "time_boost_0_25": 111.13, "time_boost_25_50": 118.76, "time_boost_50_75": 56.9, "time_boost_75_100": 76.99, "percent_boost_0_25": 30.548683, "percent_boost_25_50": 32.646107, "percent_boost_50_75": 15.641322, "percent_boost_75_100": 21.16389}, "movement": {"avg_speed": 1452, "total_distance": 493679, "time_supersonic_speed": 47.23, "time_boost_speed": 120.92, "time_slow_speed": 201.66, "time_ground": 225.45, "time_low_air": 135.63, "time_high_air": 8.73, "time_powerslide": 5.91, "count_powerslide": 64, "avg_powerslide_duration": 0.09, "avg_speed_percentage": 63.130436, "percent_slow_speed": 54.5307, "percent_boost_speed": 32.69787, "percent_supersonic_speed": 12.771422, "percent_ground": 60.963734, "percent_low_air": 36.675587, "percent_high_air": 2.3606713}, "positioning": {"avg_distance_to_ball": 2679, "avg_distance_to_ball_possession": 2445, "avg_distance_to_ball_no_possession": 2954, "avg_distance_to_mates": 3251, "time_defensive_third": 206.5, "time_neutral_third": 97.33, "time_offensive_third": 65.97, "time_defensive_half": 261.16, "time_offensive_half": 108.65, "time_behind_ball": 284.21, "time_infront_ball": 85.6, "time_most_back": 189.2, "time_most_forward": 169.5, "goals_against_while_last_defender": 3, "time_closest_to_ball": 160.1, "time_farthest_from_ball": 198.6, "percent_defensive_third": 55.840996, "percent_offensive_third": 17.839373, "percent_neutral_third": 26.319633, "percent_defensive_half": 70.62005, "percent_offensive_half": 29.379951, "percent_behind_ball": 76.85298, "percent_infront_ball": 23.147022, "percent_most_back": 54.603176, "percent_most_forward": 48.917747, "percent_closest_to_ball": 46.20491, "percent_farthest_from_ball": 57.316017}, "demo": {"inflicted": 0, "taken": 0}}}], "stats": {"ball": {"possession_time": 140.45, "time_in_side": 190.61}, "core": {"shots": 8, "shots_against": 6, "goals": 4, "goals_against": 3, "saves": 3, "assists": 3, "score": 1151, "shooting_percentage": 50}, "boost": {"bpm": 782, "bcpm": 818.8745, "avg_amount": 89.42, "amount_collected": 4729, "amount_stolen": 1170, "amount_collected_big": 3287, "amount_stolen_big": 772, "amount_collected_small": 1442, "amount_stolen_small": 398, "count_collected_big": 42, "count_stolen_big": 9, "count_collected_small": 128, "count_stolen_small": 36, "amount_overfill": 850, "amount_overfill_stolen": 136, "amount_used_while_supersonic": 428, "time_zero_boost": 88.11, "time_full_boost": 93.19, "time_boost_0_25": 244.76999, "time_boost_25_50": 221.81, "time_boost_50_75": 112.68, "time_boost_75_100": 133.57}, "movement": {"total_distance": 973490, "time_supersonic_speed": 99.56, "time_boost_speed": 227.14, "time_slow_speed": 403.77002, "time_ground": 436.75, "time_low_air": 269.16, "time_high_air": 24.56, "time_powerslide": 10.879999, "count_powerslide": 96}, "positioning": {"time_defensive_third": 396.37, "time_neutral_third": 207.33, "time_offensive_third": 126.770004, "time_defensive_half": 515.02, "time_offensive_half": 215.44, "time_behind_ball": 563.56, "time_infront_ball": 166.91}, "demo": {"inflicted": 2, "taken": 3}}}, "playlist_name": "Ranked Doubles", "map_name": "Urban Central (Night)", "server": {"name": "USC1-02BA339B2AC6DEC78-Perigee2", "region": "USC"}}