{"id": "918733da-5b54-45f7-946e-320856124b92", "link": "https://ballchasing.com/api/replays/918733da-5b54-45f7-946e-320856124b92", "created": "2025-07-20T04:41:31.316201Z", "uploader": {"steam_id": "76561198167885099", "name": "n o a h", "profile_url": "https://steamcommunity.com/id/Zermah/", "avatar": "https://avatars.steamstatic.com/1cbf3880830cdc652b673f09b13c212b1feb24aa.jpg"}, "status": "ok", "rocket_league_id": "DD5B028A4DAA48342BA9CB848014A139", "match_guid": "CE1FA1CE11F065220E5D58890C2A6737", "title": "2025-07-19.23.41 n o a h Ranked Doubles Loss", "map_code": "underwater_grs_p", "match_type": "Online", "team_size": 2, "playlist_id": "ranked-doubles", "duration": 363, "overtime": false, "season": 19, "season_type": "free2play", "date": "2025-07-19T23:41:28-05:00", "date_has_timezone": true, "visibility": "public", "min_rank": {"id": "champion-2", "tier": 17, "division": 2, "name": "Champion II Division 2"}, "max_rank": {"id": "grand-champion", "tier": 19, "division": 1, "name": "Grand Champion I Division 1"}, "groups": [{"id": "replay-analysis-j2e0c8rw06", "name": "Replay Analysis", "link": "https://ballchasing.com/api/groups/replay-analysis-j2e0c8rw06"}], "blue": {"color": "blue", "players": [{"start_time": 0, "end_time": 363.964, "name": "Respawn", "id": {"platform": "steam", "id": "76561198180060955"}, "car_id": 4284, "car_name": "Fennec", "camera": {"fov": 110, "height": 100, "pitch": -3, "distance": 260, "stiffness": 0.6, "swivel_speed": 3.5, "transition_speed": 1.7}, "steering_sensitivity": 1.3, "stats": {"core": {"shots": 4, "shots_against": 11, "goals": 2, "goals_against": 4, "saves": 4, "assists": 0, "score": 649, "mvp": false, "shooting_percentage": 50}, "boost": {"bpm": 483, "bcpm": 501.83728, "avg_amount": 51.38, "amount_collected": 2868, "amount_stolen": 757, "amount_collected_big": 2188, "amount_stolen_big": 539, "amount_collected_small": 680, "amount_stolen_small": 218, "count_collected_big": 30, "count_stolen_big": 6, "count_collected_small": 60, "count_stolen_small": 20, "amount_overfill": 821, "amount_overfill_stolen": 60, "amount_used_while_supersonic": 622, "time_zero_boost": 45.27, "percent_zero_boost": 13.2021, "time_full_boost": 40.3, "percent_full_boost": 11.752698, "time_boost_0_25": 105.49, "time_boost_25_50": 91.73, "time_boost_50_75": 72.51, "time_boost_75_100": 77.22, "percent_boost_0_25": 30.404957, "percent_boost_25_50": 26.438967, "percent_boost_50_75": 20.899263, "percent_boost_75_100": 22.25681}, "movement": {"avg_speed": 1619, "total_distance": 534022, "time_supersonic_speed": 80.55, "time_boost_speed": 127.12, "time_slow_speed": 151.23, "time_ground": 225.21, "time_low_air": 120.1, "time_high_air": 13.59, "time_powerslide": 5.52, "count_powerslide": 36, "avg_powerslide_duration": 0.15, "avg_speed_percentage": 70.391304, "percent_slow_speed": 42.13708, "percent_boost_speed": 35.419334, "percent_supersonic_speed": 22.443577, "percent_ground": 62.750072, "percent_low_air": 33.46336, "percent_high_air": 3.78657}, "positioning": {"avg_distance_to_ball": 2422, "avg_distance_to_ball_possession": 2168, "avg_distance_to_ball_no_possession": 2725, "avg_distance_to_mates": 3263, "time_defensive_third": 153.98, "time_neutral_third": 137.37, "time_offensive_third": 67.56, "time_defensive_half": 221.53, "time_offensive_half": 137.38, "time_behind_ball": 259.76, "time_infront_ball": 99.14, "time_most_back": 180.8, "time_most_forward": 155.5, "goals_against_while_last_defender": 2, "time_closest_to_ball": 179.6, "time_farthest_from_ball": 156.9, "percent_defensive_third": 42.902122, "percent_offensive_third": 18.823662, "percent_neutral_third": 38.274223, "percent_defensive_half": 61.722996, "percent_offensive_half": 38.277004, "percent_behind_ball": 72.3767, "percent_infront_ball": 27.623291, "percent_most_back": 52.72674, "percent_most_forward": 45.3485, "percent_closest_to_ball": 52.376785, "percent_farthest_from_ball": 45.75678}, "demo": {"inflicted": 1, "taken": 1}}}, {"start_time": 0, "end_time": 363.964, "name": "n o a h", "id": {"platform": "steam", "id": "76561198167885099"}, "rank": {"id": "grand-champion", "tier": 19, "division": 1, "name": "Grand Champion I Division 1"}, "car_id": 23, "car_name": "Octane", "camera": {"fov": 110, "height": 90, "pitch": -5, "distance": 270, "stiffness": 0.55, "swivel_speed": 3, "transition_speed": 1.1}, "steering_sensitivity": 1.3, "stats": {"core": {"shots": 4, "shots_against": 11, "goals": 1, "goals_against": 4, "saves": 2, "assists": 2, "score": 530, "mvp": false, "shooting_percentage": 25}, "boost": {"bpm": 463, "bcpm": 488.189, "avg_amount": 51.83, "amount_collected": 2790, "amount_stolen": 703, "amount_collected_big": 2122, "amount_stolen_big": 435, "amount_collected_small": 668, "amount_stolen_small": 268, "count_collected_big": 26, "count_stolen_big": 6, "count_collected_small": 60, "count_stolen_small": 23, "amount_overfill": 219, "amount_overfill_stolen": 55, "amount_used_while_supersonic": 550, "time_zero_boost": 51.4, "percent_zero_boost": 14.989793, "time_full_boost": 41.49, "percent_full_boost": 12.099738, "time_boost_0_25": 104.03, "time_boost_25_50": 74.87, "time_boost_50_75": 64.41, "time_boost_75_100": 97.83, "percent_boost_0_25": 30.49481, "percent_boost_25_50": 21.947002, "percent_boost_50_75": 18.880812, "percent_boost_75_100": 28.677374}, "movement": {"avg_speed": 1653, "total_distance": 554918, "time_supersonic_speed": 70.68, "time_boost_speed": 152.54, "time_slow_speed": 138.85, "time_ground": 214.69, "time_low_air": 129.84, "time_high_air": 17.54, "time_powerslide": 4.8, "count_powerslide": 51, "avg_powerslide_duration": 0.09, "avg_speed_percentage": 71.86957, "percent_slow_speed": 38.34894, "percent_boost_speed": 42.12997, "percent_supersonic_speed": 19.521086, "percent_ground": 59.295162, "percent_low_air": 35.86047, "percent_high_air": 4.8443675}, "positioning": {"avg_distance_to_ball": 2586, "avg_distance_to_ball_possession": 2752, "avg_distance_to_ball_no_possession": 2502, "avg_distance_to_mates": 3263, "time_defensive_third": 154.36, "time_neutral_third": 127.4, "time_offensive_third": 80.31, "time_defensive_half": 220.74, "time_offensive_half": 141.33, "time_behind_ball": 242.74, "time_infront_ball": 119.33, "time_most_back": 162.4, "time_most_forward": 188.4, "goals_against_while_last_defender": 2, "time_closest_to_ball": 160.2, "time_farthest_from_ball": 190.4, "percent_defensive_third": 42.63264, "percent_offensive_third": 22.180794, "percent_neutral_third": 35.186565, "percent_defensive_half": 60.96611, "percent_offensive_half": 39.033886, "percent_behind_ball": 67.04228, "percent_infront_ball": 32.957714, "percent_most_back": 47.360744, "percent_most_forward": 54.943134, "percent_closest_to_ball": 46.719162, "percent_farthest_from_ball": 55.526394}, "demo": {"inflicted": 2, "taken": 0}}}], "stats": {"ball": {"possession_time": 145.26, "time_in_side": 159.78}, "core": {"shots": 8, "shots_against": 11, "goals": 3, "goals_against": 4, "saves": 6, "assists": 2, "score": 1179, "shooting_percentage": 37.5}, "boost": {"bpm": 946, "bcpm": 990.02625, "avg_amount": 103.21001, "amount_collected": 5658, "amount_stolen": 1460, "amount_collected_big": 4310, "amount_stolen_big": 974, "amount_collected_small": 1348, "amount_stolen_small": 486, "count_collected_big": 56, "count_stolen_big": 12, "count_collected_small": 120, "count_stolen_small": 43, "amount_overfill": 1040, "amount_overfill_stolen": 115, "amount_used_while_supersonic": 1172, "time_zero_boost": 96.67, "time_full_boost": 81.79, "time_boost_0_25": 209.51999, "time_boost_25_50": 166.6, "time_boost_50_75": 136.92001, "time_boost_75_100": 175.05}, "movement": {"total_distance": 1088940, "time_supersonic_speed": 151.23001, "time_boost_speed": 279.66, "time_slow_speed": 290.08002, "time_ground": 439.90002, "time_low_air": 249.94, "time_high_air": 31.130001, "time_powerslide": 10.32, "count_powerslide": 87}, "positioning": {"time_defensive_third": 308.34, "time_neutral_third": 264.77, "time_offensive_third": 147.87, "time_defensive_half": 442.27002, "time_offensive_half": 278.71002, "time_behind_ball": 502.5, "time_infront_ball": 218.47}, "demo": {"inflicted": 3, "taken": 1}}}, "orange": {"color": "orange", "players": [{"start_time": 0, "end_time": 363.964, "name": "monty", "id": {"platform": "steam", "id": "76561198867803923"}, "mvp": true, "rank": {"id": "champion-2", "tier": 17, "division": 2, "name": "Champion II Division 2"}, "car_id": 4284, "car_name": "Fennec", "camera": {"fov": 110, "height": 90, "pitch": -4, "distance": 300, "stiffness": 0.45, "swivel_speed": 4.2, "transition_speed": 1.2}, "steering_sensitivity": 1.4, "stats": {"core": {"shots": 5, "shots_against": 8, "goals": 2, "goals_against": 3, "saves": 5, "assists": 0, "score": 704, "mvp": true, "shooting_percentage": 40}, "boost": {"bpm": 371, "bcpm": 416.9729, "avg_amount": 53.14, "amount_collected": 2383, "amount_stolen": 774, "amount_collected_big": 1831, "amount_stolen_big": 541, "amount_collected_small": 552, "amount_stolen_small": 233, "count_collected_big": 24, "count_stolen_big": 7, "count_collected_small": 50, "count_stolen_small": 21, "amount_overfill": 560, "amount_overfill_stolen": 158, "amount_used_while_supersonic": 487, "time_zero_boost": 30, "percent_zero_boost": 8.748906, "time_full_boost": 61.43, "percent_full_boost": 17.914845, "time_boost_0_25": 99.24, "time_boost_25_50": 73.89, "time_boost_50_75": 48.24, "time_boost_75_100": 127.21, "percent_boost_0_25": 28.46979, "percent_boost_25_50": 21.197428, "percent_boost_50_75": 13.839004, "percent_boost_75_100": 36.493774}, "movement": {"avg_speed": 1571, "total_distance": 525408, "time_supersonic_speed": 58.78, "time_boost_speed": 143.5, "time_slow_speed": 157.87, "time_ground": 216.55, "time_low_air": 117.43, "time_high_air": 26.17, "time_powerslide": 7.69, "count_powerslide": 66, "avg_powerslide_duration": 0.12, "avg_speed_percentage": 68.304344, "percent_slow_speed": 43.834515, "percent_boost_speed": 39.84451, "percent_supersonic_speed": 16.320978, "percent_ground": 60.12772, "percent_low_air": 32.605858, "percent_high_air": 7.266416}, "positioning": {"avg_distance_to_ball": 2626, "avg_distance_to_ball_possession": 2473, "avg_distance_to_ball_no_possession": 2738, "avg_distance_to_mates": 3738, "time_defensive_third": 176.24, "time_neutral_third": 106.67, "time_offensive_third": 77.24, "time_defensive_half": 227.67, "time_offensive_half": 132.49, "time_behind_ball": 254, "time_infront_ball": 106.15, "time_most_back": 188.7, "time_most_forward": 157.6, "goals_against_while_last_defender": 3, "time_closest_to_ball": 190.9, "time_farthest_from_ball": 155.4, "percent_defensive_third": 48.93516, "percent_offensive_third": 21.446617, "percent_neutral_third": 29.618212, "percent_defensive_half": 63.21357, "percent_offensive_half": 36.78643, "percent_behind_ball": 70.52617, "percent_infront_ball": 29.473831, "percent_most_back": 55.03062, "percent_most_forward": 45.960926, "percent_closest_to_ball": 55.672207, "percent_farthest_from_ball": 45.319332}, "demo": {"inflicted": 1, "taken": 1}}}, {"start_time": 0, "end_time": 363.964, "name": "claymercs15", "id": {"platform": "epic", "id": "33a6236f5cf044ba977ff0d640b69d3f"}, "rank": {"id": "grand-champion", "tier": 19, "division": 1, "name": "Grand Champion I Division 1"}, "car_id": 4284, "car_name": "Fennec", "camera": {"fov": 110, "height": 100, "pitch": -4, "distance": 270, "stiffness": 0.6, "swivel_speed": 5, "transition_speed": 1.7}, "steering_sensitivity": 1, "stats": {"core": {"shots": 6, "shots_against": 8, "goals": 2, "goals_against": 3, "saves": 0, "assists": 2, "score": 516, "mvp": false, "shooting_percentage": 33.333332}, "boost": {"bpm": 322, "bcpm": 317.41034, "avg_amount": 44.37, "amount_collected": 1814, "amount_stolen": 494, "amount_collected_big": 1226, "amount_stolen_big": 362, "amount_collected_small": 588, "amount_stolen_small": 132, "count_collected_big": 14, "count_stolen_big": 4, "count_collected_small": 52, "count_stolen_small": 12, "amount_overfill": 173, "amount_overfill_stolen": 37, "amount_used_while_supersonic": 267, "time_zero_boost": 51.25, "percent_zero_boost": 14.946049, "time_full_boost": 17.29, "percent_full_boost": 5.042287, "time_boost_0_25": 133.72, "time_boost_25_50": 107.4, "time_boost_50_75": 49.13, "time_boost_75_100": 54.53, "percent_boost_0_25": 38.784153, "percent_boost_25_50": 31.1503, "percent_boost_50_75": 14.249666, "percent_boost_75_100": 15.815883}, "movement": {"avg_speed": 1563, "total_distance": 513314, "time_supersonic_speed": 44.69, "time_boost_speed": 164.67, "time_slow_speed": 147.87, "time_ground": 228.21, "time_low_air": 123.39, "time_high_air": 5.64, "time_powerslide": 4.25, "count_powerslide": 50, "avg_powerslide_duration": 0.08, "avg_speed_percentage": 67.95652, "percent_slow_speed": 41.3935, "percent_boost_speed": 46.096355, "percent_supersonic_speed": 12.510148, "percent_ground": 63.88142, "percent_low_air": 34.539803, "percent_high_air": 1.5787705}, "positioning": {"avg_distance_to_ball": 2941, "avg_distance_to_ball_possession": 2593, "avg_distance_to_ball_no_possession": 3156, "avg_distance_to_mates": 3738, "time_defensive_third": 158.97, "time_neutral_third": 123.41, "time_offensive_third": 74.86, "time_defensive_half": 223.15, "time_offensive_half": 134.09, "time_behind_ball": 248.31, "time_infront_ball": 108.92, "time_most_back": 160.3, "time_most_forward": 182.2, "time_closest_to_ball": 149.2, "time_farthest_from_ball": 193.3, "percent_defensive_third": 44.499496, "percent_offensive_third": 20.955101, "percent_neutral_third": 34.545406, "percent_defensive_half": 62.46501, "percent_offensive_half": 37.534992, "percent_behind_ball": 69.50984, "percent_infront_ball": 30.490162, "percent_most_back": 46.748325, "percent_most_forward": 53.135025, "percent_closest_to_ball": 43.511227, "percent_farthest_from_ball": 56.37212}, "demo": {"inflicted": 0, "taken": 2}}}], "stats": {"ball": {"possession_time": 116.19, "time_in_side": 170.28}, "core": {"shots": 11, "shots_against": 8, "goals": 4, "goals_against": 3, "saves": 5, "assists": 2, "score": 1220, "shooting_percentage": 36.363636}, "boost": {"bpm": 693, "bcpm": 734.38324, "avg_amount": 97.509995, "amount_collected": 4197, "amount_stolen": 1268, "amount_collected_big": 3057, "amount_stolen_big": 903, "amount_collected_small": 1140, "amount_stolen_small": 365, "count_collected_big": 38, "count_stolen_big": 11, "count_collected_small": 102, "count_stolen_small": 33, "amount_overfill": 733, "amount_overfill_stolen": 195, "amount_used_while_supersonic": 754, "time_zero_boost": 81.25, "time_full_boost": 78.72, "time_boost_0_25": 232.95999, "time_boost_25_50": 181.29001, "time_boost_50_75": 97.37, "time_boost_75_100": 181.73999}, "movement": {"total_distance": 1038722, "time_supersonic_speed": 103.47, "time_boost_speed": 308.16998, "time_slow_speed": 305.74, "time_ground": 444.76, "time_low_air": 240.82, "time_high_air": 31.81, "time_powerslide": 11.940001, "count_powerslide": 116}, "positioning": {"time_defensive_third": 335.21002, "time_neutral_third": 230.08, "time_offensive_third": 152.1, "time_defensive_half": 450.82, "time_offensive_half": 266.58002, "time_behind_ball": 502.31, "time_infront_ball": 215.07}, "demo": {"inflicted": 1, "taken": 3}}}, "playlist_name": "Ranked Doubles", "map_name": "AquaDome (Salty Shallows)", "server": {"name": "USE1-09D8DB783839457A5-Neuron", "region": "USE"}}