{"id": "94472e16-d791-434c-82c5-ee487f252194", "link": "https://ballchasing.com/api/replays/94472e16-d791-434c-82c5-ee487f252194", "created": "2025-07-19T14:28:13.472094Z", "uploader": {"steam_id": "76561198167885099", "name": "n o a h", "profile_url": "https://steamcommunity.com/id/Zermah/", "avatar": "https://avatars.steamstatic.com/1cbf3880830cdc652b673f09b13c212b1feb24aa.jpg"}, "status": "ok", "rocket_league_id": "4A01AF384E7A67DA7F9582A29C4AAB4F", "match_guid": "3559E3C411F0644F1775019D6D034FCF", "title": "2025-07-18.22.25 n o a h Ranked Doubles Win", "map_code": "uf_day_p", "match_type": "Online", "team_size": 2, "playlist_id": "ranked-doubles", "duration": 344, "overtime": false, "season": 19, "season_type": "free2play", "date": "2025-07-18T22:25:53-05:00", "date_has_timezone": true, "visibility": "public", "min_rank": {"id": "grand-champion-1", "tier": 19, "division": 2, "name": "Grand Champion I Division 2"}, "max_rank": {"id": "grand-champion-1", "tier": 19, "division": 2, "name": "Grand Champion I Division 2"}, "groups": [{"id": "replay-analysis-j2e0c8rw06", "name": "Replay Analysis", "link": "https://ballchasing.com/api/groups/replay-analysis-j2e0c8rw06"}], "blue": {"color": "blue", "players": [{"start_time": 0, "end_time": 344.9015, "name": "n o a h", "id": {"platform": "steam", "id": "76561198167885099"}, "mvp": true, "rank": {"id": "grand-champion-1", "tier": 19, "division": 2, "name": "Grand Champion I Division 2"}, "car_id": 23, "car_name": "Octane", "camera": {"fov": 110, "height": 90, "pitch": -5, "distance": 270, "stiffness": 0.55, "swivel_speed": 3, "transition_speed": 1.1}, "steering_sensitivity": 1.3, "stats": {"core": {"shots": 5, "shots_against": 5, "goals": 1, "goals_against": 1, "saves": 1, "assists": 1, "score": 430, "mvp": true, "shooting_percentage": 20}, "boost": {"bpm": 399, "bcpm": 425.82855, "avg_amount": 54.22, "amount_collected": 2362, "amount_stolen": 364, "amount_collected_big": 1909, "amount_stolen_big": 225, "amount_collected_small": 453, "amount_stolen_small": 139, "count_collected_big": 24, "count_stolen_big": 4, "count_collected_small": 42, "count_stolen_small": 13, "amount_overfill": 334, "amount_overfill_stolen": 78, "amount_used_while_supersonic": 378, "time_zero_boost": 29.14, "percent_zero_boost": 8.755747, "time_full_boost": 41.18, "percent_full_boost": 12.373426, "time_boost_0_25": 80.77, "time_boost_25_50": 82.31, "time_boost_50_75": 84.19, "time_boost_75_100": 94.91, "percent_boost_0_25": 23.604534, "percent_boost_25_50": 24.054592, "percent_boost_50_75": 24.60401, "percent_boost_75_100": 27.736864}, "movement": {"avg_speed": 1519, "total_distance": 499507, "time_supersonic_speed": 59.17, "time_boost_speed": 120.62, "time_slow_speed": 164.82, "time_ground": 206.17, "time_low_air": 126.76, "time_high_air": 11.69, "time_powerslide": 6.33, "count_powerslide": 80, "avg_powerslide_duration": 0.08, "avg_speed_percentage": 66.04348, "percent_slow_speed": 47.82798, "percent_boost_speed": 35.00189, "percent_supersonic_speed": 17.170135, "percent_ground": 59.825317, "percent_low_air": 36.782543, "percent_high_air": 3.392142}, "positioning": {"avg_distance_to_ball": 2683, "avg_distance_to_ball_possession": 2393, "avg_distance_to_ball_no_possession": 2897, "avg_distance_to_mates": 3653, "time_defensive_third": 148.25, "time_neutral_third": 123.63, "time_offensive_third": 72.74, "time_defensive_half": 209.4, "time_offensive_half": 135.22, "time_behind_ball": 267.08, "time_infront_ball": 77.54, "time_most_back": 201.8, "time_most_forward": 132, "time_closest_to_ball": 157.7, "time_farthest_from_ball": 176.1, "percent_defensive_third": 43.0184, "percent_offensive_third": 21.107307, "percent_neutral_third": 35.8743, "percent_defensive_half": 60.76258, "percent_offensive_half": 39.237423, "percent_behind_ball": 77.49985, "percent_infront_ball": 22.500145, "percent_most_back": 60.635197, "percent_most_forward": 39.66227, "percent_closest_to_ball": 47.384396, "percent_farthest_from_ball": 52.913074}, "demo": {"inflicted": 1, "taken": 0}}}, {"start_time": 0, "end_time": 344.9015, "name": "Respawn", "id": {"platform": "steam", "id": "76561198180060955"}, "car_id": 4284, "car_name": "Fennec", "camera": {"fov": 110, "height": 100, "pitch": -3, "distance": 260, "stiffness": 0.6, "swivel_speed": 3.5, "transition_speed": 1.7}, "steering_sensitivity": 1.3, "stats": {"core": {"shots": 5, "shots_against": 5, "goals": 1, "goals_against": 1, "saves": 2, "assists": 0, "score": 396, "mvp": false, "shooting_percentage": 20}, "boost": {"bpm": 470, "bcpm": 476.3078, "avg_amount": 54.32, "amount_collected": 2642, "amount_stolen": 841, "amount_collected_big": 1866, "amount_stolen_big": 594, "amount_collected_small": 776, "amount_stolen_small": 247, "count_collected_big": 25, "count_stolen_big": 7, "count_collected_small": 69, "count_stolen_small": 22, "amount_overfill": 665, "amount_overfill_stolen": 116, "amount_used_while_supersonic": 467, "time_zero_boost": 27.99, "percent_zero_boost": 8.410204, "time_full_boost": 45.32, "percent_full_boost": 13.617379, "time_boost_0_25": 100.01, "time_boost_25_50": 62.87, "time_boost_50_75": 69.02, "time_boost_75_100": 99.27, "percent_boost_0_25": 30.198994, "percent_boost_25_50": 18.98421, "percent_boost_50_75": 20.841259, "percent_boost_75_100": 29.975542}, "movement": {"avg_speed": 1588, "total_distance": 523549, "time_supersonic_speed": 76.37, "time_boost_speed": 127.15, "time_slow_speed": 140.96, "time_ground": 219.01, "time_low_air": 120.56, "time_high_air": 4.91, "time_powerslide": 5.35, "count_powerslide": 36, "avg_powerslide_duration": 0.15, "avg_speed_percentage": 69.04348, "percent_slow_speed": 40.919647, "percent_boost_speed": 36.910706, "percent_supersonic_speed": 22.169647, "percent_ground": 63.576984, "percent_low_air": 34.997677, "percent_high_air": 1.4253367}, "positioning": {"avg_distance_to_ball": 2698, "avg_distance_to_ball_possession": 2635, "avg_distance_to_ball_no_possession": 2751, "avg_distance_to_mates": 3653, "time_defensive_third": 129.97, "time_neutral_third": 126.53, "time_offensive_third": 87.97, "time_defensive_half": 198.33, "time_offensive_half": 146.15, "time_behind_ball": 242.82, "time_infront_ball": 101.65, "time_most_back": 133.2, "time_most_forward": 201.1, "goals_against_while_last_defender": 1, "time_closest_to_ball": 176.2, "time_farthest_from_ball": 158.1, "percent_defensive_third": 37.730427, "percent_offensive_third": 25.537783, "percent_neutral_third": 36.731792, "percent_defensive_half": 57.57374, "percent_offensive_half": 42.426266, "percent_behind_ball": 70.4909, "percent_infront_ball": 29.5091, "percent_most_back": 40.022835, "percent_most_forward": 60.424866, "percent_closest_to_ball": 52.943123, "percent_farthest_from_ball": 47.504585}, "demo": {"inflicted": 2, "taken": 0}}}], "stats": {"ball": {"possession_time": 121.36, "time_in_side": 157.22}, "core": {"shots": 10, "shots_against": 5, "goals": 2, "goals_against": 1, "saves": 3, "assists": 1, "score": 826, "shooting_percentage": 20}, "boost": {"bpm": 869, "bcpm": 902.13635, "avg_amount": 108.54, "amount_collected": 5004, "amount_stolen": 1205, "amount_collected_big": 3775, "amount_stolen_big": 819, "amount_collected_small": 1229, "amount_stolen_small": 386, "count_collected_big": 49, "count_stolen_big": 11, "count_collected_small": 111, "count_stolen_small": 35, "amount_overfill": 999, "amount_overfill_stolen": 194, "amount_used_while_supersonic": 845, "time_zero_boost": 57.129997, "time_full_boost": 86.5, "time_boost_0_25": 180.78, "time_boost_25_50": 145.18, "time_boost_50_75": 153.20999, "time_boost_75_100": 194.18}, "movement": {"total_distance": 1023056, "time_supersonic_speed": 135.54001, "time_boost_speed": 247.77, "time_slow_speed": 305.78003, "time_ground": 425.18, "time_low_air": 247.32, "time_high_air": 16.599998, "time_powerslide": 11.68, "count_powerslide": 116}, "positioning": {"time_defensive_third": 278.22, "time_neutral_third": 250.16, "time_offensive_third": 160.70999, "time_defensive_half": 407.72998, "time_offensive_half": 281.37, "time_behind_ball": 509.9, "time_infront_ball": 179.19}, "demo": {"inflicted": 3, "taken": 0}}}, "orange": {"color": "orange", "players": [{"start_time": 0, "end_time": 344.9015, "name": "womp444", "id": {"platform": "epic", "id": "8df82aeec2a146f88a754d556d8c5665"}, "rank": {"id": "grand-champion-1", "tier": 19, "division": 2, "name": "Grand Champion I Division 2"}, "car_id": 4284, "car_name": "Fennec", "camera": {"fov": 110, "height": 80, "pitch": -3, "distance": 220, "stiffness": 0.4, "swivel_speed": 4, "transition_speed": 1}, "steering_sensitivity": 1.25, "stats": {"core": {"shots": 2, "shots_against": 10, "goals": 0, "goals_against": 2, "saves": 5, "assists": 0, "score": 567, "mvp": false, "shooting_percentage": 0}, "boost": {"bpm": 470, "bcpm": 498.48264, "avg_amount": 47.91, "amount_collected": 2765, "amount_stolen": 257, "amount_collected_big": 2111, "amount_stolen_big": 157, "amount_collected_small": 654, "amount_stolen_small": 100, "count_collected_big": 25, "count_stolen_big": 2, "count_collected_small": 59, "count_stolen_small": 10, "amount_overfill": 409, "amount_overfill_stolen": 53, "amount_used_while_supersonic": 469, "time_zero_boost": 52.94, "percent_zero_boost": 15.906974, "time_full_boost": 47.29, "percent_full_boost": 14.209309, "time_boost_0_25": 128.87, "time_boost_25_50": 54.56, "time_boost_50_75": 55.32, "time_boost_75_100": 92.78, "percent_boost_0_25": 38.871292, "percent_boost_25_50": 16.457033, "percent_boost_50_75": 16.686274, "percent_boost_75_100": 27.985401}, "movement": {"avg_speed": 1566, "total_distance": 502753, "time_supersonic_speed": 51.71, "time_boost_speed": 142.56, "time_slow_speed": 141.09, "time_ground": 176.7, "time_low_air": 141.29, "time_high_air": 17.37, "time_powerslide": 4.49, "count_powerslide": 37, "avg_powerslide_duration": 0.12, "avg_speed_percentage": 68.08696, "percent_slow_speed": 42.07121, "percent_boost_speed": 42.509544, "percent_supersonic_speed": 15.419251, "percent_ground": 52.689648, "percent_low_air": 42.130844, "percent_high_air": 5.179509}, "positioning": {"avg_distance_to_ball": 2389, "avg_distance_to_ball_possession": 2237, "avg_distance_to_ball_no_possession": 2574, "avg_distance_to_mates": 2971, "time_defensive_third": 205.5, "time_neutral_third": 82.51, "time_offensive_third": 47.34, "time_defensive_half": 256.38, "time_offensive_half": 78.97, "time_behind_ball": 269.07, "time_infront_ball": 66.28, "time_most_back": 205.4, "time_most_forward": 129.7, "goals_against_while_last_defender": 2, "time_closest_to_ball": 157.3, "time_farthest_from_ball": 177.8, "percent_defensive_third": 61.27926, "percent_offensive_third": 14.116594, "percent_neutral_third": 24.604145, "percent_defensive_half": 76.45147, "percent_offensive_half": 23.54853, "percent_behind_ball": 80.23557, "percent_infront_ball": 19.764425, "percent_most_back": 61.716896, "percent_most_forward": 38.971184, "percent_closest_to_ball": 47.264206, "percent_farthest_from_ball": 53.423878}, "demo": {"inflicted": 0, "taken": 3}}}, {"start_time": 0, "end_time": 344.9015, "name": "Waffle", "id": {"platform": "steam", "id": "76561198979331635"}, "rank": {"id": "grand-champion-1", "tier": 19, "division": 2, "name": "Grand Champion I Division 2"}, "car_id": 4284, "car_name": "Fennec", "camera": {"fov": 110, "height": 100, "pitch": -3, "distance": 300, "stiffness": 0.5, "swivel_speed": 10, "transition_speed": 1.2}, "steering_sensitivity": 1.5, "stats": {"core": {"shots": 3, "shots_against": 10, "goals": 1, "goals_against": 2, "saves": 3, "assists": 0, "score": 547, "mvp": false, "shooting_percentage": 33.333332}, "boost": {"bpm": 413, "bcpm": 415.55243, "avg_amount": 50.02, "amount_collected": 2305, "amount_stolen": 549, "amount_collected_big": 1565, "amount_stolen_big": 288, "amount_collected_small": 740, "amount_stolen_small": 261, "count_collected_big": 18, "count_stolen_big": 4, "count_collected_small": 65, "count_stolen_small": 22, "amount_overfill": 260, "amount_overfill_stolen": 114, "amount_used_while_supersonic": 325, "time_zero_boost": 52.62, "percent_zero_boost": 15.810823, "time_full_boost": 35.38, "percent_full_boost": 10.630691, "time_boost_0_25": 137.64, "time_boost_25_50": 54.16, "time_boost_50_75": 44.27, "time_boost_75_100": 103.54, "percent_boost_0_25": 40.52884, "percent_boost_25_50": 15.947704, "percent_boost_50_75": 13.035541, "percent_boost_75_100": 30.487911}, "movement": {"avg_speed": 1592, "total_distance": 523144, "time_supersonic_speed": 53.55, "time_boost_speed": 151.85, "time_slow_speed": 139.04, "time_ground": 191.22, "time_low_air": 138.96, "time_high_air": 14.26, "time_powerslide": 3.76, "count_powerslide": 27, "avg_powerslide_duration": 0.14, "avg_speed_percentage": 69.21739, "percent_slow_speed": 40.36697, "percent_boost_speed": 44.086056, "percent_supersonic_speed": 15.546975, "percent_ground": 55.5162, "percent_low_air": 40.34375, "percent_high_air": 4.1400533}, "positioning": {"avg_distance_to_ball": 1927, "avg_distance_to_ball_possession": 1766, "avg_distance_to_ball_no_possession": 2141, "avg_distance_to_mates": 2971, "time_defensive_third": 148.51, "time_neutral_third": 110.8, "time_offensive_third": 85.13, "time_defensive_half": 201.02, "time_offensive_half": 143.43, "time_behind_ball": 223.71, "time_infront_ball": 120.73, "time_most_back": 137.5, "time_most_forward": 204.7, "time_closest_to_ball": 176.3, "time_farthest_from_ball": 165.9, "percent_defensive_third": 43.11636, "percent_offensive_third": 24.71548, "percent_neutral_third": 32.168156, "percent_defensive_half": 58.359703, "percent_offensive_half": 41.640293, "percent_behind_ball": 64.9489, "percent_infront_ball": 35.051098, "percent_most_back": 41.314865, "percent_most_forward": 61.506565, "percent_closest_to_ball": 52.973167, "percent_farthest_from_ball": 49.848263}, "demo": {"inflicted": 0, "taken": 0}}}], "stats": {"ball": {"possession_time": 188.05, "time_in_side": 172.28}, "core": {"shots": 5, "shots_against": 10, "goals": 1, "goals_against": 2, "saves": 8, "assists": 0, "score": 1114, "shooting_percentage": 20}, "boost": {"bpm": 883, "bcpm": 914.03503, "avg_amount": 97.93, "amount_collected": 5070, "amount_stolen": 806, "amount_collected_big": 3676, "amount_stolen_big": 445, "amount_collected_small": 1394, "amount_stolen_small": 361, "count_collected_big": 43, "count_stolen_big": 6, "count_collected_small": 124, "count_stolen_small": 32, "amount_overfill": 669, "amount_overfill_stolen": 167, "amount_used_while_supersonic": 794, "time_zero_boost": 105.56, "time_full_boost": 82.67, "time_boost_0_25": 266.51, "time_boost_25_50": 108.72, "time_boost_50_75": 99.59, "time_boost_75_100": 196.32}, "movement": {"total_distance": 1025897, "time_supersonic_speed": 105.259995, "time_boost_speed": 294.41, "time_slow_speed": 280.13, "time_ground": 367.91998, "time_low_air": 280.25, "time_high_air": 31.630001, "time_powerslide": 8.25, "count_powerslide": 64}, "positioning": {"time_defensive_third": 354.01, "time_neutral_third": 193.31, "time_offensive_third": 132.47, "time_defensive_half": 457.40002, "time_offensive_half": 222.4, "time_behind_ball": 492.78003, "time_infront_ball": 187.01001}, "demo": {"inflicted": 0, "taken": 3}}}, "playlist_name": "Ranked Doubles", "server": {"name": "USC1-03801106156519C5D-Takumi", "region": "USC"}}