{"id": "aea7f47c-f621-4227-9915-5b5b0960af23", "link": "https://ballchasing.com/api/replays/aea7f47c-f621-4227-9915-5b5b0960af23", "created": "2025-07-19T14:28:11.127272Z", "uploader": {"steam_id": "76561198167885099", "name": "n o a h", "profile_url": "https://steamcommunity.com/id/Zermah/", "avatar": "https://avatars.steamstatic.com/1cbf3880830cdc652b673f09b13c212b1feb24aa.jpg"}, "status": "ok", "rocket_league_id": "A7D79A604E7A9900B98D968735494A70", "match_guid": "1D49F26E11F06450702D4E883A52CFAC", "title": "2025-07-18.22.32 n o a h Ranked Doubles Win", "map_code": "farm_grs_p", "match_type": "Online", "team_size": 2, "playlist_id": "ranked-doubles", "duration": 374, "overtime": true, "overtime_seconds": 33, "season": 19, "season_type": "free2play", "date": "2025-07-18T22:32:57-05:00", "date_has_timezone": true, "visibility": "public", "min_rank": {"id": "grand-champion-1", "tier": 19, "division": 2, "name": "Grand Champion I Division 2"}, "max_rank": {"id": "grand-champion-1", "tier": 19, "division": 3, "name": "Grand Champion I Division 3"}, "groups": [{"id": "replay-analysis-j2e0c8rw06", "name": "Replay Analysis", "link": "https://ballchasing.com/api/groups/replay-analysis-j2e0c8rw06"}], "blue": {"color": "blue", "players": [{"start_time": 0, "end_time": 374.54913, "name": "Respawn", "id": {"platform": "steam", "id": "76561198180060955"}, "mvp": true, "car_id": 4284, "car_name": "Fennec", "camera": {"fov": 110, "height": 100, "pitch": -3, "distance": 260, "stiffness": 0.6, "swivel_speed": 3.5, "transition_speed": 1.7}, "steering_sensitivity": 1.3, "stats": {"core": {"shots": 1, "shots_against": 4, "goals": 2, "goals_against": 1, "saves": 3, "assists": 0, "score": 562, "mvp": true, "shooting_percentage": 200}, "boost": {"bpm": 431, "bcpm": 453.8385, "avg_amount": 57, "amount_collected": 2743, "amount_stolen": 426, "amount_collected_big": 1937, "amount_stolen_big": 228, "amount_collected_small": 806, "amount_stolen_small": 198, "count_collected_big": 28, "count_stolen_big": 3, "count_collected_small": 68, "count_stolen_small": 18, "amount_overfill": 887, "amount_overfill_stolen": 77, "amount_used_while_supersonic": 450, "time_zero_boost": 19.69, "percent_zero_boost": 5.429627, "time_full_boost": 54.85, "percent_full_boost": 15.125193, "time_boost_0_25": 75.25, "time_boost_25_50": 63.9, "time_boost_50_75": 109.69, "time_boost_75_100": 117.2, "percent_boost_0_25": 20.557863, "percent_boost_25_50": 17.45711, "percent_boost_50_75": 29.966673, "percent_boost_75_100": 32.01836}, "movement": {"avg_speed": 1583, "total_distance": 562647, "time_supersonic_speed": 70.41, "time_boost_speed": 136.11, "time_slow_speed": 164.53, "time_ground": 236.66, "time_low_air": 113.53, "time_high_air": 20.86, "time_powerslide": 5.91, "count_powerslide": 42, "avg_powerslide_duration": 0.14, "avg_speed_percentage": 68.82609, "percent_slow_speed": 44.341732, "percent_boost_speed": 36.682384, "percent_supersonic_speed": 18.97588, "percent_ground": 63.781162, "percent_low_air": 30.596956, "percent_high_air": 5.621884}, "positioning": {"avg_distance_to_ball": 2457, "avg_distance_to_ball_possession": 2235, "avg_distance_to_ball_no_possession": 2693, "avg_distance_to_mates": 3271, "time_defensive_third": 185.05, "time_neutral_third": 129.61, "time_offensive_third": 56.39, "time_defensive_half": 255.7, "time_offensive_half": 115.35, "time_behind_ball": 279.27, "time_infront_ball": 91.78, "time_most_back": 182.4, "time_most_forward": 178.5, "time_closest_to_ball": 169.3, "time_farthest_from_ball": 192.6, "percent_defensive_third": 49.871986, "percent_offensive_third": 15.197413, "percent_neutral_third": 34.930603, "percent_defensive_half": 68.912544, "percent_offensive_half": 31.087456, "percent_behind_ball": 75.264786, "percent_infront_ball": 24.735212, "percent_most_back": 50.297813, "percent_most_forward": 49.222366, "percent_closest_to_ball": 46.685417, "percent_farthest_from_ball": 53.11052}, "demo": {"inflicted": 1, "taken": 1}}}, {"start_time": 0, "end_time": 374.54913, "name": "n o a h", "id": {"platform": "steam", "id": "76561198167885099"}, "rank": {"id": "grand-champion-1", "tier": 19, "division": 2, "name": "Grand Champion I Division 2"}, "car_id": 23, "car_name": "Octane", "camera": {"fov": 110, "height": 90, "pitch": -5, "distance": 270, "stiffness": 0.55, "swivel_speed": 3, "transition_speed": 1.1}, "steering_sensitivity": 1.3, "stats": {"core": {"shots": 4, "shots_against": 4, "goals": 0, "goals_against": 1, "saves": 0, "assists": 0, "score": 232, "mvp": false, "shooting_percentage": 0}, "boost": {"bpm": 424, "bcpm": 447.22037, "avg_amount": 49.99, "amount_collected": 2703, "amount_stolen": 935, "amount_collected_big": 1894, "amount_stolen_big": 748, "amount_collected_small": 809, "amount_stolen_small": 187, "count_collected_big": 23, "count_stolen_big": 10, "count_collected_small": 73, "count_stolen_small": 18, "amount_overfill": 258, "amount_overfill_stolen": 187, "amount_used_while_supersonic": 458, "time_zero_boost": 59.27, "percent_zero_boost": 16.344032, "time_full_boost": 29.75, "percent_full_boost": 8.203728, "time_boost_0_25": 130.37, "time_boost_25_50": 74.43, "time_boost_50_75": 82.46, "time_boost_75_100": 84.95, "percent_boost_0_25": 35.02593, "percent_boost_25_50": 19.996778, "percent_boost_50_75": 22.154163, "percent_boost_75_100": 22.82314}, "movement": {"avg_speed": 1624, "total_distance": 581322, "time_supersonic_speed": 79.62, "time_boost_speed": 139.52, "time_slow_speed": 154.94, "time_ground": 206.66, "time_low_air": 156.54, "time_high_air": 10.88, "time_powerslide": 3.97, "count_powerslide": 48, "avg_powerslide_duration": 0.08, "avg_speed_percentage": 70.608696, "percent_slow_speed": 41.418945, "percent_boost_speed": 37.296833, "percent_supersonic_speed": 21.284218, "percent_ground": 55.244865, "percent_low_air": 41.84666, "percent_high_air": 2.9084687}, "positioning": {"avg_distance_to_ball": 2295, "avg_distance_to_ball_possession": 2109, "avg_distance_to_ball_no_possession": 2407, "avg_distance_to_mates": 3271, "time_defensive_third": 207.98, "time_neutral_third": 102.26, "time_offensive_third": 63.85, "time_defensive_half": 261.57, "time_offensive_half": 112.52, "time_behind_ball": 283.42, "time_infront_ball": 90.67, "time_most_back": 181.8, "time_most_forward": 182.7, "goals_against_while_last_defender": 1, "time_closest_to_ball": 191, "time_farthest_from_ball": 172.5, "percent_defensive_third": 55.59625, "percent_offensive_third": 17.068085, "percent_neutral_third": 27.335669, "percent_defensive_half": 69.92168, "percent_offensive_half": 30.078323, "percent_behind_ball": 75.76252, "percent_infront_ball": 24.237482, "percent_most_back": 50.132362, "percent_most_forward": 50.38054, "percent_closest_to_ball": 52.66931, "percent_farthest_from_ball": 47.567833}, "demo": {"inflicted": 1, "taken": 0}}}], "stats": {"ball": {"possession_time": 154.52, "time_in_side": 188.41}, "core": {"shots": 5, "shots_against": 4, "goals": 2, "goals_against": 1, "saves": 3, "assists": 0, "score": 794, "shooting_percentage": 40}, "boost": {"bpm": 855, "bcpm": 901.05884, "avg_amount": 106.990005, "amount_collected": 5446, "amount_stolen": 1361, "amount_collected_big": 3831, "amount_stolen_big": 976, "amount_collected_small": 1615, "amount_stolen_small": 385, "count_collected_big": 51, "count_stolen_big": 13, "count_collected_small": 141, "count_stolen_small": 36, "amount_overfill": 1145, "amount_overfill_stolen": 264, "amount_used_while_supersonic": 908, "time_zero_boost": 78.96, "time_full_boost": 84.6, "time_boost_0_25": 205.62, "time_boost_25_50": 138.33, "time_boost_50_75": 192.15, "time_boost_75_100": 202.15}, "movement": {"total_distance": 1143969, "time_supersonic_speed": 150.03, "time_boost_speed": 275.63, "time_slow_speed": 319.47, "time_ground": 443.32, "time_low_air": 270.07, "time_high_air": 31.740002, "time_powerslide": 9.88, "count_powerslide": 90}, "positioning": {"time_defensive_third": 393.03, "time_neutral_third": 231.87, "time_offensive_third": 120.24, "time_defensive_half": 517.27, "time_offensive_half": 227.87, "time_behind_ball": 562.69, "time_infront_ball": 182.45}, "demo": {"inflicted": 2, "taken": 1}}}, "orange": {"color": "orange", "players": [{"start_time": 0, "end_time": 374.54913, "name": "kviierl", "id": {"platform": "ps4", "id": "kviierl"}, "rank": {"id": "grand-champion-1", "tier": 19, "division": 3, "name": "Grand Champion I Division 3"}, "car_id": 21, "car_name": "Backfire", "camera": {"fov": 110, "height": 100, "pitch": -5, "distance": 270, "stiffness": 0.35, "swivel_speed": 4, "transition_speed": 1.5}, "steering_sensitivity": 2, "stats": {"core": {"shots": 1, "shots_against": 5, "goals": 0, "goals_against": 2, "saves": 4, "assists": 0, "score": 459, "mvp": false, "shooting_percentage": 0}, "boost": {"bpm": 577, "bcpm": 603.4083, "avg_amount": 56.85, "amount_collected": 3647, "amount_stolen": 934, "amount_collected_big": 2856, "amount_stolen_big": 741, "amount_collected_small": 791, "amount_stolen_small": 193, "count_collected_big": 39, "count_stolen_big": 9, "count_collected_small": 62, "count_stolen_small": 17, "amount_overfill": 1072, "amount_overfill_stolen": 163, "amount_used_while_supersonic": 1024, "time_zero_boost": 33.01, "percent_zero_boost": 9.102691, "time_full_boost": 60.68, "percent_full_boost": 16.732847, "time_boost_0_25": 83.88, "time_boost_25_50": 66.95, "time_boost_50_75": 89.86, "time_boost_75_100": 126.61, "percent_boost_0_25": 22.836918, "percent_boost_25_50": 18.227606, "percent_boost_50_75": 24.465015, "percent_boost_75_100": 34.470463}, "movement": {"avg_speed": 1704, "total_distance": 607554, "time_supersonic_speed": 94.98, "time_boost_speed": 152.6, "time_slow_speed": 123.66, "time_ground": 243.58, "time_low_air": 120.18, "time_high_air": 7.48, "time_powerslide": 4.63, "count_powerslide": 51, "avg_powerslide_duration": 0.09, "avg_speed_percentage": 74.08696, "percent_slow_speed": 33.309986, "percent_boost_speed": 41.105484, "percent_supersonic_speed": 25.584526, "percent_ground": 65.61254, "percent_low_air": 32.37259, "percent_high_air": 2.014869}, "positioning": {"avg_distance_to_ball": 2180, "avg_distance_to_ball_possession": 1953, "avg_distance_to_ball_no_possession": 2371, "avg_distance_to_mates": 3339, "time_defensive_third": 155.83, "time_neutral_third": 127.85, "time_offensive_third": 87.55, "time_defensive_half": 235.64, "time_offensive_half": 135.6, "time_behind_ball": 281.67, "time_infront_ball": 89.57, "time_most_back": 209, "time_most_forward": 155, "goals_against_while_last_defender": 1, "time_closest_to_ball": 188.6, "time_farthest_from_ball": 175.4, "percent_defensive_third": 41.97667, "percent_offensive_third": 23.583761, "percent_neutral_third": 34.439564, "percent_defensive_half": 63.473766, "percent_offensive_half": 36.52624, "percent_behind_ball": 75.87275, "percent_infront_ball": 24.127249, "percent_most_back": 57.63291, "percent_most_forward": 42.74211, "percent_closest_to_ball": 52.0075, "percent_farthest_from_ball": 48.367523}, "demo": {"inflicted": 0, "taken": 1}}}, {"start_time": 0, "end_time": 374.54913, "name": "JaredAM", "id": {"platform": "steam", "id": "76561198141813967"}, "rank": {"id": "grand-champion-1", "tier": 19, "division": 3, "name": "Grand Champion I Division 3"}, "car_id": 403, "car_name": "Dominus", "camera": {"fov": 110, "height": 100, "pitch": -4, "distance": 270, "stiffness": 0.4, "swivel_speed": 5, "transition_speed": 1.2}, "steering_sensitivity": 1, "stats": {"core": {"shots": 3, "shots_against": 5, "goals": 1, "goals_against": 2, "saves": 0, "assists": 0, "score": 320, "mvp": false, "shooting_percentage": 33.333332}, "boost": {"bpm": 368, "bcpm": 395.76437, "avg_amount": 52.86, "amount_collected": 2392, "amount_stolen": 574, "amount_collected_big": 1609, "amount_stolen_big": 187, "amount_collected_small": 783, "amount_stolen_small": 387, "count_collected_big": 23, "count_stolen_big": 3, "count_collected_small": 63, "count_stolen_small": 28, "amount_overfill": 721, "amount_overfill_stolen": 118, "amount_used_while_supersonic": 436, "time_zero_boost": 41.13, "percent_zero_boost": 11.341826, "time_full_boost": 36.91, "percent_full_boost": 10.178138, "time_boost_0_25": 112.47, "time_boost_25_50": 67.3, "time_boost_50_75": 76.55, "time_boost_75_100": 110.15, "percent_boost_0_25": 30.690098, "percent_boost_25_50": 18.364397, "percent_boost_50_75": 20.888477, "percent_boost_75_100": 30.05703}, "movement": {"avg_speed": 1651, "total_distance": 589309, "time_supersonic_speed": 87.91, "time_boost_speed": 142.54, "time_slow_speed": 140.71, "time_ground": 210.94, "time_low_air": 153.6, "time_high_air": 6.62, "time_powerslide": 3.37, "count_powerslide": 53, "avg_powerslide_duration": 0.06, "avg_speed_percentage": 71.78261, "percent_slow_speed": 37.910877, "percent_boost_speed": 38.40392, "percent_supersonic_speed": 23.685204, "percent_ground": 56.832634, "percent_low_air": 41.383774, "percent_high_air": 1.7835974}, "positioning": {"avg_distance_to_ball": 2570, "avg_distance_to_ball_possession": 2311, "avg_distance_to_ball_no_possession": 2763, "avg_distance_to_mates": 3339, "time_defensive_third": 143.22, "time_neutral_third": 125.63, "time_offensive_third": 102.32, "time_defensive_half": 203.84, "time_offensive_half": 167.32, "time_behind_ball": 254.22, "time_infront_ball": 116.94, "time_most_back": 158.1, "time_most_forward": 205.9, "goals_against_while_last_defender": 1, "time_closest_to_ball": 171.6, "time_farthest_from_ball": 192.4, "percent_defensive_third": 38.58609, "percent_offensive_third": 27.566881, "percent_neutral_third": 33.847023, "percent_defensive_half": 54.919712, "percent_offensive_half": 45.080288, "percent_behind_ball": 68.49337, "percent_infront_ball": 31.506628, "percent_most_back": 43.59696, "percent_most_forward": 56.77807, "percent_closest_to_ball": 47.319653, "percent_farthest_from_ball": 53.05537}, "demo": {"inflicted": 1, "taken": 1}}}], "stats": {"ball": {"possession_time": 154.18, "time_in_side": 170.75}, "core": {"shots": 4, "shots_against": 5, "goals": 1, "goals_against": 2, "saves": 4, "assists": 0, "score": 779, "shooting_percentage": 25}, "boost": {"bpm": 945, "bcpm": 999.1727, "avg_amount": 109.71, "amount_collected": 6039, "amount_stolen": 1508, "amount_collected_big": 4465, "amount_stolen_big": 928, "amount_collected_small": 1574, "amount_stolen_small": 580, "count_collected_big": 62, "count_stolen_big": 12, "count_collected_small": 125, "count_stolen_small": 45, "amount_overfill": 1793, "amount_overfill_stolen": 281, "amount_used_while_supersonic": 1460, "time_zero_boost": 74.14, "time_full_boost": 97.59, "time_boost_0_25": 196.35, "time_boost_25_50": 134.25, "time_boost_50_75": 166.41, "time_boost_75_100": 236.76001}, "movement": {"total_distance": 1196863, "time_supersonic_speed": 182.89001, "time_boost_speed": 295.14, "time_slow_speed": 264.37, "time_ground": 454.52002, "time_low_air": 273.78, "time_high_air": 14.1, "time_powerslide": 8, "count_powerslide": 104}, "positioning": {"time_defensive_third": 299.05, "time_neutral_third": 253.48, "time_offensive_third": 189.87, "time_defensive_half": 439.47998, "time_offensive_half": 302.92, "time_behind_ball": 535.89, "time_infront_ball": 206.51001}, "demo": {"inflicted": 1, "taken": 2}}}, "playlist_name": "Ranked Doubles", "map_name": "Farmstead (Pitched)", "server": {"name": "USC1-0A92C8F07F4AC4EA7-Orion", "region": "USC"}}