{"id": "aff05d04-919b-44b8-9615-6c8699f4bf73", "link": "https://ballchasing.com/api/replays/aff05d04-919b-44b8-9615-6c8699f4bf73", "created": "2025-07-20T04:13:18.900659Z", "uploader": {"steam_id": "76561198167885099", "name": "n o a h", "profile_url": "https://steamcommunity.com/id/Zermah/", "avatar": "https://avatars.steamstatic.com/1cbf3880830cdc652b673f09b13c212b1feb24aa.jpg"}, "status": "ok", "rocket_league_id": "E5BFF10D406715E063DC50A097CB57FC", "match_guid": "057573DC11F0651F988A36BC4178846A", "title": "2025-07-19.23.13 n o a h Ranked Doubles Loss", "map_code": "utopiastadium_dusk_p", "match_type": "Online", "team_size": 2, "playlist_id": "ranked-doubles", "duration": 333, "overtime": false, "season": 19, "season_type": "free2play", "date": "2025-07-19T23:13:16-05:00", "date_has_timezone": true, "visibility": "public", "min_rank": {"id": "grand-champion-1", "tier": 19, "division": 1, "name": "Grand Champion I Division 1"}, "max_rank": {"id": "grand-champion-1", "tier": 19, "division": 1, "name": "Grand Champion I Division 1"}, "groups": [{"id": "replay-analysis-j2e0c8rw06", "name": "Replay Analysis", "link": "https://ballchasing.com/api/groups/replay-analysis-j2e0c8rw06"}], "blue": {"color": "blue", "players": [{"start_time": 0, "end_time": 333.5838, "name": "Respawn", "id": {"platform": "steam", "id": "76561198180060955"}, "car_id": 4284, "car_name": "Fennec", "camera": {"fov": 110, "height": 100, "pitch": -3, "distance": 260, "stiffness": 0.6, "swivel_speed": 3.5, "transition_speed": 1.7}, "steering_sensitivity": 1.3, "stats": {"core": {"shots": 3, "shots_against": 4, "goals": 1, "goals_against": 2, "saves": 1, "assists": 0, "score": 352, "mvp": false, "shooting_percentage": 33.333332}, "boost": {"bpm": 439, "bcpm": 426.27948, "avg_amount": 42.92, "amount_collected": 2285, "amount_stolen": 517, "amount_collected_big": 1655, "amount_stolen_big": 273, "amount_collected_small": 630, "amount_stolen_small": 244, "count_collected_big": 21, "count_stolen_big": 3, "count_collected_small": 56, "count_stolen_small": 22, "amount_overfill": 470, "amount_overfill_stolen": 36, "amount_used_while_supersonic": 360, "time_zero_boost": 50.08, "percent_zero_boost": 15.571171, "time_full_boost": 48.63, "percent_full_boost": 15.120329, "time_boost_0_25": 144.56, "time_boost_25_50": 50.81, "time_boost_50_75": 52.88, "time_boost_75_100": 66.15, "percent_boost_0_25": 45.979645, "percent_boost_25_50": 16.160942, "percent_boost_50_75": 16.819338, "percent_boost_75_100": 21.040077}, "movement": {"avg_speed": 1570, "total_distance": 489934, "time_supersonic_speed": 64.9, "time_boost_speed": 123.89, "time_slow_speed": 138.37, "time_ground": 190.04, "time_low_air": 117.6, "time_high_air": 19.53, "time_powerslide": 4.8, "count_powerslide": 33, "avg_powerslide_duration": 0.15, "avg_speed_percentage": 68.26087, "percent_slow_speed": 42.29429, "percent_boost_speed": 37.86832, "percent_supersonic_speed": 19.837389, "percent_ground": 58.086014, "percent_low_air": 35.94462, "percent_high_air": 5.969374}, "positioning": {"avg_distance_to_ball": 2422, "avg_distance_to_ball_possession": 2092, "avg_distance_to_ball_no_possession": 2737, "avg_distance_to_mates": 3073, "time_defensive_third": 158.52, "time_neutral_third": 104.37, "time_offensive_third": 64.27, "time_defensive_half": 211.58, "time_offensive_half": 115.58, "time_behind_ball": 247.15, "time_infront_ball": 80.01, "time_most_back": 166.6, "time_most_forward": 167.2, "goals_against_while_last_defender": 1, "time_closest_to_ball": 170.3, "time_farthest_from_ball": 163.5, "percent_defensive_third": 48.453354, "percent_offensive_third": 19.644821, "percent_neutral_third": 31.901821, "percent_defensive_half": 64.67172, "percent_offensive_half": 35.328278, "percent_behind_ball": 75.544075, "percent_infront_ball": 24.455923, "percent_most_back": 51.800262, "percent_most_forward": 51.986816, "percent_closest_to_ball": 52.950687, "percent_farthest_from_ball": 50.83639}, "demo": {"inflicted": 0, "taken": 2}}}, {"start_time": 0, "end_time": 333.5838, "name": "n o a h", "id": {"platform": "steam", "id": "76561198167885099"}, "rank": {"id": "grand-champion-1", "tier": 19, "division": 1, "name": "Grand Champion I Division 1"}, "car_id": 23, "car_name": "Octane", "camera": {"fov": 110, "height": 90, "pitch": -5, "distance": 270, "stiffness": 0.55, "swivel_speed": 3, "transition_speed": 1.1}, "steering_sensitivity": 1.3, "stats": {"core": {"shots": 2, "shots_against": 4, "goals": 0, "goals_against": 2, "saves": 1, "assists": 1, "score": 299, "mvp": false, "shooting_percentage": 0}, "boost": {"bpm": 412, "bcpm": 427.58536, "avg_amount": 46.37, "amount_collected": 2292, "amount_stolen": 592, "amount_collected_big": 1794, "amount_stolen_big": 453, "amount_collected_small": 498, "amount_stolen_small": 139, "count_collected_big": 22, "count_stolen_big": 5, "count_collected_small": 44, "count_stolen_small": 13, "amount_overfill": 178, "amount_overfill_stolen": 7, "amount_used_while_supersonic": 213, "time_zero_boost": 30.06, "percent_zero_boost": 9.346434, "time_full_boost": 38.05, "percent_full_boost": 11.830732, "time_boost_0_25": 102.26, "time_boost_25_50": 77.24, "time_boost_50_75": 52.64, "time_boost_75_100": 81.74, "percent_boost_0_25": 32.57933, "percent_boost_25_50": 24.60813, "percent_boost_50_75": 16.77074, "percent_boost_75_100": 26.0418}, "movement": {"avg_speed": 1527, "total_distance": 466849, "time_supersonic_speed": 50.96, "time_boost_speed": 125.21, "time_slow_speed": 144.39, "time_ground": 169.49, "time_low_air": 143.23, "time_high_air": 7.83, "time_powerslide": 4.29, "count_powerslide": 47, "avg_powerslide_duration": 0.09, "avg_speed_percentage": 66.391304, "percent_slow_speed": 45.04305, "percent_boost_speed": 39.059772, "percent_supersonic_speed": 15.89718, "percent_ground": 52.87475, "percent_low_air": 44.68258, "percent_high_air": 2.4426768}, "positioning": {"avg_distance_to_ball": 2426, "avg_distance_to_ball_possession": 2146, "avg_distance_to_ball_no_possession": 2685, "avg_distance_to_mates": 3073, "time_defensive_third": 144.8, "time_neutral_third": 98.82, "time_offensive_third": 76.94, "time_defensive_half": 195.08, "time_offensive_half": 125.48, "time_behind_ball": 225.18, "time_infront_ball": 95.37, "time_most_back": 173.8, "time_most_forward": 156.1, "goals_against_while_last_defender": 1, "time_closest_to_ball": 152.6, "time_farthest_from_ball": 177.3, "percent_defensive_third": 45.17095, "percent_offensive_third": 24.001747, "percent_neutral_third": 30.827303, "percent_defensive_half": 60.856003, "percent_offensive_half": 39.143997, "percent_behind_ball": 70.24802, "percent_infront_ball": 29.75199, "percent_most_back": 54.03893, "percent_most_forward": 48.53554, "percent_closest_to_ball": 47.4473, "percent_farthest_from_ball": 55.12717}, "demo": {"inflicted": 2, "taken": 4}}}], "stats": {"ball": {"possession_time": 143.91, "time_in_side": 149.58}, "core": {"shots": 5, "shots_against": 4, "goals": 1, "goals_against": 2, "saves": 2, "assists": 1, "score": 651, "shooting_percentage": 20}, "boost": {"bpm": 851, "bcpm": 853.86487, "avg_amount": 89.28999, "amount_collected": 4577, "amount_stolen": 1109, "amount_collected_big": 3449, "amount_stolen_big": 726, "amount_collected_small": 1128, "amount_stolen_small": 383, "count_collected_big": 43, "count_stolen_big": 8, "count_collected_small": 100, "count_stolen_small": 35, "amount_overfill": 648, "amount_overfill_stolen": 43, "amount_used_while_supersonic": 573, "time_zero_boost": 80.14, "time_full_boost": 86.68, "time_boost_0_25": 246.82, "time_boost_25_50": 128.05, "time_boost_50_75": 105.520004, "time_boost_75_100": 147.89}, "movement": {"total_distance": 956783, "time_supersonic_speed": 115.86, "time_boost_speed": 249.1, "time_slow_speed": 282.76, "time_ground": 359.53, "time_low_air": 260.83, "time_high_air": 27.36, "time_powerslide": 9.09, "count_powerslide": 80}, "positioning": {"time_defensive_third": 303.32, "time_neutral_third": 203.19, "time_offensive_third": 141.20999, "time_defensive_half": 406.66, "time_offensive_half": 241.06, "time_behind_ball": 472.33, "time_infront_ball": 175.38}, "demo": {"inflicted": 2, "taken": 6}}}, "orange": {"color": "orange", "players": [{"start_time": 0, "end_time": 333.5838, "name": "Datt//", "id": {"platform": "steam", "id": "76561198072524783"}, "mvp": true, "rank": {"id": "grand-champion-1", "tier": 19, "division": 1, "name": "Grand Champion I Division 1"}, "car_id": 4284, "car_name": "Fennec", "camera": {"fov": 110, "height": 100, "pitch": -5, "distance": 270, "stiffness": 0.4, "swivel_speed": 7, "transition_speed": 1.2}, "steering_sensitivity": 1.3, "stats": {"core": {"shots": 2, "shots_against": 5, "goals": 1, "goals_against": 1, "saves": 3, "assists": 0, "score": 502, "mvp": true, "shooting_percentage": 50}, "boost": {"bpm": 428, "bcpm": 456.3149, "avg_amount": 51.08, "amount_collected": 2446, "amount_stolen": 288, "amount_collected_big": 1867, "amount_stolen_big": 70, "amount_collected_small": 579, "amount_stolen_small": 218, "count_collected_big": 21, "count_stolen_big": 1, "count_collected_small": 52, "count_stolen_small": 20, "amount_overfill": 256, "amount_overfill_stolen": 29, "amount_used_while_supersonic": 408, "time_zero_boost": 34.06, "percent_zero_boost": 10.590138, "time_full_boost": 44.5, "percent_full_boost": 13.836205, "time_boost_0_25": 115.81, "time_boost_25_50": 53.05, "time_boost_50_75": 58.38, "time_boost_75_100": 94.47, "percent_boost_0_25": 35.998257, "percent_boost_25_50": 16.490005, "percent_boost_50_75": 18.146776, "percent_boost_75_100": 29.364954}, "movement": {"avg_speed": 1638, "total_distance": 511485, "time_supersonic_speed": 60.27, "time_boost_speed": 141.77, "time_slow_speed": 125.2, "time_ground": 178.29, "time_low_air": 126.68, "time_high_air": 22.27, "time_powerslide": 5.07, "count_powerslide": 40, "avg_powerslide_duration": 0.13, "avg_speed_percentage": 71.21739, "percent_slow_speed": 38.259384, "percent_boost_speed": 43.322945, "percent_supersonic_speed": 18.417675, "percent_ground": 54.48295, "percent_low_air": 38.71165, "percent_high_air": 6.8054028}, "positioning": {"avg_distance_to_ball": 2418, "avg_distance_to_ball_possession": 1858, "avg_distance_to_ball_no_possession": 2980, "avg_distance_to_mates": 3320, "time_defensive_third": 133.77, "time_neutral_third": 115.27, "time_offensive_third": 78.21, "time_defensive_half": 194.23, "time_offensive_half": 133.01, "time_behind_ball": 228.22, "time_infront_ball": 99.02, "time_most_back": 159.4, "time_most_forward": 162.4, "goals_against_while_last_defender": 1, "time_closest_to_ball": 155.2, "time_farthest_from_ball": 166.6, "percent_defensive_third": 40.877007, "percent_offensive_third": 23.89916, "percent_neutral_third": 35.223835, "percent_defensive_half": 59.353992, "percent_offensive_half": 40.646008, "percent_behind_ball": 69.74087, "percent_infront_ball": 30.259138, "percent_most_back": 49.561592, "percent_most_forward": 50.49437, "percent_closest_to_ball": 48.255707, "percent_farthest_from_ball": 51.800262}, "demo": {"inflicted": 5, "taken": 2}}}, {"start_time": 0, "end_time": 333.5838, "name": "monsooonszn", "id": {"platform": "epic", "id": "8f4b1985d6ec43a5bd83d3d4f5faa215"}, "rank": {"id": "grand-champion-1", "tier": 19, "division": 1, "name": "Grand Champion I Division 1"}, "car_id": 4284, "car_name": "Fennec", "camera": {"fov": 110, "height": 110, "pitch": -3, "distance": 300, "stiffness": 0.5, "swivel_speed": 2.2, "transition_speed": 1.8}, "steering_sensitivity": 1.65, "stats": {"core": {"shots": 2, "shots_against": 5, "goals": 1, "goals_against": 1, "saves": 1, "assists": 0, "score": 316, "mvp": false, "shooting_percentage": 50}, "boost": {"bpm": 372, "bcpm": 386.91623, "avg_amount": 49.24, "amount_collected": 2074, "amount_stolen": 569, "amount_collected_big": 1345, "amount_stolen_big": 358, "amount_collected_small": 729, "amount_stolen_small": 211, "count_collected_big": 16, "count_stolen_big": 4, "count_collected_small": 64, "count_stolen_small": 19, "amount_overfill": 247, "amount_overfill_stolen": 52, "amount_used_while_supersonic": 201, "time_zero_boost": 31.91, "percent_zero_boost": 9.921647, "time_full_boost": 29.73, "percent_full_boost": 9.243828, "time_boost_0_25": 91.68, "time_boost_25_50": 88.4, "time_boost_50_75": 55.41, "time_boost_75_100": 96.09, "percent_boost_0_25": 27.649435, "percent_boost_25_50": 26.66023, "percent_boost_50_75": 16.7109, "percent_boost_75_100": 28.979431}, "movement": {"avg_speed": 1465, "total_distance": 464457, "time_supersonic_speed": 37.16, "time_boost_speed": 127.51, "time_slow_speed": 168.43, "time_ground": 199.83, "time_low_air": 124.68, "time_high_air": 8.59, "time_powerslide": 5.98, "count_powerslide": 41, "avg_powerslide_duration": 0.15, "avg_speed_percentage": 63.695652, "percent_slow_speed": 50.564396, "percent_boost_speed": 38.279797, "percent_supersonic_speed": 11.155808, "percent_ground": 59.990993, "percent_low_air": 37.4302, "percent_high_air": 2.5788052}, "positioning": {"avg_distance_to_ball": 2277, "avg_distance_to_ball_possession": 2283, "avg_distance_to_ball_no_possession": 2276, "avg_distance_to_mates": 3320, "time_defensive_third": 143.56, "time_neutral_third": 111.88, "time_offensive_third": 77.65, "time_defensive_half": 202.41, "time_offensive_half": 130.69, "time_behind_ball": 246.76, "time_infront_ball": 86.34, "time_most_back": 168.7, "time_most_forward": 160.5, "time_closest_to_ball": 167.1, "time_farthest_from_ball": 162.1, "percent_defensive_third": 43.099464, "percent_offensive_third": 23.312017, "percent_neutral_third": 33.58852, "percent_defensive_half": 60.765533, "percent_offensive_half": 39.234463, "percent_behind_ball": 74.079865, "percent_infront_ball": 25.920147, "percent_most_back": 52.453205, "percent_most_forward": 49.903614, "percent_closest_to_ball": 51.955727, "percent_farthest_from_ball": 50.4011}, "demo": {"inflicted": 1, "taken": 0}}}], "stats": {"ball": {"possession_time": 138.24, "time_in_side": 168.53}, "core": {"shots": 4, "shots_against": 5, "goals": 2, "goals_against": 1, "saves": 4, "assists": 0, "score": 818, "shooting_percentage": 50}, "boost": {"bpm": 800, "bcpm": 843.23114, "avg_amount": 100.32001, "amount_collected": 4520, "amount_stolen": 857, "amount_collected_big": 3212, "amount_stolen_big": 428, "amount_collected_small": 1308, "amount_stolen_small": 429, "count_collected_big": 37, "count_stolen_big": 5, "count_collected_small": 116, "count_stolen_small": 39, "amount_overfill": 503, "amount_overfill_stolen": 81, "amount_used_while_supersonic": 609, "time_zero_boost": 65.97, "time_full_boost": 74.229996, "time_boost_0_25": 207.48999, "time_boost_25_50": 141.45, "time_boost_50_75": 113.79, "time_boost_75_100": 190.56}, "movement": {"total_distance": 975942, "time_supersonic_speed": 97.43, "time_boost_speed": 269.28, "time_slow_speed": 293.63, "time_ground": 378.12, "time_low_air": 251.36, "time_high_air": 30.86, "time_powerslide": 11.05, "count_powerslide": 81}, "positioning": {"time_defensive_third": 277.33002, "time_neutral_third": 227.15, "time_offensive_third": 155.86, "time_defensive_half": 396.64, "time_offensive_half": 263.7, "time_behind_ball": 474.97998, "time_infront_ball": 185.35999}, "demo": {"inflicted": 6, "taken": 2}}}, "playlist_name": "Ranked Doubles", "map_name": "Utopia Coliseum (Dusk)", "server": {"name": "USE3-05E4108D10B4E663A-Scarab", "region": "USE"}}