{"id": "ccc0aa5a-4a2e-4d79-af18-d64cd11b6316", "link": "https://ballchasing.com/api/replays/ccc0aa5a-4a2e-4d79-af18-d64cd11b6316", "created": "2025-07-19T14:28:00.8106Z", "uploader": {"steam_id": "76561198167885099", "name": "n o a h", "profile_url": "https://steamcommunity.com/id/Zermah/", "avatar": "https://avatars.steamstatic.com/1cbf3880830cdc652b673f09b13c212b1feb24aa.jpg"}, "status": "ok", "rocket_league_id": "2AC8E89845FA3A08DDB2A68C100FD3E8", "match_guid": "459100EA11F0645B208C948F736BCBEC", "title": "2025-07-18.23.52 n o a h Ranked Doubles Win", "map_code": "eurostadium_rainy_p", "match_type": "Online", "team_size": 2, "playlist_id": "ranked-doubles", "duration": 361, "overtime": false, "season": 19, "season_type": "free2play", "date": "2025-07-18T23:52:48-05:00", "date_has_timezone": true, "visibility": "public", "min_rank": {"id": "champion-2", "tier": 17, "division": 2, "name": "Champion II Division 2"}, "max_rank": {"id": "grand-champion-1", "tier": 19, "division": 1, "name": "Grand Champion I Division 1"}, "groups": [{"id": "replay-analysis-j2e0c8rw06", "name": "Replay Analysis", "link": "https://ballchasing.com/api/groups/replay-analysis-j2e0c8rw06"}], "blue": {"color": "blue", "players": [{"start_time": 0, "end_time": 361.56866, "name": "Respawn", "id": {"platform": "steam", "id": "76561198180060955"}, "mvp": true, "car_id": 4284, "car_name": "Fennec", "camera": {"fov": 110, "height": 100, "pitch": -3, "distance": 260, "stiffness": 0.6, "swivel_speed": 3.5, "transition_speed": 1.7}, "steering_sensitivity": 1.3, "stats": {"core": {"shots": 4, "shots_against": 4, "goals": 3, "goals_against": 1, "saves": 1, "assists": 1, "score": 700, "mvp": true, "shooting_percentage": 75}, "boost": {"bpm": 399, "bcpm": 408.5384, "avg_amount": 51.5, "amount_collected": 2319, "amount_stolen": 508, "amount_collected_big": 1738, "amount_stolen_big": 310, "amount_collected_small": 581, "amount_stolen_small": 198, "count_collected_big": 23, "count_stolen_big": 4, "count_collected_small": 52, "count_stolen_small": 19, "amount_overfill": 572, "amount_overfill_stolen": 96, "amount_used_while_supersonic": 448, "time_zero_boost": 29.2, "percent_zero_boost": 8.57361, "time_full_boost": 42.8, "percent_full_boost": 12.566798, "time_boost_0_25": 75.43, "time_boost_25_50": 105.67, "time_boost_50_75": 92.18, "time_boost_75_100": 79.89, "percent_boost_0_25": 21.357986, "percent_boost_25_50": 29.920437, "percent_boost_50_75": 26.100746, "percent_boost_75_100": 22.620834}, "movement": {"avg_speed": 1498, "total_distance": 501038, "time_supersonic_speed": 53.87, "time_boost_speed": 122.83, "time_slow_speed": 184.36, "time_ground": 212.45, "time_low_air": 131.26, "time_high_air": 17.35, "time_powerslide": 4.32, "count_powerslide": 32, "avg_powerslide_duration": 0.13, "avg_speed_percentage": 65.13043, "percent_slow_speed": 51.060764, "percent_boost_speed": 34.019276, "percent_supersonic_speed": 14.919958, "percent_ground": 58.840637, "percent_low_air": 36.354065, "percent_high_air": 4.8052955}, "positioning": {"avg_distance_to_ball": 2313, "avg_distance_to_ball_possession": 2158, "avg_distance_to_ball_no_possession": 2523, "avg_distance_to_mates": 3386, "time_defensive_third": 153.6, "time_neutral_third": 129.78, "time_offensive_third": 77.67, "time_defensive_half": 221.99, "time_offensive_half": 139.07, "time_behind_ball": 275.98, "time_infront_ball": 85.08, "time_most_back": 196.5, "time_most_forward": 148.2, "goals_against_while_last_defender": 1, "time_closest_to_ball": 185.6, "time_farthest_from_ball": 159.1, "percent_defensive_third": 42.542587, "percent_offensive_third": 21.512257, "percent_neutral_third": 35.94516, "percent_defensive_half": 61.482857, "percent_offensive_half": 38.517147, "percent_behind_ball": 76.43606, "percent_infront_ball": 23.563951, "percent_most_back": 57.695698, "percent_most_forward": 43.514008, "percent_closest_to_ball": 54.495274, "percent_farthest_from_ball": 46.71443}, "demo": {"inflicted": 0, "taken": 0}}}, {"start_time": 0, "end_time": 361.56866, "name": "n o a h", "id": {"platform": "steam", "id": "76561198167885099"}, "rank": {"id": "grand-champion-1", "tier": 19, "division": 1, "name": "Grand Champion I Division 1"}, "car_id": 23, "car_name": "Octane", "camera": {"fov": 110, "height": 90, "pitch": -5, "distance": 270, "stiffness": 0.55, "swivel_speed": 3, "transition_speed": 1.1}, "steering_sensitivity": 1.3, "stats": {"core": {"shots": 5, "shots_against": 4, "goals": 2, "goals_against": 1, "saves": 1, "assists": 1, "score": 509, "mvp": false, "shooting_percentage": 40}, "boost": {"bpm": 441, "bcpm": 462.97495, "avg_amount": 51.48, "amount_collected": 2628, "amount_stolen": 849, "amount_collected_big": 2079, "amount_stolen_big": 717, "amount_collected_small": 549, "amount_stolen_small": 132, "count_collected_big": 25, "count_stolen_big": 8, "count_collected_small": 51, "count_stolen_small": 13, "amount_overfill": 338, "amount_overfill_stolen": 82, "amount_used_while_supersonic": 310, "time_zero_boost": 35.49, "percent_zero_boost": 10.420461, "time_full_boost": 37.44, "percent_full_boost": 10.993011, "time_boost_0_25": 95.24, "time_boost_25_50": 95.32, "time_boost_50_75": 72.92, "time_boost_75_100": 82.92, "percent_boost_0_25": 27.494228, "percent_boost_25_50": 27.517324, "percent_boost_50_75": 21.05081, "percent_boost_75_100": 23.937647}, "movement": {"avg_speed": 1559, "total_distance": 512192, "time_supersonic_speed": 52.18, "time_boost_speed": 144.01, "time_slow_speed": 158.91, "time_ground": 191.11, "time_low_air": 153.44, "time_high_air": 10.54, "time_powerslide": 6.19, "count_powerslide": 64, "avg_powerslide_duration": 0.1, "avg_speed_percentage": 67.78261, "percent_slow_speed": 44.75078, "percent_boost_speed": 40.554775, "percent_supersonic_speed": 14.694453, "percent_ground": 53.82016, "percent_low_air": 43.211582, "percent_high_air": 2.9682615}, "positioning": {"avg_distance_to_ball": 2605, "avg_distance_to_ball_possession": 2547, "avg_distance_to_ball_no_possession": 2677, "avg_distance_to_mates": 3386, "time_defensive_third": 144.14, "time_neutral_third": 122.1, "time_offensive_third": 88.85, "time_defensive_half": 211.43, "time_offensive_half": 143.66, "time_behind_ball": 241.53, "time_infront_ball": 113.56, "time_most_back": 146.2, "time_most_forward": 193.3, "time_closest_to_ball": 156.9, "time_farthest_from_ball": 182.6, "percent_defensive_third": 40.592525, "percent_offensive_third": 25.021826, "percent_neutral_third": 34.38565, "percent_defensive_half": 59.542652, "percent_offensive_half": 40.457348, "percent_behind_ball": 68.01938, "percent_infront_ball": 31.980625, "percent_most_back": 42.926773, "percent_most_forward": 56.756123, "percent_closest_to_ball": 46.06847, "percent_farthest_from_ball": 53.614426}, "demo": {"inflicted": 0, "taken": 2}}}], "stats": {"ball": {"possession_time": 137.39, "time_in_side": 142.91}, "core": {"shots": 9, "shots_against": 4, "goals": 5, "goals_against": 1, "saves": 2, "assists": 2, "score": 1209, "shooting_percentage": 55.555557}, "boost": {"bpm": 840, "bcpm": 871.5133, "avg_amount": 102.979996, "amount_collected": 4947, "amount_stolen": 1357, "amount_collected_big": 3817, "amount_stolen_big": 1027, "amount_collected_small": 1130, "amount_stolen_small": 330, "count_collected_big": 48, "count_stolen_big": 12, "count_collected_small": 103, "count_stolen_small": 32, "amount_overfill": 910, "amount_overfill_stolen": 178, "amount_used_while_supersonic": 758, "time_zero_boost": 64.69, "time_full_boost": 80.24, "time_boost_0_25": 170.67, "time_boost_25_50": 200.98999, "time_boost_50_75": 165.1, "time_boost_75_100": 162.81}, "movement": {"total_distance": 1013230, "time_supersonic_speed": 106.05, "time_boost_speed": 266.84, "time_slow_speed": 343.27002, "time_ground": 403.56, "time_low_air": 284.7, "time_high_air": 27.89, "time_powerslide": 10.51, "count_powerslide": 96}, "positioning": {"time_defensive_third": 297.74, "time_neutral_third": 251.88, "time_offensive_third": 166.51999, "time_defensive_half": 433.41998, "time_offensive_half": 282.73, "time_behind_ball": 517.51, "time_infront_ball": 198.64}, "demo": {"inflicted": 0, "taken": 2}}}, "orange": {"color": "orange", "players": [{"start_time": 0, "end_time": 361.56866, "name": "TeeWreckzZ", "id": {"platform": "steam", "id": "76561198148488361"}, "rank": {"id": "champion-3", "tier": 18, "division": 4, "name": "Champion III Division 4"}, "car_id": 23, "car_name": "Octane", "camera": {"fov": 107, "height": 130, "pitch": -4, "distance": 270, "stiffness": 0.25, "swivel_speed": 3.7, "transition_speed": 1}, "steering_sensitivity": 1.6, "stats": {"core": {"shots": 3, "shots_against": 9, "goals": 1, "goals_against": 5, "saves": 2, "assists": 0, "score": 493, "mvp": false, "shooting_percentage": 33.333332}, "boost": {"bpm": 462, "bcpm": 479.88727, "avg_amount": 48.4, "amount_collected": 2724, "amount_stolen": 504, "amount_collected_big": 2090, "amount_stolen_big": 329, "amount_collected_small": 634, "amount_stolen_small": 175, "count_collected_big": 24, "count_stolen_big": 5, "count_collected_small": 55, "count_stolen_small": 15, "amount_overfill": 312, "amount_overfill_stolen": 170, "amount_used_while_supersonic": 429, "time_zero_boost": 57, "percent_zero_boost": 16.736156, "time_full_boost": 50.66, "percent_full_boost": 14.874626, "time_boost_0_25": 144.38, "time_boost_25_50": 74.38, "time_boost_50_75": 53.97, "time_boost_75_100": 85.53, "percent_boost_0_25": 40.30034, "percent_boost_25_50": 20.761456, "percent_boost_50_75": 15.064478, "percent_boost_75_100": 23.873722}, "movement": {"avg_speed": 1590, "total_distance": 533585, "time_supersonic_speed": 62.81, "time_boost_speed": 146.41, "time_slow_speed": 151.83, "time_ground": 179.81, "time_low_air": 143.93, "time_high_air": 37.31, "time_powerslide": 6.96, "count_powerslide": 56, "avg_powerslide_duration": 0.12, "avg_speed_percentage": 69.13043, "percent_slow_speed": 42.05235, "percent_boost_speed": 40.55117, "percent_supersonic_speed": 17.396482, "percent_ground": 49.801968, "percent_low_air": 39.864285, "percent_high_air": 10.33375}, "positioning": {"avg_distance_to_ball": 2741, "avg_distance_to_ball_possession": 2571, "avg_distance_to_ball_no_possession": 2885, "avg_distance_to_mates": 3273, "time_defensive_third": 177.99, "time_neutral_third": 122.88, "time_offensive_third": 60.19, "time_defensive_half": 248.54, "time_offensive_half": 112.52, "time_behind_ball": 252.03, "time_infront_ball": 109.02, "time_most_back": 182.7, "time_most_forward": 157.4, "goals_against_while_last_defender": 3, "time_closest_to_ball": 159.4, "time_farthest_from_ball": 180.7, "percent_defensive_third": 49.296516, "percent_offensive_third": 16.670359, "percent_neutral_third": 34.033123, "percent_defensive_half": 68.836205, "percent_offensive_half": 31.163795, "percent_behind_ball": 69.80474, "percent_infront_ball": 30.195265, "percent_most_back": 53.643787, "percent_most_forward": 46.21528, "percent_closest_to_ball": 46.802513, "percent_farthest_from_ball": 53.056553}, "demo": {"inflicted": 0, "taken": 0}}}, {"start_time": 0, "end_time": 361.56866, "name": "HK", "id": {"platform": "steam", "id": "76561198180169230"}, "rank": {"id": "champion-2", "tier": 17, "division": 2, "name": "Champion II Division 2"}, "car_id": 23, "car_name": "Octane", "camera": {"fov": 110, "height": 100, "pitch": -3, "distance": 270, "stiffness": 0.35, "swivel_speed": 4.2, "transition_speed": 1.3}, "steering_sensitivity": 2.3, "stats": {"core": {"shots": 1, "shots_against": 9, "goals": 0, "goals_against": 5, "saves": 0, "assists": 1, "score": 156, "mvp": false, "shooting_percentage": 0}, "boost": {"bpm": 369, "bcpm": 356.92056, "avg_amount": 45.03, "amount_collected": 2026, "amount_stolen": 462, "amount_collected_big": 1348, "amount_stolen_big": 315, "amount_collected_small": 678, "amount_stolen_small": 147, "count_collected_big": 16, "count_stolen_big": 4, "count_collected_small": 55, "count_stolen_small": 13, "amount_overfill": 261, "amount_overfill_stolen": 84, "amount_used_while_supersonic": 237, "time_zero_boost": 48.87, "percent_zero_boost": 14.349052, "time_full_boost": 42, "percent_full_boost": 12.331904, "time_boost_0_25": 130.76, "time_boost_25_50": 67.95, "time_boost_50_75": 61.69, "time_boost_75_100": 81.88, "percent_boost_0_25": 38.202637, "percent_boost_25_50": 19.852167, "percent_boost_50_75": 18.023256, "percent_boost_75_100": 23.921934}, "movement": {"avg_speed": 1447, "total_distance": 484621, "time_supersonic_speed": 35.16, "time_boost_speed": 136.66, "time_slow_speed": 189.18, "time_ground": 209.67, "time_low_air": 141.78, "time_high_air": 9.53, "time_powerslide": 4.6, "count_powerslide": 32, "avg_powerslide_duration": 0.14, "avg_speed_percentage": 62.913044, "percent_slow_speed": 52.40443, "percent_boost_speed": 37.855957, "percent_supersonic_speed": 9.739613, "percent_ground": 58.08355, "percent_low_air": 39.276413, "percent_high_air": 2.6400354}, "positioning": {"avg_distance_to_ball": 2435, "avg_distance_to_ball_possession": 2486, "avg_distance_to_ball_no_possession": 2376, "avg_distance_to_mates": 3273, "time_defensive_third": 164.8, "time_neutral_third": 128.14, "time_offensive_third": 68.04, "time_defensive_half": 239.83, "time_offensive_half": 121.15, "time_behind_ball": 241.85, "time_infront_ball": 119.14, "time_most_back": 157.3, "time_most_forward": 183.3, "goals_against_while_last_defender": 2, "time_closest_to_ball": 180.7, "time_farthest_from_ball": 159.9, "percent_defensive_third": 45.6535, "percent_offensive_third": 18.84869, "percent_neutral_third": 35.497814, "percent_defensive_half": 66.43858, "percent_offensive_half": 33.561417, "percent_behind_ball": 66.996315, "percent_infront_ball": 33.003685, "percent_most_back": 46.18592, "percent_most_forward": 53.819958, "percent_closest_to_ball": 53.056553, "percent_farthest_from_ball": 46.94932}, "demo": {"inflicted": 2, "taken": 0}}}], "stats": {"ball": {"possession_time": 137.91, "time_in_side": 187.81}, "core": {"shots": 4, "shots_against": 9, "goals": 1, "goals_against": 5, "saves": 2, "assists": 1, "score": 649, "shooting_percentage": 25}, "boost": {"bpm": 831, "bcpm": 836.80786, "avg_amount": 93.43, "amount_collected": 4750, "amount_stolen": 966, "amount_collected_big": 3438, "amount_stolen_big": 644, "amount_collected_small": 1312, "amount_stolen_small": 322, "count_collected_big": 40, "count_stolen_big": 9, "count_collected_small": 110, "count_stolen_small": 28, "amount_overfill": 573, "amount_overfill_stolen": 254, "amount_used_while_supersonic": 666, "time_zero_boost": 105.869995, "time_full_boost": 92.66, "time_boost_0_25": 275.14, "time_boost_25_50": 142.32999, "time_boost_50_75": 115.66, "time_boost_75_100": 167.41}, "movement": {"total_distance": 1018206, "time_supersonic_speed": 97.97, "time_boost_speed": 283.07, "time_slow_speed": 341.01, "time_ground": 389.47998, "time_low_air": 285.71, "time_high_air": 46.84, "time_powerslide": 11.559999, "count_powerslide": 88}, "positioning": {"time_defensive_third": 342.79, "time_neutral_third": 251.01999, "time_offensive_third": 128.23, "time_defensive_half": 488.37, "time_offensive_half": 233.67, "time_behind_ball": 493.88, "time_infront_ball": 228.16}, "demo": {"inflicted": 2, "taken": 0}}}, "playlist_name": "Ranked Doubles", "map_name": "Mannfield (Stormy)", "server": {"name": "USE1-032FC9DDBA3847C8F-Esper2", "region": "USE"}}