{"id": "d65faed1-d45f-43b7-b320-4c68b72d3999", "link": "https://ballchasing.com/api/replays/d65faed1-d45f-43b7-b320-4c68b72d3999", "created": "2025-07-19T14:35:43.787772Z", "uploader": {"steam_id": "76561198167885099", "name": "n o a h", "profile_url": "https://steamcommunity.com/id/Zermah/", "avatar": "https://avatars.steamstatic.com/1cbf3880830cdc652b673f09b13c212b1feb24aa.jpg"}, "status": "ok", "rocket_league_id": "A04FECDE11F06457F0EC7FA96EE3B5AE", "match_guid": "99DB28F611F0645699EF7FA9A9D8C6B3", "title": "replay redown 2", "map_code": "ff_dusk_p", "match_type": "Online", "team_size": 2, "playlist_id": "ranked-doubles", "duration": 394, "overtime": false, "season": 19, "season_type": "free2play", "date": "2025-07-19T02:19:56Z", "date_has_timezone": false, "visibility": "public", "groups": [{"id": "replay-analysis-j2e0c8rw06", "name": "Replay Analysis", "link": "https://ballchasing.com/api/groups/replay-analysis-j2e0c8rw06"}], "blue": {"color": "blue", "players": [{"start_time": 0, "end_time": 394.28696, "name": "n o a h", "id": {"platform": "steam", "id": "76561198167885099"}, "car_id": 23, "car_name": "Octane", "camera": {"fov": 110, "height": 90, "pitch": -5, "distance": 270, "stiffness": 0.55, "swivel_speed": 3, "transition_speed": 1.1}, "steering_sensitivity": 1.3, "stats": {"core": {"shots": 4, "shots_against": 11, "goals": 3, "goals_against": 6, "saves": 1, "assists": 0, "score": 618, "mvp": false, "shooting_percentage": 75}, "boost": {"bpm": 426, "bcpm": 414.827, "avg_amount": 48.58, "amount_collected": 2518, "amount_stolen": 507, "amount_collected_big": 1893, "amount_stolen_big": 365, "amount_collected_small": 625, "amount_stolen_small": 142, "count_collected_big": 22, "count_stolen_big": 4, "count_collected_small": 60, "count_stolen_small": 14, "amount_overfill": 349, "amount_overfill_stolen": 40, "amount_used_while_supersonic": 273, "time_zero_boost": 38.64, "percent_zero_boost": 10.609555, "time_full_boost": 41.21, "percent_full_boost": 11.315211, "time_boost_0_25": 117.51, "time_boost_25_50": 89.28, "time_boost_50_75": 55.13, "time_boost_75_100": 97.39, "percent_boost_0_25": 32.70435, "percent_boost_25_50": 24.847626, "percent_boost_50_75": 15.343297, "percent_boost_75_100": 27.104729}, "movement": {"avg_speed": 1589, "total_distance": 551197, "time_supersonic_speed": 60.41, "time_boost_speed": 161.1, "time_slow_speed": 162.48, "time_ground": 213.85, "time_low_air": 148.89, "time_high_air": 21.24, "time_powerslide": 4.34, "count_powerslide": 48, "avg_powerslide_duration": 0.09, "avg_speed_percentage": 69.08696, "percent_slow_speed": 42.3136, "percent_boost_speed": 41.954216, "percent_supersonic_speed": 15.73218, "percent_ground": 55.69301, "percent_low_air": 38.77546, "percent_high_air": 5.5315385}, "positioning": {"avg_distance_to_ball": 2735, "avg_distance_to_ball_possession": 2525, "avg_distance_to_ball_no_possession": 2929, "avg_distance_to_mates": 3553, "time_defensive_third": 184.13, "time_neutral_third": 133.77, "time_offensive_third": 66.09, "time_defensive_half": 258.1, "time_offensive_half": 125.9, "time_behind_ball": 285.9, "time_infront_ball": 98.09, "time_most_back": 196.6, "time_most_forward": 167.1, "goals_against_while_last_defender": 3, "time_closest_to_ball": 175.4, "time_farthest_from_ball": 188.7, "percent_defensive_third": 47.95177, "percent_offensive_third": 17.211386, "percent_neutral_third": 34.836845, "percent_defensive_half": 67.21354, "percent_offensive_half": 32.786457, "percent_behind_ball": 74.45506, "percent_infront_ball": 25.544937, "percent_most_back": 53.981327, "percent_most_forward": 45.881382, "percent_closest_to_ball": 48.16035, "percent_farthest_from_ball": 51.81219}, "demo": {"inflicted": 1, "taken": 2}}}, {"start_time": 0, "end_time": 394.28696, "name": "Respawn", "id": {"platform": "steam", "id": "76561198180060955"}, "car_id": 4284, "car_name": "Fennec", "camera": {"fov": 110, "height": 100, "pitch": -3, "distance": 260, "stiffness": 0.6, "swivel_speed": 3.5, "transition_speed": 1.7}, "steering_sensitivity": 1.3, "stats": {"core": {"shots": 6, "shots_against": 11, "goals": 1, "goals_against": 6, "saves": 2, "assists": 1, "score": 454, "mvp": false, "shooting_percentage": 16.666666}, "boost": {"bpm": 448, "bcpm": 472.8171, "avg_amount": 47.88, "amount_collected": 2870, "amount_stolen": 577, "amount_collected_big": 2167, "amount_stolen_big": 360, "amount_collected_small": 703, "amount_stolen_small": 217, "count_collected_big": 26, "count_stolen_big": 5, "count_collected_small": 64, "count_stolen_small": 19, "amount_overfill": 448, "amount_overfill_stolen": 146, "amount_used_while_supersonic": 370, "time_zero_boost": 52.14, "percent_zero_boost": 14.316309, "time_full_boost": 37.71, "percent_full_boost": 10.3542, "time_boost_0_25": 112.71, "time_boost_25_50": 99.59, "time_boost_50_75": 77.84, "time_boost_75_100": 71.82, "percent_boost_0_25": 31.1388, "percent_boost_25_50": 27.514091, "percent_boost_50_75": 21.505138, "percent_boost_75_100": 19.841972}, "movement": {"avg_speed": 1574, "total_distance": 542081, "time_supersonic_speed": 71.65, "time_boost_speed": 138.75, "time_slow_speed": 170.49, "time_ground": 234.61, "time_low_air": 137.06, "time_high_air": 9.22, "time_powerslide": 4.38, "count_powerslide": 33, "avg_powerslide_duration": 0.13, "avg_speed_percentage": 68.434784, "percent_slow_speed": 44.760956, "percent_boost_speed": 36.42784, "percent_supersonic_speed": 18.811207, "percent_ground": 61.595215, "percent_low_air": 35.984142, "percent_high_air": 2.4206464}, "positioning": {"avg_distance_to_ball": 2580, "avg_distance_to_ball_possession": 2695, "avg_distance_to_ball_no_possession": 2536, "avg_distance_to_mates": 3553, "time_defensive_third": 171.37, "time_neutral_third": 116.64, "time_offensive_third": 92.87, "time_defensive_half": 222.68, "time_offensive_half": 158.2, "time_behind_ball": 282.57, "time_infront_ball": 98.31, "time_most_back": 175.9, "time_most_forward": 186.9, "goals_against_while_last_defender": 3, "time_closest_to_ball": 188.3, "time_farthest_from_ball": 174.1, "percent_defensive_third": 44.99317, "percent_offensive_third": 24.383007, "percent_neutral_third": 30.623817, "percent_defensive_half": 58.464607, "percent_offensive_half": 41.535393, "percent_behind_ball": 74.18872, "percent_infront_ball": 25.81128, "percent_most_back": 48.297638, "percent_most_forward": 51.317955, "percent_closest_to_ball": 51.70236, "percent_farthest_from_ball": 47.803402}, "demo": {"inflicted": 0, "taken": 3}}}], "stats": {"ball": {"possession_time": 136.31, "time_in_side": 152.26}, "core": {"shots": 10, "shots_against": 11, "goals": 4, "goals_against": 6, "saves": 3, "assists": 1, "score": 1072, "shooting_percentage": 40}, "boost": {"bpm": 874, "bcpm": 887.6441, "avg_amount": 96.46001, "amount_collected": 5388, "amount_stolen": 1084, "amount_collected_big": 4060, "amount_stolen_big": 725, "amount_collected_small": 1328, "amount_stolen_small": 359, "count_collected_big": 48, "count_stolen_big": 9, "count_collected_small": 124, "count_stolen_small": 33, "amount_overfill": 797, "amount_overfill_stolen": 186, "amount_used_while_supersonic": 643, "time_zero_boost": 90.78, "time_full_boost": 78.92, "time_boost_0_25": 230.22, "time_boost_25_50": 188.87, "time_boost_50_75": 132.97, "time_boost_75_100": 169.20999}, "movement": {"total_distance": 1093278, "time_supersonic_speed": 132.06, "time_boost_speed": 299.85, "time_slow_speed": 332.97, "time_ground": 448.46002, "time_low_air": 285.95, "time_high_air": 30.46, "time_powerslide": 8.72, "count_powerslide": 81}, "positioning": {"time_defensive_third": 355.5, "time_neutral_third": 250.41, "time_offensive_third": 158.95999, "time_defensive_half": 480.78, "time_offensive_half": 284.1, "time_behind_ball": 568.47, "time_infront_ball": 196.4}, "demo": {"inflicted": 1, "taken": 5}}}, "orange": {"color": "orange", "players": [{"start_time": 0, "end_time": 394.28696, "name": "mo", "id": {"platform": "steam", "id": "76561199008598507"}, "mvp": true, "car_id": 4284, "car_name": "Fennec", "camera": {"fov": 110, "height": 110, "pitch": -3, "distance": 230, "stiffness": 0.7, "swivel_speed": 5, "transition_speed": 1.5}, "steering_sensitivity": 1.5, "stats": {"core": {"shots": 8, "shots_against": 10, "goals": 5, "goals_against": 4, "saves": 4, "assists": 0, "score": 1160, "mvp": true, "shooting_percentage": 62.5}, "boost": {"bpm": 422, "bcpm": 456.5074, "avg_amount": 44.32, "amount_collected": 2771, "amount_stolen": 475, "amount_collected_big": 1844, "amount_stolen_big": 261, "amount_collected_small": 927, "amount_stolen_small": 214, "count_collected_big": 21, "count_stolen_big": 3, "count_collected_small": 88, "count_stolen_small": 20, "amount_overfill": 297, "amount_overfill_stolen": 38, "amount_used_while_supersonic": 331, "time_zero_boost": 30.75, "percent_zero_boost": 8.443163, "time_full_boost": 28.4, "percent_full_boost": 7.797913, "time_boost_0_25": 150.64, "time_boost_25_50": 106.86, "time_boost_50_75": 57.9, "time_boost_75_100": 65.36, "percent_boost_0_25": 39.562977, "percent_boost_25_50": 28.064922, "percent_boost_50_75": 15.206429, "percent_boost_75_100": 17.165668}, "movement": {"avg_speed": 1562, "total_distance": 556285, "time_supersonic_speed": 55.17, "time_boost_speed": 168.04, "time_slow_speed": 170.08, "time_ground": 207.68, "time_low_air": 163.93, "time_high_air": 21.68, "time_powerslide": 8.35, "count_powerslide": 112, "avg_powerslide_duration": 0.07, "avg_speed_percentage": 67.91304, "percent_slow_speed": 43.245445, "percent_boost_speed": 42.72674, "percent_supersonic_speed": 14.027818, "percent_ground": 52.80582, "percent_low_air": 41.681713, "percent_high_air": 5.512472}, "positioning": {"avg_distance_to_ball": 2160, "avg_distance_to_ball_possession": 2152, "avg_distance_to_ball_no_possession": 2181, "avg_distance_to_mates": 2941, "time_defensive_third": 200.67, "time_neutral_third": 135.12, "time_offensive_third": 57.49, "time_defensive_half": 269.39, "time_offensive_half": 123.89, "time_behind_ball": 302.85, "time_infront_ball": 90.43, "time_most_back": 185.6, "time_most_forward": 171.1, "time_closest_to_ball": 199.3, "time_farthest_from_ball": 157.4, "percent_defensive_third": 51.024715, "percent_offensive_third": 14.618084, "percent_neutral_third": 34.3572, "percent_defensive_half": 68.49827, "percent_offensive_half": 31.501726, "percent_behind_ball": 77.0062, "percent_infront_ball": 22.993795, "percent_most_back": 50.96101, "percent_most_forward": 46.97968, "percent_closest_to_ball": 54.72268, "percent_farthest_from_ball": 43.218006}, "demo": {"inflicted": 0, "taken": 0}}}, {"start_time": 0, "end_time": 394.28696, "name": "mathlete | #1 lolli(pop) lover", "id": {"platform": "steam", "id": "76561198867582479"}, "car_id": 23, "car_name": "Octane", "camera": {"fov": 110, "height": 100, "pitch": -3, "distance": 290, "stiffness": 0.35, "swivel_speed": 6, "transition_speed": 1.6}, "steering_sensitivity": 2, "stats": {"core": {"shots": 3, "shots_against": 10, "goals": 1, "goals_against": 4, "saves": 2, "assists": 1, "score": 473, "mvp": false, "shooting_percentage": 33.333332}, "boost": {"bpm": 446, "bcpm": 456.01315, "avg_amount": 43.62, "amount_collected": 2768, "amount_stolen": 548, "amount_collected_big": 1998, "amount_stolen_big": 321, "amount_collected_small": 770, "amount_stolen_small": 227, "count_collected_big": 24, "count_stolen_big": 4, "count_collected_small": 66, "count_stolen_small": 20, "amount_overfill": 408, "amount_overfill_stolen": 78, "amount_used_while_supersonic": 695, "time_zero_boost": 54.66, "percent_zero_boost": 15.008237, "time_full_boost": 47.7, "percent_full_boost": 13.0971985, "time_boost_0_25": 162.43, "time_boost_25_50": 72.59, "time_boost_50_75": 51.32, "time_boost_75_100": 86.75, "percent_boost_0_25": 43.53641, "percent_boost_25_50": 19.45643, "percent_boost_50_75": 13.755394, "percent_boost_75_100": 23.251762}, "movement": {"avg_speed": 1633, "total_distance": 579026, "time_supersonic_speed": 86.69, "time_boost_speed": 151.21, "time_slow_speed": 153.33, "time_ground": 215.22, "time_low_air": 167.93, "time_high_air": 8.08, "time_powerslide": 5.57, "count_powerslide": 61, "avg_powerslide_duration": 0.09, "avg_speed_percentage": 71, "percent_slow_speed": 39.19178, "percent_boost_speed": 38.649902, "percent_supersonic_speed": 22.158321, "percent_ground": 55.01112, "percent_low_air": 42.923603, "percent_high_air": 2.0652814}, "positioning": {"avg_distance_to_ball": 2286, "avg_distance_to_ball_possession": 2158, "avg_distance_to_ball_no_possession": 2373, "avg_distance_to_mates": 2941, "time_defensive_third": 190.15, "time_neutral_third": 120.5, "time_offensive_third": 80.58, "time_defensive_half": 254.8, "time_offensive_half": 136.44, "time_behind_ball": 274.39, "time_infront_ball": 116.85, "time_most_back": 169.3, "time_most_forward": 185.9, "goals_against_while_last_defender": 4, "time_closest_to_ball": 154.7, "time_farthest_from_ball": 200.5, "percent_defensive_third": 48.603127, "percent_offensive_third": 20.59658, "percent_neutral_third": 30.800299, "percent_defensive_half": 65.12627, "percent_offensive_half": 34.873737, "percent_behind_ball": 70.13342, "percent_infront_ball": 29.866577, "percent_most_back": 46.485447, "percent_most_forward": 51.04338, "percent_closest_to_ball": 42.476658, "percent_farthest_from_ball": 55.052166}, "demo": {"inflicted": 5, "taken": 1}}}], "stats": {"ball": {"possession_time": 122.07, "time_in_side": 193.19}, "core": {"shots": 11, "shots_against": 10, "goals": 6, "goals_against": 4, "saves": 6, "assists": 1, "score": 1633, "shooting_percentage": 54.545456}, "boost": {"bpm": 868, "bcpm": 912.5205, "avg_amount": 87.94, "amount_collected": 5539, "amount_stolen": 1023, "amount_collected_big": 3842, "amount_stolen_big": 582, "amount_collected_small": 1697, "amount_stolen_small": 441, "count_collected_big": 45, "count_stolen_big": 7, "count_collected_small": 154, "count_stolen_small": 40, "amount_overfill": 705, "amount_overfill_stolen": 116, "amount_used_while_supersonic": 1026, "time_zero_boost": 85.41, "time_full_boost": 76.1, "time_boost_0_25": 313.07, "time_boost_25_50": 179.45, "time_boost_50_75": 109.22, "time_boost_75_100": 152.11}, "movement": {"total_distance": 1135311, "time_supersonic_speed": 141.86, "time_boost_speed": 319.25, "time_slow_speed": 323.41, "time_ground": 422.9, "time_low_air": 331.86, "time_high_air": 29.76, "time_powerslide": 13.92, "count_powerslide": 173}, "positioning": {"time_defensive_third": 390.82, "time_neutral_third": 255.62, "time_offensive_third": 138.07, "time_defensive_half": 524.19, "time_offensive_half": 260.33002, "time_behind_ball": 577.24, "time_infront_ball": 207.28}, "demo": {"inflicted": 5, "taken": 1}}}, "playlist_name": "Ranked Doubles", "map_name": "Estadio Vida (Dusk)", "server": {"name": "USC1-06D75B8A827173118-Neutron", "region": "USC"}}