{"id": "e32ea675-ea25-44cc-8214-335bd6a25eb6", "link": "https://ballchasing.com/api/replays/e32ea675-ea25-44cc-8214-335bd6a25eb6", "created": "2025-07-19T14:28:04.65915Z", "uploader": {"steam_id": "76561198167885099", "name": "n o a h", "profile_url": "https://steamcommunity.com/id/Zermah/", "avatar": "https://avatars.steamstatic.com/1cbf3880830cdc652b673f09b13c212b1feb24aa.jpg"}, "status": "ok", "rocket_league_id": "960D87244F8A0573C70D2591B87DFFF6", "match_guid": "B5039A0411F06457754BAFB127B6CAA2", "title": "2025-07-18.23.26 n o a h Ranked Doubles Win", "map_code": "stadium_10a_p", "match_type": "Online", "team_size": 2, "playlist_id": "ranked-doubles", "duration": 351, "overtime": false, "season": 19, "season_type": "free2play", "date": "2025-07-18T23:26:51-05:00", "date_has_timezone": true, "visibility": "public", "min_rank": {"id": "champion-3", "tier": 18, "division": 3, "name": "Champion III Division 3"}, "max_rank": {"id": "grand-champion", "tier": 19, "division": 2, "name": "Grand Champion I Division 2"}, "groups": [{"id": "replay-analysis-j2e0c8rw06", "name": "Replay Analysis", "link": "https://ballchasing.com/api/groups/replay-analysis-j2e0c8rw06"}], "blue": {"color": "blue", "players": [{"start_time": 0, "end_time": 351.95847, "name": "Dom", "id": {"platform": "steam", "id": "76561199003660715"}, "rank": {"id": "grand-champion", "tier": 19, "division": 2, "name": "Grand Champion I Division 2"}, "car_id": 23, "car_name": "Octane", "camera": {"fov": 110, "height": 100, "pitch": -5, "distance": 260, "stiffness": 0.3, "swivel_speed": 4, "transition_speed": 1.2}, "steering_sensitivity": 1.5, "stats": {"core": {"shots": 5, "shots_against": 8, "goals": 2, "goals_against": 3, "saves": 5, "assists": 0, "score": 766, "mvp": false, "shooting_percentage": 40}, "boost": {"bpm": 461, "bcpm": 506.64752, "avg_amount": 55.22, "amount_collected": 2820, "amount_stolen": 714, "amount_collected_big": 2259, "amount_stolen_big": 485, "amount_collected_small": 561, "amount_stolen_small": 229, "count_collected_big": 32, "count_stolen_big": 6, "count_collected_small": 50, "count_stolen_small": 21, "amount_overfill": 874, "amount_overfill_stolen": 114, "amount_used_while_supersonic": 503, "time_zero_boost": 33.18, "percent_zero_boost": 9.935322, "time_full_boost": 37.27, "percent_full_boost": 11.16002, "time_boost_0_25": 73.61, "time_boost_25_50": 90.32, "time_boost_50_75": 79.6, "time_boost_75_100": 95.65, "percent_boost_0_25": 21.702341, "percent_boost_25_50": 26.62893, "percent_boost_50_75": 23.468365, "percent_boost_75_100": 28.200367}, "movement": {"avg_speed": 1548, "total_distance": 505335, "time_supersonic_speed": 43.14, "time_boost_speed": 158.03, "time_slow_speed": 147.17, "time_ground": 213.3, "time_low_air": 110.54, "time_high_air": 24.49, "time_powerslide": 6.01, "count_powerslide": 42, "avg_powerslide_duration": 0.14, "avg_speed_percentage": 67.304344, "percent_slow_speed": 42.248947, "percent_boost_speed": 45.366592, "percent_supersonic_speed": 12.384451, "percent_ground": 61.23504, "percent_low_air": 31.734276, "percent_high_air": 7.0306897}, "positioning": {"avg_distance_to_ball": 2246, "avg_distance_to_ball_possession": 2023, "avg_distance_to_ball_no_possession": 2467, "avg_distance_to_mates": 2962, "time_defensive_third": 159.72, "time_neutral_third": 107.01, "time_offensive_third": 81.61, "time_defensive_half": 214.56, "time_offensive_half": 133.78, "time_behind_ball": 232.59, "time_infront_ball": 115.75, "time_most_back": 158, "time_most_forward": 183.1, "goals_against_while_last_defender": 2, "time_closest_to_ball": 174, "time_farthest_from_ball": 167.1, "percent_defensive_third": 45.851753, "percent_offensive_third": 23.42826, "percent_neutral_third": 30.719986, "percent_defensive_half": 61.594994, "percent_offensive_half": 38.405006, "percent_behind_ball": 66.77097, "percent_infront_ball": 33.22903, "percent_most_back": 47.311058, "percent_most_forward": 54.826927, "percent_closest_to_ball": 52.10205, "percent_farthest_from_ball": 50.035934}, "demo": {"inflicted": 1, "taken": 1}}}, {"start_time": 0, "end_time": 351.95847, "name": "Simple", "id": {"platform": "steam", "id": "76561198163136578"}, "rank": {"id": "champion-3", "tier": 18, "division": 3, "name": "Champion III Division 3"}, "car_id": 4284, "car_name": "Fennec", "camera": {"fov": 110, "height": 110, "pitch": -3, "distance": 270, "stiffness": 0.8, "swivel_speed": 6.4, "transition_speed": 1.4}, "steering_sensitivity": 1.21, "stats": {"core": {"shots": 4, "shots_against": 8, "goals": 0, "goals_against": 3, "saves": 0, "assists": 2, "score": 260, "mvp": false, "shooting_percentage": 0}, "boost": {"bpm": 384, "bcpm": 395.79593, "avg_amount": 45.84, "amount_collected": 2203, "amount_stolen": 579, "amount_collected_big": 1370, "amount_stolen_big": 239, "amount_collected_small": 833, "amount_stolen_small": 340, "count_collected_big": 16, "count_stolen_big": 3, "count_collected_small": 76, "count_stolen_small": 31, "amount_overfill": 263, "amount_overfill_stolen": 69, "amount_used_while_supersonic": 185, "time_zero_boost": 40.12, "percent_zero_boost": 12.013415, "time_full_boost": 30.28, "percent_full_boost": 9.066955, "time_boost_0_25": 115.52, "time_boost_25_50": 108.41, "time_boost_50_75": 59.18, "time_boost_75_100": 55.85, "percent_boost_0_25": 34.08072, "percent_boost_25_50": 31.983126, "percent_boost_50_75": 17.459288, "percent_boost_75_100": 16.476871}, "movement": {"avg_speed": 1619, "total_distance": 522067, "time_supersonic_speed": 59.41, "time_boost_speed": 137.17, "time_slow_speed": 148.82, "time_ground": 192.81, "time_low_air": 139.39, "time_high_air": 13.2, "time_powerslide": 6.86, "count_powerslide": 43, "avg_powerslide_duration": 0.16, "avg_speed_percentage": 70.391304, "percent_slow_speed": 43.08628, "percent_boost_speed": 39.713375, "percent_supersonic_speed": 17.200348, "percent_ground": 55.82223, "percent_low_air": 40.356106, "percent_high_air": 3.8216558}, "positioning": {"avg_distance_to_ball": 2196, "avg_distance_to_ball_possession": 2082, "avg_distance_to_ball_no_possession": 2268, "avg_distance_to_mates": 2962, "time_defensive_third": 155.33, "time_neutral_third": 110.69, "time_offensive_third": 79.38, "time_defensive_half": 209.56, "time_offensive_half": 135.85, "time_behind_ball": 235.4, "time_infront_ball": 110, "time_most_back": 181.4, "time_most_forward": 156.5, "goals_against_while_last_defender": 1, "time_closest_to_ball": 163, "time_farthest_from_ball": 174.9, "percent_defensive_third": 44.97105, "percent_offensive_third": 22.982048, "percent_neutral_third": 32.0469, "percent_defensive_half": 60.66993, "percent_offensive_half": 39.330074, "percent_behind_ball": 68.15287, "percent_infront_ball": 31.847134, "percent_most_back": 54.317883, "percent_most_forward": 46.8619, "percent_closest_to_ball": 48.808243, "percent_farthest_from_ball": 52.371544}, "demo": {"inflicted": 0, "taken": 1}}}], "stats": {"ball": {"possession_time": 142.88, "time_in_side": 168.95}, "core": {"shots": 9, "shots_against": 8, "goals": 2, "goals_against": 3, "saves": 5, "assists": 2, "score": 1026, "shooting_percentage": 22.222221}, "boost": {"bpm": 845, "bcpm": 902.4435, "avg_amount": 101.06, "amount_collected": 5023, "amount_stolen": 1293, "amount_collected_big": 3629, "amount_stolen_big": 724, "amount_collected_small": 1394, "amount_stolen_small": 569, "count_collected_big": 48, "count_stolen_big": 9, "count_collected_small": 126, "count_stolen_small": 52, "amount_overfill": 1137, "amount_overfill_stolen": 183, "amount_used_while_supersonic": 688, "time_zero_boost": 73.3, "time_full_boost": 67.55, "time_boost_0_25": 189.13, "time_boost_25_50": 198.73001, "time_boost_50_75": 138.78, "time_boost_75_100": 151.5}, "movement": {"total_distance": 1027402, "time_supersonic_speed": 102.55, "time_boost_speed": 295.2, "time_slow_speed": 295.99, "time_ground": 406.11, "time_low_air": 249.93, "time_high_air": 37.69, "time_powerslide": 12.870001, "count_powerslide": 85}, "positioning": {"time_defensive_third": 315.05, "time_neutral_third": 217.70001, "time_offensive_third": 160.98999, "time_defensive_half": 424.12, "time_offensive_half": 269.63, "time_behind_ball": 467.99, "time_infront_ball": 225.75}, "demo": {"inflicted": 1, "taken": 2}}}, "orange": {"color": "orange", "players": [{"start_time": 0, "end_time": 351.95847, "name": "Respawn", "id": {"platform": "steam", "id": "76561198180060955"}, "mvp": true, "car_id": 4284, "car_name": "Fennec", "camera": {"fov": 110, "height": 100, "pitch": -3, "distance": 260, "stiffness": 0.6, "swivel_speed": 3.5, "transition_speed": 1.7}, "steering_sensitivity": 1.3, "stats": {"core": {"shots": 5, "shots_against": 9, "goals": 2, "goals_against": 2, "saves": 3, "assists": 0, "score": 603, "mvp": true, "shooting_percentage": 40}, "boost": {"bpm": 409, "bcpm": 437.29788, "avg_amount": 45.8, "amount_collected": 2434, "amount_stolen": 446, "amount_collected_big": 1648, "amount_stolen_big": 242, "amount_collected_small": 786, "amount_stolen_small": 204, "count_collected_big": 20, "count_stolen_big": 3, "count_collected_small": 69, "count_stolen_small": 18, "amount_overfill": 367, "amount_overfill_stolen": 66, "amount_used_while_supersonic": 219, "time_zero_boost": 50.95, "percent_zero_boost": 15.256318, "time_full_boost": 30.38, "percent_full_boost": 9.096898, "time_boost_0_25": 141.04, "time_boost_25_50": 77.47, "time_boost_50_75": 57.51, "time_boost_75_100": 66.81, "percent_boost_0_25": 41.139923, "percent_boost_25_50": 22.597206, "percent_boost_50_75": 16.775078, "percent_boost_75_100": 19.487793}, "movement": {"avg_speed": 1540, "total_distance": 498911, "time_supersonic_speed": 65.07, "time_boost_speed": 117.61, "time_slow_speed": 163.73, "time_ground": 209.32, "time_low_air": 116.05, "time_high_air": 21.04, "time_powerslide": 5.99, "count_powerslide": 38, "avg_powerslide_duration": 0.16, "avg_speed_percentage": 66.95652, "percent_slow_speed": 47.2648, "percent_boost_speed": 33.9511, "percent_supersonic_speed": 18.7841, "percent_ground": 60.425507, "percent_low_air": 33.500763, "percent_high_air": 6.0737276}, "positioning": {"avg_distance_to_ball": 2654, "avg_distance_to_ball_possession": 2661, "avg_distance_to_ball_no_possession": 2650, "avg_distance_to_mates": 3538, "time_defensive_third": 174.55, "time_neutral_third": 108.84, "time_offensive_third": 63.03, "time_defensive_half": 232.25, "time_offensive_half": 114.17, "time_behind_ball": 280.07, "time_infront_ball": 66.34, "time_most_back": 180.3, "time_most_forward": 153.3, "goals_against_while_last_defender": 1, "time_closest_to_ball": 184.7, "time_farthest_from_ball": 148.9, "percent_defensive_third": 50.386818, "percent_offensive_third": 18.194677, "percent_neutral_third": 31.41851, "percent_defensive_half": 67.0429, "percent_offensive_half": 32.957108, "percent_behind_ball": 80.84928, "percent_infront_ball": 19.150715, "percent_most_back": 53.988503, "percent_most_forward": 45.9037, "percent_closest_to_ball": 55.306026, "percent_farthest_from_ball": 44.586178}, "demo": {"inflicted": 0, "taken": 1}}}, {"start_time": 0, "end_time": 351.95847, "name": "n o a h", "id": {"platform": "steam", "id": "76561198167885099"}, "rank": {"id": "grand-champion", "tier": 19, "division": 2, "name": "Grand Champion I Division 2"}, "car_id": 23, "car_name": "Octane", "camera": {"fov": 110, "height": 90, "pitch": -5, "distance": 270, "stiffness": 0.55, "swivel_speed": 3, "transition_speed": 1.1}, "steering_sensitivity": 1.3, "stats": {"core": {"shots": 3, "shots_against": 9, "goals": 1, "goals_against": 2, "saves": 2, "assists": 1, "score": 466, "mvp": false, "shooting_percentage": 33.333332}, "boost": {"bpm": 447, "bcpm": 482.75244, "avg_amount": 53.1, "amount_collected": 2687, "amount_stolen": 672, "amount_collected_big": 2063, "amount_stolen_big": 439, "amount_collected_small": 624, "amount_stolen_small": 233, "count_collected_big": 28, "count_stolen_big": 7, "count_collected_small": 52, "count_stolen_small": 16, "amount_overfill": 410, "amount_overfill_stolen": 125, "amount_used_while_supersonic": 327, "time_zero_boost": 23.42, "percent_zero_boost": 7.012816, "time_full_boost": 62.87, "percent_full_boost": 18.82561, "time_boost_0_25": 83.64, "time_boost_25_50": 89.16, "time_boost_50_75": 58.65, "time_boost_75_100": 114.33, "percent_boost_0_25": 24.18879, "percent_boost_25_50": 25.78518, "percent_boost_50_75": 16.96165, "percent_boost_75_100": 33.064373}, "movement": {"avg_speed": 1630, "total_distance": 535650, "time_supersonic_speed": 71.55, "time_boost_speed": 140.82, "time_slow_speed": 138.97, "time_ground": 203.62, "time_low_air": 131.22, "time_high_air": 16.51, "time_powerslide": 3.94, "count_powerslide": 40, "avg_powerslide_duration": 0.1, "avg_speed_percentage": 70.86957, "percent_slow_speed": 39.554276, "percent_boost_speed": 40.080833, "percent_supersonic_speed": 20.36489, "percent_ground": 57.953606, "percent_low_air": 37.347374, "percent_high_air": 4.699018}, "positioning": {"avg_distance_to_ball": 2902, "avg_distance_to_ball_possession": 2580, "avg_distance_to_ball_no_possession": 3293, "avg_distance_to_mates": 3538, "time_defensive_third": 175.55, "time_neutral_third": 89.93, "time_offensive_third": 85.87, "time_defensive_half": 224.75, "time_offensive_half": 126.59, "time_behind_ball": 277.41, "time_infront_ball": 73.93, "time_most_back": 159.7, "time_most_forward": 180.9, "goals_against_while_last_defender": 1, "time_closest_to_ball": 149.8, "time_farthest_from_ball": 190.8, "percent_defensive_third": 49.96442, "percent_offensive_third": 24.440016, "percent_neutral_third": 25.59556, "percent_defensive_half": 63.969376, "percent_offensive_half": 36.030624, "percent_behind_ball": 78.9577, "percent_infront_ball": 21.042295, "percent_most_back": 47.8201, "percent_most_forward": 54.168167, "percent_closest_to_ball": 44.85567, "percent_farthest_from_ball": 57.13259}, "demo": {"inflicted": 2, "taken": 0}}}], "stats": {"ball": {"possession_time": 130.61, "time_in_side": 157.39}, "core": {"shots": 8, "shots_against": 9, "goals": 3, "goals_against": 2, "saves": 5, "assists": 1, "score": 1069, "shooting_percentage": 37.5}, "boost": {"bpm": 856, "bcpm": 920.0503, "avg_amount": 98.899994, "amount_collected": 5121, "amount_stolen": 1118, "amount_collected_big": 3711, "amount_stolen_big": 681, "amount_collected_small": 1410, "amount_stolen_small": 437, "count_collected_big": 48, "count_stolen_big": 10, "count_collected_small": 121, "count_stolen_small": 34, "amount_overfill": 777, "amount_overfill_stolen": 191, "amount_used_while_supersonic": 546, "time_zero_boost": 74.37, "time_full_boost": 93.25, "time_boost_0_25": 224.68, "time_boost_25_50": 166.63, "time_boost_50_75": 116.16, "time_boost_75_100": 181.14}, "movement": {"total_distance": 1034561, "time_supersonic_speed": 136.62, "time_boost_speed": 258.43, "time_slow_speed": 302.7, "time_ground": 412.94, "time_low_air": 247.27, "time_high_air": 37.550003, "time_powerslide": 9.93, "count_powerslide": 78}, "positioning": {"time_defensive_third": 350.1, "time_neutral_third": 198.76999, "time_offensive_third": 148.9, "time_defensive_half": 457, "time_offensive_half": 240.76, "time_behind_ball": 557.48, "time_infront_ball": 140.26999}, "demo": {"inflicted": 2, "taken": 1}}}, "playlist_name": "Ranked Doubles", "server": {"name": "USE1-0A2063818185F377F-Marauder2", "region": "USE"}}