{"id": "e416faa2-ebd0-43df-b459-7c4585ff6926", "link": "https://ballchasing.com/api/replays/e416faa2-ebd0-43df-b459-7c4585ff6926", "created": "2025-07-19T14:35:35.094143Z", "uploader": {"steam_id": "76561198167885099", "name": "n o a h", "profile_url": "https://steamcommunity.com/id/Zermah/", "avatar": "https://avatars.steamstatic.com/1cbf3880830cdc652b673f09b13c212b1feb24aa.jpg"}, "status": "ok", "rocket_league_id": "6A4EE12A11F06453122FCEA76FD9AA21", "match_guid": "C578EBFA11F06452CA89CEA7B66CE599", "title": "replay redown 5", "map_code": "chn_stadium_p", "match_type": "Online", "team_size": 2, "playlist_id": "ranked-doubles", "duration": 237, "overtime": false, "season": 19, "season_type": "free2play", "date": "2025-07-19T01:49:47Z", "date_has_timezone": false, "visibility": "public", "groups": [{"id": "replay-analysis-j2e0c8rw06", "name": "Replay Analysis", "link": "https://ballchasing.com/api/groups/replay-analysis-j2e0c8rw06"}], "blue": {"color": "blue", "players": [{"start_time": 0, "end_time": 237.22377, "name": "Suny", "id": {"platform": "epic", "id": "ca535926bed947b697d8d3cbb442bcf6"}, "mvp": true, "car_id": 4284, "car_name": "Fennec", "camera": {"fov": 110, "height": 100, "pitch": -3, "distance": 270, "stiffness": 0.35, "swivel_speed": 4, "transition_speed": 1.5}, "steering_sensitivity": 2.65, "stats": {"core": {"shots": 5, "shots_against": 4, "goals": 3, "goals_against": 1, "saves": 0, "assists": 0, "score": 459, "mvp": true, "shooting_percentage": 60}, "boost": {"bpm": 466, "bcpm": 498.31195, "avg_amount": 48.8, "amount_collected": 1845, "amount_stolen": 645, "amount_collected_big": 1540, "amount_stolen_big": 540, "amount_collected_small": 305, "amount_stolen_small": 105, "count_collected_big": 20, "count_stolen_big": 7, "count_collected_small": 27, "count_stolen_small": 9, "amount_overfill": 470, "amount_overfill_stolen": 162, "amount_used_while_supersonic": 283, "time_zero_boost": 17.48, "percent_zero_boost": 7.8685575, "time_full_boost": 38.13, "percent_full_boost": 17.16408, "time_boost_0_25": 73.9, "time_boost_25_50": 45.37, "time_boost_50_75": 31.83, "time_boost_75_100": 73.95, "percent_boost_0_25": 32.837147, "percent_boost_25_50": 20.159964, "percent_boost_50_75": 14.143523, "percent_boost_75_100": 32.859364}, "movement": {"avg_speed": 1624, "total_distance": 349964, "time_supersonic_speed": 43.31, "time_boost_speed": 93.65, "time_slow_speed": 97.22, "time_ground": 125.59, "time_low_air": 95.1, "time_high_air": 13.5, "time_powerslide": 2.91, "count_powerslide": 30, "avg_powerslide_duration": 0.1, "avg_speed_percentage": 70.608696, "percent_slow_speed": 41.515076, "percent_boost_speed": 39.99061, "percent_supersonic_speed": 18.494322, "percent_ground": 53.627396, "percent_low_air": 40.60805, "percent_high_air": 5.76455}, "positioning": {"avg_distance_to_ball": 1777, "avg_distance_to_ball_possession": 1685, "avg_distance_to_ball_no_possession": 1954, "avg_distance_to_mates": 2791, "time_defensive_third": 112.73, "time_neutral_third": 68.87, "time_offensive_third": 52.59, "time_defensive_half": 153.88, "time_offensive_half": 80.31, "time_behind_ball": 190.99, "time_infront_ball": 43.2, "time_most_back": 84.4, "time_most_forward": 130.9, "time_closest_to_ball": 136.8, "time_farthest_from_ball": 78.5, "percent_defensive_third": 48.136127, "percent_offensive_third": 22.456125, "percent_neutral_third": 29.407747, "percent_defensive_half": 65.70733, "percent_offensive_half": 34.292667, "percent_behind_ball": 81.55344, "percent_infront_ball": 18.44656, "percent_most_back": 37.992348, "percent_most_forward": 58.92415, "percent_closest_to_ball": 61.580017, "percent_farthest_from_ball": 35.336487}, "demo": {"inflicted": 1, "taken": 1}}}, {"start_time": 0, "end_time": 237.22377, "name": "sxlarv0", "id": {"platform": "epic", "id": "d22bae58e92b41b1a408c8b7fdbdefdd"}, "car_id": 23, "car_name": "Octane", "camera": {"fov": 110, "height": 90, "pitch": -4, "distance": 240, "stiffness": 0.4, "swivel_speed": 7, "transition_speed": 1.7}, "steering_sensitivity": 1.35, "stats": {"core": {"shots": 3, "shots_against": 4, "goals": 1, "goals_against": 1, "saves": 1, "assists": 1, "score": 308, "mvp": false, "shooting_percentage": 33.333332}, "boost": {"bpm": 442, "bcpm": 484.8076, "avg_amount": 55.54, "amount_collected": 1795, "amount_stolen": 189, "amount_collected_big": 1496, "amount_stolen_big": 100, "amount_collected_small": 299, "amount_stolen_small": 89, "count_collected_big": 16, "count_stolen_big": 1, "count_collected_small": 28, "count_stolen_small": 8, "amount_overfill": 121, "amount_overfill_stolen": 6, "amount_used_while_supersonic": 117, "time_zero_boost": 33.83, "percent_zero_boost": 15.228451, "time_full_boost": 17.48, "percent_full_boost": 7.8685575, "time_boost_0_25": 66.35, "time_boost_25_50": 51.6, "time_boost_50_75": 42.41, "time_boost_75_100": 72.67, "percent_boost_0_25": 28.472729, "percent_boost_25_50": 22.143072, "percent_boost_50_75": 18.199373, "percent_boost_75_100": 31.184826}, "movement": {"avg_speed": 1589, "total_distance": 347088, "time_supersonic_speed": 30.72, "time_boost_speed": 116.19, "time_slow_speed": 90.31, "time_ground": 134.9, "time_low_air": 97.36, "time_high_air": 4.97, "time_powerslide": 4.11, "count_powerslide": 55, "avg_powerslide_duration": 0.07, "avg_speed_percentage": 69.08696, "percent_slow_speed": 38.070145, "percent_boost_speed": 48.97985, "percent_supersonic_speed": 12.950005, "percent_ground": 56.864643, "percent_low_air": 41.04034, "percent_high_air": 2.0950131}, "positioning": {"avg_distance_to_ball": 2606, "avg_distance_to_ball_possession": 2449, "avg_distance_to_ball_no_possession": 2793, "avg_distance_to_mates": 2791, "time_defensive_third": 136.15, "time_neutral_third": 71.45, "time_offensive_third": 29.62, "time_defensive_half": 175.72, "time_offensive_half": 61.5, "time_behind_ball": 185.97, "time_infront_ball": 51.25, "time_most_back": 133.8, "time_most_forward": 84.4, "goals_against_while_last_defender": 1, "time_closest_to_ball": 81.4, "time_farthest_from_ball": 136.8, "percent_defensive_third": 57.39398, "percent_offensive_third": 12.4863, "percent_neutral_third": 30.11972, "percent_defensive_half": 74.0747, "percent_offensive_half": 25.9253, "percent_behind_ball": 78.395584, "percent_infront_ball": 21.604418, "percent_most_back": 60.229576, "percent_most_forward": 37.992348, "percent_closest_to_ball": 36.64191, "percent_farthest_from_ball": 61.580017}, "demo": {"inflicted": 0, "taken": 0}}}], "stats": {"ball": {"possession_time": 93.97, "time_in_side": 112.08}, "core": {"shots": 8, "shots_against": 4, "goals": 4, "goals_against": 1, "saves": 1, "assists": 1, "score": 767, "shooting_percentage": 50}, "boost": {"bpm": 908, "bcpm": 983.1195, "avg_amount": 104.34, "amount_collected": 3640, "amount_stolen": 834, "amount_collected_big": 3036, "amount_stolen_big": 640, "amount_collected_small": 604, "amount_stolen_small": 194, "count_collected_big": 36, "count_stolen_big": 8, "count_collected_small": 55, "count_stolen_small": 17, "amount_overfill": 591, "amount_overfill_stolen": 168, "amount_used_while_supersonic": 400, "time_zero_boost": 51.31, "time_full_boost": 55.61, "time_boost_0_25": 140.25, "time_boost_25_50": 96.97, "time_boost_50_75": 74.24, "time_boost_75_100": 146.62}, "movement": {"total_distance": 697052, "time_supersonic_speed": 74.03, "time_boost_speed": 209.84, "time_slow_speed": 187.53, "time_ground": 260.49, "time_low_air": 192.45999, "time_high_air": 18.47, "time_powerslide": 7.0200005, "count_powerslide": 85}, "positioning": {"time_defensive_third": 248.88, "time_neutral_third": 140.32, "time_offensive_third": 82.21, "time_defensive_half": 329.6, "time_offensive_half": 141.81, "time_behind_ball": 376.96002, "time_infront_ball": 94.45}, "demo": {"inflicted": 1, "taken": 1}}}, "orange": {"color": "orange", "players": [{"start_time": 0, "end_time": 237.22377, "name": "n o a h", "id": {"platform": "steam", "id": "76561198167885099"}, "car_id": 23, "car_name": "Octane", "camera": {"fov": 110, "height": 90, "pitch": -5, "distance": 270, "stiffness": 0.55, "swivel_speed": 3, "transition_speed": 1.1}, "steering_sensitivity": 1.3, "stats": {"core": {"shots": 3, "shots_against": 8, "goals": 1, "goals_against": 4, "saves": 3, "assists": 0, "score": 377, "mvp": false, "shooting_percentage": 33.333332}, "boost": {"bpm": 371, "bcpm": 351.92438, "avg_amount": 49.44, "amount_collected": 1303, "amount_stolen": 220, "amount_collected_big": 938, "amount_stolen_big": 126, "amount_collected_small": 365, "amount_stolen_small": 94, "count_collected_big": 11, "count_stolen_big": 2, "count_collected_small": 33, "count_stolen_small": 10, "amount_overfill": 167, "amount_overfill_stolen": 80, "amount_used_while_supersonic": 56, "time_zero_boost": 20.29, "percent_zero_boost": 9.13347, "time_full_boost": 24.49, "percent_full_boost": 11.024083, "time_boost_0_25": 54.13, "time_boost_25_50": 59.9, "time_boost_50_75": 53.35, "time_boost_75_100": 66.09, "percent_boost_0_25": 23.184992, "percent_boost_25_50": 25.6564, "percent_boost_50_75": 22.8509, "percent_boost_75_100": 28.307703}, "movement": {"avg_speed": 1438, "total_distance": 313879, "time_supersonic_speed": 30.61, "time_boost_speed": 73.02, "time_slow_speed": 133.6, "time_ground": 143.46, "time_low_air": 85.11, "time_high_air": 8.66, "time_powerslide": 2.46, "count_powerslide": 27, "avg_powerslide_duration": 0.09, "avg_speed_percentage": 62.52174, "percent_slow_speed": 56.316658, "percent_boost_speed": 30.780254, "percent_supersonic_speed": 12.9030905, "percent_ground": 60.47296, "percent_low_air": 35.876575, "percent_high_air": 3.6504657}, "positioning": {"avg_distance_to_ball": 2536, "avg_distance_to_ball_possession": 2248, "avg_distance_to_ball_no_possession": 2679, "avg_distance_to_mates": 3170, "time_defensive_third": 112.38, "time_neutral_third": 86.41, "time_offensive_third": 38.44, "time_defensive_half": 156.84, "time_offensive_half": 80.39, "time_behind_ball": 179.09, "time_infront_ball": 58.14, "time_most_back": 123.6, "time_most_forward": 96.6, "goals_against_while_last_defender": 2, "time_closest_to_ball": 96.4, "time_farthest_from_ball": 123.8, "percent_defensive_third": 47.37175, "percent_offensive_third": 16.203684, "percent_neutral_third": 36.42457, "percent_defensive_half": 66.11305, "percent_offensive_half": 33.886948, "percent_behind_ball": 75.49214, "percent_infront_ball": 24.507862, "percent_most_back": 55.638084, "percent_most_forward": 43.484135, "percent_closest_to_ball": 43.394104, "percent_farthest_from_ball": 55.72811}, "demo": {"inflicted": 1, "taken": 0}}}, {"start_time": 0, "end_time": 237.22377, "name": "Respawn", "id": {"platform": "steam", "id": "76561198180060955"}, "car_id": 4284, "car_name": "Fennec", "camera": {"fov": 110, "height": 100, "pitch": -3, "distance": 260, "stiffness": 0.6, "swivel_speed": 3.5, "transition_speed": 1.7}, "steering_sensitivity": 1.3, "stats": {"core": {"shots": 1, "shots_against": 8, "goals": 0, "goals_against": 4, "saves": 0, "assists": 0, "score": 94, "mvp": false, "shooting_percentage": 0}, "boost": {"bpm": 481, "bcpm": 496.15128, "avg_amount": 47.23, "amount_collected": 1837, "amount_stolen": 428, "amount_collected_big": 1341, "amount_stolen_big": 238, "amount_collected_small": 496, "amount_stolen_small": 190, "count_collected_big": 17, "count_stolen_big": 3, "count_collected_small": 45, "count_stolen_small": 18, "amount_overfill": 376, "amount_overfill_stolen": 80, "amount_used_while_supersonic": 229, "time_zero_boost": 26.37, "percent_zero_boost": 11.870358, "time_full_boost": 30.14, "percent_full_boost": 13.5674095, "time_boost_0_25": 83.43, "time_boost_25_50": 53.46, "time_boost_50_75": 37.13, "time_boost_75_100": 51.14, "percent_boost_0_25": 37.05365, "percent_boost_25_50": 23.743116, "percent_boost_50_75": 16.490496, "percent_boost_75_100": 22.712738}, "movement": {"avg_speed": 1572, "total_distance": 335351, "time_supersonic_speed": 43.2, "time_boost_speed": 85.75, "time_slow_speed": 105.23, "time_ground": 147.82, "time_low_air": 81.7, "time_high_air": 4.66, "time_powerslide": 3.04, "count_powerslide": 20, "avg_powerslide_duration": 0.15, "avg_speed_percentage": 68.347824, "percent_slow_speed": 44.935516, "percent_boost_speed": 36.61713, "percent_supersonic_speed": 18.447348, "percent_ground": 63.122387, "percent_low_air": 34.88769, "percent_high_air": 1.9899222}, "positioning": {"avg_distance_to_ball": 2311, "avg_distance_to_ball_possession": 2247, "avg_distance_to_ball_no_possession": 2371, "avg_distance_to_mates": 3170, "time_defensive_third": 101.62, "time_neutral_third": 84.67, "time_offensive_third": 47.89, "time_defensive_half": 145.22, "time_offensive_half": 88.97, "time_behind_ball": 164.31, "time_infront_ball": 69.87, "time_most_back": 93.3, "time_most_forward": 122, "goals_against_while_last_defender": 2, "time_closest_to_ball": 120.5, "time_farthest_from_ball": 94.8, "percent_defensive_third": 43.39397, "percent_offensive_third": 20.45008, "percent_neutral_third": 36.15595, "percent_defensive_half": 62.00948, "percent_offensive_half": 37.99052, "percent_behind_ball": 70.16398, "percent_infront_ball": 29.836027, "percent_most_back": 41.99865, "percent_most_forward": 54.91785, "percent_closest_to_ball": 54.24263, "percent_farthest_from_ball": 42.67387}, "demo": {"inflicted": 0, "taken": 1}}}], "stats": {"ball": {"possession_time": 70.76, "time_in_side": 101.74}, "core": {"shots": 4, "shots_against": 8, "goals": 1, "goals_against": 4, "saves": 3, "assists": 0, "score": 471, "shooting_percentage": 25}, "boost": {"bpm": 852, "bcpm": 848.0757, "avg_amount": 96.67, "amount_collected": 3140, "amount_stolen": 648, "amount_collected_big": 2279, "amount_stolen_big": 364, "amount_collected_small": 861, "amount_stolen_small": 284, "count_collected_big": 28, "count_stolen_big": 5, "count_collected_small": 78, "count_stolen_small": 28, "amount_overfill": 543, "amount_overfill_stolen": 160, "amount_used_while_supersonic": 285, "time_zero_boost": 46.660004, "time_full_boost": 54.629997, "time_boost_0_25": 137.56, "time_boost_25_50": 113.36, "time_boost_50_75": 90.479996, "time_boost_75_100": 117.229996}, "movement": {"total_distance": 649230, "time_supersonic_speed": 73.81, "time_boost_speed": 158.76999, "time_slow_speed": 238.83002, "time_ground": 291.28003, "time_low_air": 166.81, "time_high_air": 13.32, "time_powerslide": 5.5, "count_powerslide": 47}, "positioning": {"time_defensive_third": 214, "time_neutral_third": 171.08, "time_offensive_third": 86.33, "time_defensive_half": 302.06, "time_offensive_half": 169.36, "time_behind_ball": 343.4, "time_infront_ball": 128.01001}, "demo": {"inflicted": 1, "taken": 1}}}, "playlist_name": "Ranked Doubles", "map_name": "Forbidden Temple", "server": {"name": "USE3-0C1922EBF35B8DF3B-Retrograde", "region": "USE"}}