{"id": "ea4bc84a-3803-40e2-9c4d-51c2f725acbc", "link": "https://ballchasing.com/api/replays/ea4bc84a-3803-40e2-9c4d-51c2f725acbc", "created": "2025-07-20T04:19:59.092651Z", "uploader": {"steam_id": "76561198167885099", "name": "n o a h", "profile_url": "https://steamcommunity.com/id/Zermah/", "avatar": "https://avatars.steamstatic.com/1cbf3880830cdc652b673f09b13c212b1feb24aa.jpg"}, "status": "ok", "rocket_league_id": "27F492D64963E03E7ECA3EB482E9C25A", "match_guid": "DF36F79E11F0651F7ABA12BBE3DA7507", "title": "2025-07-19.23.19 n o a h Ranked Doubles Win", "map_code": "wasteland_grs_p", "match_type": "Online", "team_size": 2, "playlist_id": "ranked-doubles", "duration": 352, "overtime": false, "season": 19, "season_type": "free2play", "date": "2025-07-19T23:19:56-05:00", "date_has_timezone": true, "visibility": "public", "min_rank": {"id": "champion-3", "tier": 18, "division": 3, "name": "Champion III Division 3"}, "max_rank": {"id": "grand-champion-1", "tier": 19, "division": 1, "name": "Grand Champion I Division 1"}, "groups": [{"id": "replay-analysis-j2e0c8rw06", "name": "Replay Analysis", "link": "https://ballchasing.com/api/groups/replay-analysis-j2e0c8rw06"}], "blue": {"color": "blue", "players": [{"start_time": 0, "end_time": 352.12494, "name": "Respawn", "id": {"platform": "steam", "id": "76561198180060955"}, "mvp": true, "car_id": 4284, "car_name": "Fennec", "camera": {"fov": 110, "height": 100, "pitch": -3, "distance": 260, "stiffness": 0.6, "swivel_speed": 3.5, "transition_speed": 1.7}, "steering_sensitivity": 1.3, "stats": {"core": {"shots": 3, "shots_against": 7, "goals": 2, "goals_against": 1, "saves": 3, "assists": 1, "score": 670, "mvp": true, "shooting_percentage": 66.666664}, "boost": {"bpm": 445, "bcpm": 485.43805, "avg_amount": 53.69, "amount_collected": 2703, "amount_stolen": 809, "amount_collected_big": 2153, "amount_stolen_big": 669, "amount_collected_small": 550, "amount_stolen_small": 140, "count_collected_big": 29, "count_stolen_big": 8, "count_collected_small": 52, "count_stolen_small": 13, "amount_overfill": 699, "amount_overfill_stolen": 130, "amount_used_while_supersonic": 437, "time_zero_boost": 27.85, "percent_zero_boost": 8.336077, "time_full_boost": 45.36, "percent_full_boost": 13.57718, "time_boost_0_25": 91.36, "time_boost_25_50": 74.97, "time_boost_50_75": 72.29, "time_boost_75_100": 102.58, "percent_boost_0_25": 26.776083, "percent_boost_25_50": 21.97245, "percent_boost_50_75": 21.186987, "percent_boost_75_100": 30.064478}, "movement": {"avg_speed": 1593, "total_distance": 516293, "time_supersonic_speed": 64.43, "time_boost_speed": 132.21, "time_slow_speed": 149.22, "time_ground": 206.96, "time_low_air": 122.58, "time_high_air": 16.32, "time_powerslide": 4.17, "count_powerslide": 33, "avg_powerslide_duration": 0.13, "avg_speed_percentage": 69.26087, "percent_slow_speed": 43.144627, "percent_boost_speed": 38.226456, "percent_supersonic_speed": 18.628925, "percent_ground": 59.839237, "percent_low_air": 35.442085, "percent_high_air": 4.7186723}, "positioning": {"avg_distance_to_ball": 2676, "avg_distance_to_ball_possession": 2680, "avg_distance_to_ball_no_possession": 2675, "avg_distance_to_mates": 3254, "time_defensive_third": 171.23, "time_neutral_third": 113.3, "time_offensive_third": 61.33, "time_defensive_half": 235.66, "time_offensive_half": 110.2, "time_behind_ball": 244.85, "time_infront_ball": 101.01, "time_most_back": 140.8, "time_most_forward": 195.7, "time_closest_to_ball": 170.7, "time_farthest_from_ball": 168.2, "percent_defensive_third": 49.508472, "percent_offensive_third": 17.732609, "percent_neutral_third": 32.758923, "percent_defensive_half": 68.1374, "percent_offensive_half": 31.862604, "percent_behind_ball": 70.79454, "percent_infront_ball": 29.205458, "percent_most_back": 42.144333, "percent_most_forward": 58.57703, "percent_closest_to_ball": 51.094017, "percent_farthest_from_ball": 50.345715}, "demo": {"inflicted": 1, "taken": 2}}}, {"start_time": 0, "end_time": 352.12494, "name": "n o a h", "id": {"platform": "steam", "id": "76561198167885099"}, "rank": {"id": "grand-champion-1", "tier": 19, "division": 1, "name": "Grand Champion I Division 1"}, "car_id": 23, "car_name": "Octane", "camera": {"fov": 110, "height": 90, "pitch": -5, "distance": 270, "stiffness": 0.55, "swivel_speed": 3, "transition_speed": 1.1}, "steering_sensitivity": 1.3, "stats": {"core": {"shots": 4, "shots_against": 7, "goals": 2, "goals_against": 1, "saves": 3, "assists": 1, "score": 583, "mvp": false, "shooting_percentage": 50}, "boost": {"bpm": 405, "bcpm": 421.3236, "avg_amount": 46.97, "amount_collected": 2346, "amount_stolen": 318, "amount_collected_big": 1785, "amount_stolen_big": 199, "amount_collected_small": 561, "amount_stolen_small": 119, "count_collected_big": 20, "count_stolen_big": 2, "count_collected_small": 50, "count_stolen_small": 10, "amount_overfill": 175, "amount_overfill_stolen": 0, "amount_used_while_supersonic": 360, "time_zero_boost": 42.84, "percent_zero_boost": 12.822892, "time_full_boost": 42.81, "percent_full_boost": 12.813912, "time_boost_0_25": 111.25, "time_boost_25_50": 96.05, "time_boost_50_75": 43.22, "time_boost_75_100": 89.02, "percent_boost_0_25": 32.764915, "percent_boost_25_50": 28.28827, "percent_boost_50_75": 12.728986, "percent_boost_75_100": 26.217823}, "movement": {"avg_speed": 1495, "total_distance": 488287, "time_supersonic_speed": 50.08, "time_boost_speed": 129.03, "time_slow_speed": 169.28, "time_ground": 195.44, "time_low_air": 140.39, "time_high_air": 12.56, "time_powerslide": 4.07, "count_powerslide": 43, "avg_powerslide_duration": 0.09, "avg_speed_percentage": 65, "percent_slow_speed": 48.589222, "percent_boost_speed": 37.03608, "percent_supersonic_speed": 14.374695, "percent_ground": 56.09805, "percent_low_air": 40.29679, "percent_high_air": 3.605155}, "positioning": {"avg_distance_to_ball": 2420, "avg_distance_to_ball_possession": 2284, "avg_distance_to_ball_no_possession": 2513, "avg_distance_to_mates": 3254, "time_defensive_third": 180.73, "time_neutral_third": 112, "time_offensive_third": 55.66, "time_defensive_half": 240.77, "time_offensive_half": 107.62, "time_behind_ball": 269.22, "time_infront_ball": 79.18, "time_most_back": 197.5, "time_most_forward": 142.5, "goals_against_while_last_defender": 1, "time_closest_to_ball": 164.7, "time_farthest_from_ball": 174.9, "percent_defensive_third": 51.87577, "percent_offensive_third": 15.976348, "percent_neutral_third": 32.14788, "percent_defensive_half": 69.10933, "percent_offensive_half": 30.890667, "percent_behind_ball": 77.27325, "percent_infront_ball": 22.726751, "percent_most_back": 59.115807, "percent_most_forward": 42.65318, "percent_closest_to_ball": 49.298096, "percent_farthest_from_ball": 52.351162}, "demo": {"inflicted": 2, "taken": 1}}}], "stats": {"ball": {"possession_time": 111.14, "time_in_side": 174.39}, "core": {"shots": 7, "shots_against": 7, "goals": 4, "goals_against": 1, "saves": 6, "assists": 2, "score": 1253, "shooting_percentage": 57.142857}, "boost": {"bpm": 850, "bcpm": 906.76166, "avg_amount": 100.66, "amount_collected": 5049, "amount_stolen": 1127, "amount_collected_big": 3938, "amount_stolen_big": 868, "amount_collected_small": 1111, "amount_stolen_small": 259, "count_collected_big": 49, "count_stolen_big": 10, "count_collected_small": 102, "count_stolen_small": 23, "amount_overfill": 874, "amount_overfill_stolen": 130, "amount_used_while_supersonic": 797, "time_zero_boost": 70.69, "time_full_boost": 88.17, "time_boost_0_25": 202.61, "time_boost_25_50": 171.02, "time_boost_50_75": 115.51, "time_boost_75_100": 191.6}, "movement": {"total_distance": 1004580, "time_supersonic_speed": 114.51, "time_boost_speed": 261.24, "time_slow_speed": 318.5, "time_ground": 402.40002, "time_low_air": 262.97, "time_high_air": 28.880001, "time_powerslide": 8.24, "count_powerslide": 76}, "positioning": {"time_defensive_third": 351.96, "time_neutral_third": 225.3, "time_offensive_third": 116.990005, "time_defensive_half": 476.43, "time_offensive_half": 217.82, "time_behind_ball": 514.07, "time_infront_ball": 180.19}, "demo": {"inflicted": 3, "taken": 3}}}, "orange": {"color": "orange", "players": [{"start_time": 0, "end_time": 352.12494, "name": "colllin", "id": {"platform": "steam", "id": "76561198396388417"}, "rank": {"id": "grand-champion-1", "tier": 19, "division": 1, "name": "Grand Champion I Division 1"}, "car_id": 4284, "car_name": "Fennec", "camera": {"fov": 110, "height": 90, "pitch": -4, "distance": 270, "stiffness": 0.45, "swivel_speed": 3.9, "transition_speed": 1.4}, "steering_sensitivity": 1, "stats": {"core": {"shots": 5, "shots_against": 7, "goals": 1, "goals_against": 4, "saves": 1, "assists": 0, "score": 410, "mvp": false, "shooting_percentage": 20}, "boost": {"bpm": 376, "bcpm": 373.37244, "avg_amount": 48.27, "amount_collected": 2079, "amount_stolen": 577, "amount_collected_big": 1510, "amount_stolen_big": 325, "amount_collected_small": 569, "amount_stolen_small": 252, "count_collected_big": 18, "count_stolen_big": 4, "count_collected_small": 51, "count_stolen_small": 22, "amount_overfill": 292, "amount_overfill_stolen": 74, "amount_used_while_supersonic": 363, "time_zero_boost": 30.45, "percent_zero_boost": 9.11431, "time_full_boost": 46.13, "percent_full_boost": 13.807657, "time_boost_0_25": 111.28, "time_boost_25_50": 85.04, "time_boost_50_75": 56.81, "time_boost_75_100": 86.97, "percent_boost_0_25": 32.719788, "percent_boost_25_50": 25.00441, "percent_boost_50_75": 16.70391, "percent_boost_75_100": 25.57189}, "movement": {"avg_speed": 1559, "total_distance": 506919, "time_supersonic_speed": 44.8, "time_boost_speed": 142.03, "time_slow_speed": 160.56, "time_ground": 218.76, "time_low_air": 108.49, "time_high_air": 20.14, "time_powerslide": 5.15, "count_powerslide": 28, "avg_powerslide_duration": 0.18, "avg_speed_percentage": 67.78261, "percent_slow_speed": 46.21895, "percent_boost_speed": 40.884888, "percent_supersonic_speed": 12.896169, "percent_ground": 62.97245, "percent_low_air": 31.230028, "percent_high_air": 5.7975183}, "positioning": {"avg_distance_to_ball": 2266, "avg_distance_to_ball_possession": 1998, "avg_distance_to_ball_no_possession": 2597, "avg_distance_to_mates": 3400, "time_defensive_third": 137.71, "time_neutral_third": 116.78, "time_offensive_third": 92.9, "time_defensive_half": 199.01, "time_offensive_half": 148.39, "time_behind_ball": 254.94, "time_infront_ball": 92.45, "time_most_back": 167.9, "time_most_forward": 170.7, "goals_against_while_last_defender": 1, "time_closest_to_ball": 167.6, "time_farthest_from_ball": 173, "percent_defensive_third": 39.641327, "percent_offensive_third": 26.742277, "percent_neutral_third": 33.616394, "percent_defensive_half": 57.28555, "percent_offensive_half": 42.71445, "percent_behind_ball": 73.38725, "percent_infront_ball": 26.61274, "percent_most_back": 50.25592, "percent_most_forward": 51.094017, "percent_closest_to_ball": 50.166122, "percent_farthest_from_ball": 51.782455}, "demo": {"inflicted": 3, "taken": 1}}}, {"start_time": 0, "end_time": 352.12494, "name": "Youfunguy17", "id": {"platform": "steam", "id": "76561198426163989"}, "rank": {"id": "champion-3", "tier": 18, "division": 3, "name": "Champion III Division 3"}, "car_id": 9085, "car_name": "Nissan Silvia RLE", "camera": {"fov": 110, "height": 120, "pitch": -4, "distance": 270, "stiffness": 0.5, "swivel_speed": 5, "transition_speed": 1.5}, "steering_sensitivity": 1, "stats": {"core": {"shots": 2, "shots_against": 7, "goals": 0, "goals_against": 4, "saves": 2, "assists": 1, "score": 328, "mvp": false, "shooting_percentage": 0}, "boost": {"bpm": 405, "bcpm": 415.21747, "avg_amount": 48.99, "amount_collected": 2312, "amount_stolen": 463, "amount_collected_big": 1684, "amount_stolen_big": 265, "amount_collected_small": 628, "amount_stolen_small": 198, "count_collected_big": 22, "count_stolen_big": 3, "count_collected_small": 55, "count_stolen_small": 17, "amount_overfill": 528, "amount_overfill_stolen": 34, "amount_used_while_supersonic": 258, "time_zero_boost": 34.3, "percent_zero_boost": 10.266695, "time_full_boost": 42.69, "percent_full_boost": 12.777994, "time_boost_0_25": 110.3, "time_boost_25_50": 70.98, "time_boost_50_75": 71.44, "time_boost_75_100": 83.11, "percent_boost_0_25": 32.843998, "percent_boost_25_50": 21.135695, "percent_boost_50_75": 21.272667, "percent_boost_75_100": 24.747639}, "movement": {"avg_speed": 1524, "total_distance": 491499, "time_supersonic_speed": 39.09, "time_boost_speed": 148.22, "time_slow_speed": 158, "time_ground": 196.7, "time_low_air": 131.62, "time_high_air": 16.99, "time_powerslide": 2.47, "count_powerslide": 22, "avg_powerslide_duration": 0.11, "avg_speed_percentage": 66.26087, "percent_slow_speed": 45.75599, "percent_boost_speed": 42.92375, "percent_supersonic_speed": 11.320263, "percent_ground": 56.96331, "percent_low_air": 38.116474, "percent_high_air": 4.9202166}, "positioning": {"avg_distance_to_ball": 2587, "avg_distance_to_ball_possession": 2464, "avg_distance_to_ball_no_possession": 2741, "avg_distance_to_mates": 3400, "time_defensive_third": 140.04, "time_neutral_third": 131.87, "time_offensive_third": 73.41, "time_defensive_half": 207.96, "time_offensive_half": 137.35, "time_behind_ball": 254.9, "time_infront_ball": 90.41, "time_most_back": 175, "time_most_forward": 163.6, "goals_against_while_last_defender": 3, "time_closest_to_ball": 167.6, "time_farthest_from_ball": 170.6, "percent_defensive_third": 40.553684, "percent_offensive_third": 21.258543, "percent_neutral_third": 38.187767, "percent_defensive_half": 60.224148, "percent_offensive_half": 39.775856, "percent_behind_ball": 73.817726, "percent_infront_ball": 26.182272, "percent_most_back": 52.381096, "percent_most_forward": 48.968845, "percent_closest_to_ball": 50.166122, "percent_farthest_from_ball": 51.064087}, "demo": {"inflicted": 0, "taken": 2}}}], "stats": {"ball": {"possession_time": 173.4, "time_in_side": 152.07}, "core": {"shots": 7, "shots_against": 7, "goals": 1, "goals_against": 4, "saves": 3, "assists": 1, "score": 738, "shooting_percentage": 14.285714}, "boost": {"bpm": 781, "bcpm": 788.5899, "avg_amount": 97.26, "amount_collected": 4391, "amount_stolen": 1040, "amount_collected_big": 3194, "amount_stolen_big": 590, "amount_collected_small": 1197, "amount_stolen_small": 450, "count_collected_big": 40, "count_stolen_big": 7, "count_collected_small": 106, "count_stolen_small": 39, "amount_overfill": 820, "amount_overfill_stolen": 108, "amount_used_while_supersonic": 621, "time_zero_boost": 64.75, "time_full_boost": 88.82, "time_boost_0_25": 221.58, "time_boost_25_50": 156.02, "time_boost_50_75": 128.25, "time_boost_75_100": 170.08}, "movement": {"total_distance": 998418, "time_supersonic_speed": 83.89, "time_boost_speed": 290.25, "time_slow_speed": 318.56, "time_ground": 415.46, "time_low_air": 240.10999, "time_high_air": 37.129997, "time_powerslide": 7.62, "count_powerslide": 50}, "positioning": {"time_defensive_third": 277.75, "time_neutral_third": 248.65, "time_offensive_third": 166.31, "time_defensive_half": 406.97, "time_offensive_half": 285.74, "time_behind_ball": 509.84, "time_infront_ball": 182.86}, "demo": {"inflicted": 3, "taken": 3}}}, "playlist_name": "Ranked Doubles", "map_name": "Wasteland (Pitched)", "server": {"name": "USE3-0DFEF49D1DF880799-Grog", "region": "USE"}}