{"id": "ebf028ae-8e1c-409b-b528-9c96458e8129", "link": "https://ballchasing.com/api/replays/ebf028ae-8e1c-409b-b528-9c96458e8129", "created": "2025-07-20T04:54:29.79535Z", "uploader": {"steam_id": "76561198167885099", "name": "n o a h", "profile_url": "https://steamcommunity.com/id/Zermah/", "avatar": "https://avatars.steamstatic.com/1cbf3880830cdc652b673f09b13c212b1feb24aa.jpg"}, "status": "ok", "rocket_league_id": "00DFE0FB4F6964960450C8AED12CE746", "match_guid": "EF6C3ADE11F06524AC13B2ADCBF30AF2", "title": "2025-07-19.23.54 n o a h Ranked Doubles Loss", "map_code": "eurostadium_rainy_p", "match_type": "Online", "team_size": 2, "playlist_id": "ranked-doubles", "duration": 259, "overtime": false, "season": 19, "season_type": "free2play", "date": "2025-07-19T23:54:27-05:00", "date_has_timezone": true, "visibility": "public", "min_rank": {"id": "champion-3", "tier": 18, "division": 2, "name": "Champion III Division 2"}, "max_rank": {"id": "grand-champion-1", "tier": 19, "division": 1, "name": "Grand Champion I Division 1"}, "groups": [{"id": "replay-analysis-j2e0c8rw06", "name": "Replay Analysis", "link": "https://ballchasing.com/api/groups/replay-analysis-j2e0c8rw06"}], "blue": {"color": "blue", "players": [{"start_time": 0, "end_time": 259.2012, "name": "n o a h", "id": {"platform": "steam", "id": "76561198167885099"}, "rank": {"id": "grand-champion-1", "tier": 19, "division": 1, "name": "Grand Champion I Division 1"}, "car_id": 23, "car_name": "Octane", "camera": {"fov": 110, "height": 90, "pitch": -5, "distance": 270, "stiffness": 0.55, "swivel_speed": 3, "transition_speed": 1.1}, "steering_sensitivity": 1.3, "stats": {"core": {"shots": 1, "shots_against": 7, "goals": 0, "goals_against": 3, "saves": 2, "assists": 0, "score": 207, "mvp": false, "shooting_percentage": 0}, "boost": {"bpm": 367, "bcpm": 365.15485, "avg_amount": 46.9, "amount_collected": 1523, "amount_stolen": 446, "amount_collected_big": 1009, "amount_stolen_big": 285, "amount_collected_small": 514, "amount_stolen_small": 161, "count_collected_big": 14, "count_stolen_big": 3, "count_collected_small": 45, "count_stolen_small": 14, "amount_overfill": 379, "amount_overfill_stolen": 0, "amount_used_while_supersonic": 256, "time_zero_boost": 20.62, "percent_zero_boost": 8.23976, "time_full_boost": 26.04, "percent_full_boost": 10.405595, "time_boost_0_25": 82.19, "time_boost_25_50": 55.81, "time_boost_50_75": 24.93, "time_boost_75_100": 82.39, "percent_boost_0_25": 33.50318, "percent_boost_25_50": 22.749878, "percent_boost_50_75": 10.162237, "percent_boost_75_100": 33.584705}, "movement": {"avg_speed": 1485, "total_distance": 355858, "time_supersonic_speed": 34.93, "time_boost_speed": 89.89, "time_slow_speed": 126.18, "time_ground": 150, "time_low_air": 91.91, "time_high_air": 9.09, "time_powerslide": 3.54, "count_powerslide": 37, "avg_powerslide_duration": 0.1, "avg_speed_percentage": 64.565216, "percent_slow_speed": 50.270916, "percent_boost_speed": 35.812748, "percent_supersonic_speed": 13.916335, "percent_ground": 59.760956, "percent_low_air": 36.61753, "percent_high_air": 3.6215138}, "positioning": {"avg_distance_to_ball": 2473, "avg_distance_to_ball_possession": 2498, "avg_distance_to_ball_no_possession": 2404, "avg_distance_to_mates": 3138, "time_defensive_third": 135.63, "time_neutral_third": 68.67, "time_offensive_third": 46.71, "time_defensive_half": 171.48, "time_offensive_half": 79.53, "time_behind_ball": 196.32, "time_infront_ball": 54.69, "time_most_back": 160.3, "time_most_forward": 97.6, "goals_against_while_last_defender": 2, "time_closest_to_ball": 120, "time_farthest_from_ball": 137.9, "percent_defensive_third": 54.033707, "percent_offensive_third": 18.60882, "percent_neutral_third": 27.357477, "percent_defensive_half": 68.316, "percent_offensive_half": 31.683998, "percent_behind_ball": 78.21202, "percent_infront_ball": 21.787975, "percent_most_back": 64.05595, "percent_most_forward": 39.001, "percent_closest_to_ball": 47.95205, "percent_farthest_from_ball": 55.104893}, "demo": {"inflicted": 0, "taken": 2}}}, {"start_time": 0, "end_time": 259.2012, "name": "Respawn", "id": {"platform": "steam", "id": "76561198180060955"}, "car_id": 4284, "car_name": "Fennec", "camera": {"fov": 110, "height": 100, "pitch": -3, "distance": 260, "stiffness": 0.6, "swivel_speed": 3.5, "transition_speed": 1.7}, "steering_sensitivity": 1.3, "stats": {"core": {"shots": 1, "shots_against": 7, "goals": 0, "goals_against": 3, "saves": 1, "assists": 0, "score": 177, "mvp": false, "shooting_percentage": 0}, "boost": {"bpm": 495, "bcpm": 504.2158, "avg_amount": 49.32, "amount_collected": 2103, "amount_stolen": 433, "amount_collected_big": 1569, "amount_stolen_big": 187, "amount_collected_small": 534, "amount_stolen_small": 246, "count_collected_big": 21, "count_stolen_big": 3, "count_collected_small": 46, "count_stolen_small": 22, "amount_overfill": 530, "amount_overfill_stolen": 112, "amount_used_while_supersonic": 470, "time_zero_boost": 18.78, "percent_zero_boost": 7.504496, "time_full_boost": 31.34, "percent_full_boost": 12.523477, "time_boost_0_25": 76.01, "time_boost_25_50": 63.41, "time_boost_50_75": 54.66, "time_boost_75_100": 49.92, "percent_boost_0_25": 31.15164, "percent_boost_25_50": 25.987705, "percent_boost_50_75": 22.40164, "percent_boost_75_100": 20.459017}, "movement": {"avg_speed": 1550, "total_distance": 382260, "time_supersonic_speed": 48.01, "time_boost_speed": 92.63, "time_slow_speed": 118.2, "time_ground": 170.04, "time_low_air": 79.38, "time_high_air": 9.42, "time_powerslide": 4.04, "count_powerslide": 30, "avg_powerslide_duration": 0.13, "avg_speed_percentage": 67.391304, "percent_slow_speed": 45.665276, "percent_boost_speed": 35.786587, "percent_supersonic_speed": 18.548138, "percent_ground": 65.69309, "percent_low_air": 30.667593, "percent_high_air": 3.639314}, "positioning": {"avg_distance_to_ball": 2299, "avg_distance_to_ball_possession": 2077, "avg_distance_to_ball_no_possession": 2291, "avg_distance_to_mates": 3138, "time_defensive_third": 108.67, "time_neutral_third": 85.26, "time_offensive_third": 64.91, "time_defensive_half": 146.5, "time_offensive_half": 112.35, "time_behind_ball": 176.64, "time_infront_ball": 82.2, "time_most_back": 97.9, "time_most_forward": 160.4, "goals_against_while_last_defender": 1, "time_closest_to_ball": 135.6, "time_farthest_from_ball": 122.7, "percent_defensive_third": 41.983467, "percent_offensive_third": 25.07727, "percent_neutral_third": 32.939266, "percent_defensive_half": 56.59648, "percent_offensive_half": 43.403515, "percent_behind_ball": 68.24293, "percent_infront_ball": 31.75707, "percent_most_back": 39.12088, "percent_most_forward": 64.0959, "percent_closest_to_ball": 54.185818, "percent_farthest_from_ball": 49.030968}, "demo": {"inflicted": 1, "taken": 0}}}], "stats": {"ball": {"possession_time": 119.78, "time_in_side": 108.92}, "core": {"shots": 2, "shots_against": 7, "goals": 0, "goals_against": 3, "saves": 3, "assists": 0, "score": 384, "shooting_percentage": 0}, "boost": {"bpm": 862, "bcpm": 869.3706, "avg_amount": 96.22, "amount_collected": 3626, "amount_stolen": 879, "amount_collected_big": 2578, "amount_stolen_big": 472, "amount_collected_small": 1048, "amount_stolen_small": 407, "count_collected_big": 35, "count_stolen_big": 6, "count_collected_small": 91, "count_stolen_small": 36, "amount_overfill": 909, "amount_overfill_stolen": 112, "amount_used_while_supersonic": 726, "time_zero_boost": 39.4, "time_full_boost": 57.38, "time_boost_0_25": 158.20001, "time_boost_25_50": 119.22, "time_boost_50_75": 79.59, "time_boost_75_100": 132.31}, "movement": {"total_distance": 738118, "time_supersonic_speed": 82.94, "time_boost_speed": 182.51999, "time_slow_speed": 244.38, "time_ground": 320.03998, "time_low_air": 171.29001, "time_high_air": 18.51, "time_powerslide": 7.58, "count_powerslide": 67}, "positioning": {"time_defensive_third": 244.3, "time_neutral_third": 153.93, "time_offensive_third": 111.62, "time_defensive_half": 317.97998, "time_offensive_half": 191.88, "time_behind_ball": 372.96002, "time_infront_ball": 136.89}, "demo": {"inflicted": 1, "taken": 2}}}, "orange": {"color": "orange", "players": [{"start_time": 0, "end_time": 259.2012, "name": "Shelbs", "id": {"platform": "steam", "id": "76561198070487537"}, "mvp": true, "rank": {"id": "champion-3", "tier": 18, "division": 2, "name": "Champion III Division 2"}, "car_id": 4284, "car_name": "Fennec", "camera": {"fov": 110, "height": 90, "pitch": -5, "distance": 300, "stiffness": 0.4, "swivel_speed": 7, "transition_speed": 1.2}, "steering_sensitivity": 1.9, "stats": {"core": {"shots": 5, "shots_against": 2, "goals": 2, "goals_against": 0, "saves": 0, "assists": 1, "score": 448, "mvp": true, "shooting_percentage": 40}, "boost": {"bpm": 415, "bcpm": 448.11188, "avg_amount": 51.02, "amount_collected": 1869, "amount_stolen": 510, "amount_collected_big": 1287, "amount_stolen_big": 344, "amount_collected_small": 582, "amount_stolen_small": 166, "count_collected_big": 15, "count_stolen_big": 4, "count_collected_small": 53, "count_stolen_small": 17, "amount_overfill": 229, "amount_overfill_stolen": 70, "amount_used_while_supersonic": 346, "time_zero_boost": 19.99, "percent_zero_boost": 7.988012, "time_full_boost": 22.78, "percent_full_boost": 9.102897, "time_boost_0_25": 75.58, "time_boost_25_50": 59.74, "time_boost_50_75": 45.49, "time_boost_75_100": 69.9, "percent_boost_0_25": 30.146381, "percent_boost_25_50": 23.828325, "percent_boost_50_75": 18.144468, "percent_boost_75_100": 27.880816}, "movement": {"avg_speed": 1609, "total_distance": 393571, "time_supersonic_speed": 41.34, "time_boost_speed": 120.86, "time_slow_speed": 93.66, "time_ground": 150.76, "time_low_air": 91.13, "time_high_air": 13.97, "time_powerslide": 2.16, "count_powerslide": 22, "avg_powerslide_duration": 0.1, "avg_speed_percentage": 69.95652, "percent_slow_speed": 36.605957, "percent_boost_speed": 47.23677, "percent_supersonic_speed": 16.157274, "percent_ground": 58.922848, "percent_low_air": 35.617138, "percent_high_air": 5.4600177}, "positioning": {"avg_distance_to_ball": 2326, "avg_distance_to_ball_possession": 2075, "avg_distance_to_ball_no_possession": 2551, "avg_distance_to_mates": 3538, "time_defensive_third": 113.08, "time_neutral_third": 78.24, "time_offensive_third": 64.53, "time_defensive_half": 157.38, "time_offensive_half": 98.48, "time_behind_ball": 190.75, "time_infront_ball": 65.11, "time_most_back": 130.5, "time_most_forward": 121.5, "time_closest_to_ball": 139.2, "time_farthest_from_ball": 113, "percent_defensive_third": 44.197773, "percent_offensive_third": 25.22181, "percent_neutral_third": 30.580418, "percent_defensive_half": 61.510197, "percent_offensive_half": 38.489796, "percent_behind_ball": 74.55249, "percent_infront_ball": 25.44751, "percent_most_back": 52.147854, "percent_most_forward": 48.55145, "percent_closest_to_ball": 55.624374, "percent_farthest_from_ball": 45.154846}, "demo": {"inflicted": 0, "taken": 1}}}, {"start_time": 0, "end_time": 259.2012, "name": "SettMann", "id": {"platform": "steam", "id": "76561198185966523"}, "rank": {"id": "champion-3", "tier": 18, "division": 4, "name": "Champion III Division 4"}, "car_id": 4284, "car_name": "Fennec", "camera": {"fov": 110, "height": 90, "pitch": -5, "distance": 270, "stiffness": 0.35, "swivel_speed": 8, "transition_speed": 1.4}, "steering_sensitivity": 1.8, "stats": {"core": {"shots": 2, "shots_against": 2, "goals": 1, "goals_against": 0, "saves": 1, "assists": 0, "score": 288, "mvp": false, "shooting_percentage": 50}, "boost": {"bpm": 355, "bcpm": 367.55246, "avg_amount": 54.56, "amount_collected": 1533, "amount_stolen": 154, "amount_collected_big": 1017, "amount_stolen_big": 31, "amount_collected_small": 516, "amount_stolen_small": 123, "count_collected_big": 13, "count_stolen_big": 1, "count_collected_small": 40, "count_stolen_small": 11, "amount_overfill": 289, "amount_overfill_stolen": 73, "amount_used_while_supersonic": 310, "time_zero_boost": 10.49, "percent_zero_boost": 4.191808, "time_full_boost": 30.1, "percent_full_boost": 12.027972, "time_boost_0_25": 65.34, "time_boost_25_50": 39.07, "time_boost_50_75": 54.21, "time_boost_75_100": 85.88, "percent_boost_0_25": 26.723925, "percent_boost_25_50": 15.97955, "percent_boost_50_75": 22.17178, "percent_boost_75_100": 35.124744}, "movement": {"avg_speed": 1456, "total_distance": 359007, "time_supersonic_speed": 26.13, "time_boost_speed": 91.16, "time_slow_speed": 141.04, "time_ground": 175.04, "time_low_air": 70.3, "time_high_air": 12.99, "time_powerslide": 4.56, "count_powerslide": 33, "avg_powerslide_duration": 0.14, "avg_speed_percentage": 63.304348, "percent_slow_speed": 54.596832, "percent_boost_speed": 35.2882, "percent_supersonic_speed": 10.11497, "percent_ground": 67.7583, "percent_low_air": 27.213257, "percent_high_air": 5.0284524}, "positioning": {"avg_distance_to_ball": 2619, "avg_distance_to_ball_possession": 2691, "avg_distance_to_ball_no_possession": 2514, "avg_distance_to_mates": 3538, "time_defensive_third": 108.97, "time_neutral_third": 88.01, "time_offensive_third": 61.35, "time_defensive_half": 161.59, "time_offensive_half": 96.74, "time_behind_ball": 179.86, "time_infront_ball": 78.47, "time_most_back": 123.4, "time_most_forward": 131, "time_closest_to_ball": 112.7, "time_farthest_from_ball": 141.5, "percent_defensive_third": 42.182476, "percent_offensive_third": 23.748692, "percent_neutral_third": 34.068825, "percent_defensive_half": 62.551777, "percent_offensive_half": 37.448227, "percent_behind_ball": 69.62412, "percent_infront_ball": 30.375874, "percent_most_back": 49.310688, "percent_most_forward": 52.347652, "percent_closest_to_ball": 45.034966, "percent_farthest_from_ball": 56.543457}, "demo": {"inflicted": 2, "taken": 0}}}], "stats": {"ball": {"possession_time": 93.45, "time_in_side": 136.64}, "core": {"shots": 7, "shots_against": 2, "goals": 3, "goals_against": 0, "saves": 1, "assists": 1, "score": 736, "shooting_percentage": 42.857143}, "boost": {"bpm": 770, "bcpm": 815.6643, "avg_amount": 105.58, "amount_collected": 3402, "amount_stolen": 664, "amount_collected_big": 2304, "amount_stolen_big": 375, "amount_collected_small": 1098, "amount_stolen_small": 289, "count_collected_big": 28, "count_stolen_big": 5, "count_collected_small": 93, "count_stolen_small": 28, "amount_overfill": 518, "amount_overfill_stolen": 143, "amount_used_while_supersonic": 656, "time_zero_boost": 30.48, "time_full_boost": 52.88, "time_boost_0_25": 140.92, "time_boost_25_50": 98.81, "time_boost_50_75": 99.7, "time_boost_75_100": 155.78}, "movement": {"total_distance": 752578, "time_supersonic_speed": 67.47, "time_boost_speed": 212.02, "time_slow_speed": 234.7, "time_ground": 325.8, "time_low_air": 161.43, "time_high_air": 26.96, "time_powerslide": 6.7200003, "count_powerslide": 55}, "positioning": {"time_defensive_third": 222.05, "time_neutral_third": 166.25, "time_offensive_third": 125.88, "time_defensive_half": 318.97, "time_offensive_half": 195.22, "time_behind_ball": 370.61, "time_infront_ball": 143.58}, "demo": {"inflicted": 2, "taken": 1}}}, "playlist_name": "Ranked Doubles", "map_name": "Mannfield (Stormy)", "server": {"name": "USE3-00D8A07A55CF39F89-Torch2", "region": "USE"}}