{"id": "f3fb64dd-6799-480f-ab79-ee4b1cd95812", "link": "https://ballchasing.com/api/replays/f3fb64dd-6799-480f-ab79-ee4b1cd95812", "created": "2025-07-20T04:33:47.991414Z", "uploader": {"steam_id": "76561198167885099", "name": "n o a h", "profile_url": "https://steamcommunity.com/id/Zermah/", "avatar": "https://avatars.steamstatic.com/1cbf3880830cdc652b673f09b13c212b1feb24aa.jpg"}, "status": "ok", "rocket_league_id": "33012F414F27B4AF7FC01EBBA148E883", "match_guid": "F4830ECE11F065215CEB7D9690E3C53A", "title": "2025-07-19.23.33 n o a h Ranked Doubles Win", "map_code": "park_night_p", "match_type": "Online", "team_size": 2, "playlist_id": "ranked-doubles", "duration": 302, "overtime": false, "season": 19, "season_type": "free2play", "date": "2025-07-19T23:33:45-05:00", "date_has_timezone": true, "visibility": "public", "min_rank": {"id": "grand-champion-1", "tier": 19, "division": 1, "name": "Grand Champion I Division 1"}, "max_rank": {"id": "grand-champion-1", "tier": 19, "division": 1, "name": "Grand Champion I Division 1"}, "groups": [{"id": "replay-analysis-j2e0c8rw06", "name": "Replay Analysis", "link": "https://ballchasing.com/api/groups/replay-analysis-j2e0c8rw06"}], "blue": {"color": "blue", "players": [{"start_time": 0, "end_time": 302.10184, "name": "PAQET", "id": {"platform": "steam", "id": "76561198095881107"}, "rank": {"id": "grand-champion-1", "tier": 19, "division": 1, "name": "Grand Champion I Division 1"}, "car_id": 4284, "car_name": "Fennec", "camera": {"fov": 109, "height": 90, "pitch": -4, "distance": 270, "stiffness": 0.4, "swivel_speed": 5, "transition_speed": 1}, "steering_sensitivity": 1.3, "stats": {"core": {"shots": 4, "shots_against": 8, "goals": 1, "goals_against": 3, "saves": 3, "assists": 0, "score": 517, "mvp": false, "shooting_percentage": 25}, "boost": {"bpm": 398, "bcpm": 391.9068, "avg_amount": 49.64, "amount_collected": 1895, "amount_stolen": 457, "amount_collected_big": 1321, "amount_stolen_big": 285, "amount_collected_small": 574, "amount_stolen_small": 172, "count_collected_big": 15, "count_stolen_big": 3, "count_collected_small": 52, "count_stolen_small": 16, "amount_overfill": 197, "amount_overfill_stolen": 22, "amount_used_while_supersonic": 276, "time_zero_boost": 69.25, "percent_zero_boost": 23.869434, "time_full_boost": 18.86, "percent_full_boost": 6.5007586, "time_boost_0_25": 114.24, "time_boost_25_50": 44.43, "time_boost_50_75": 55.97, "time_boost_75_100": 78.18, "percent_boost_0_25": 39.01373, "percent_boost_25_50": 15.173143, "percent_boost_50_75": 19.114132, "percent_boost_75_100": 26.698996}, "movement": {"avg_speed": 1521, "total_distance": 435034, "time_supersonic_speed": 44.12, "time_boost_speed": 119.03, "time_slow_speed": 138.48, "time_ground": 171.1, "time_low_air": 118.09, "time_high_air": 12.44, "time_powerslide": 5.74, "count_powerslide": 72, "avg_powerslide_duration": 0.08, "avg_speed_percentage": 66.13043, "percent_slow_speed": 45.910553, "percent_boost_speed": 39.462254, "percent_supersonic_speed": 14.627192, "percent_ground": 56.725124, "percent_low_air": 39.150616, "percent_high_air": 4.124258}, "positioning": {"avg_distance_to_ball": 2503, "avg_distance_to_ball_possession": 2459, "avg_distance_to_ball_no_possession": 2572, "avg_distance_to_mates": 3238, "time_defensive_third": 129.85, "time_neutral_third": 96.83, "time_offensive_third": 74.95, "time_defensive_half": 174.58, "time_offensive_half": 127.06, "time_behind_ball": 222.88, "time_infront_ball": 78.76, "time_most_back": 162.4, "time_most_forward": 125.6, "goals_against_while_last_defender": 2, "time_closest_to_ball": 150.9, "time_farthest_from_ball": 137.3, "percent_defensive_third": 43.049435, "percent_offensive_third": 24.848322, "percent_neutral_third": 32.102245, "percent_defensive_half": 57.876938, "percent_offensive_half": 42.12306, "percent_behind_ball": 73.889404, "percent_infront_ball": 26.110594, "percent_most_back": 55.976833, "percent_most_forward": 43.29243, "percent_closest_to_ball": 52.01296, "percent_farthest_from_ball": 47.325245}, "demo": {"inflicted": 0, "taken": 0}}}, {"start_time": 0, "end_time": 302.10184, "name": "gassin off the grizzy", "id": {"platform": "steam", "id": "76561198175429383"}, "rank": {"id": "grand-champion-1", "tier": 19, "division": 1, "name": "Grand Champion I Division 1"}, "car_id": 23, "car_name": "Octane", "camera": {"fov": 109, "height": 90, "pitch": -4, "distance": 270, "stiffness": 0.45, "swivel_speed": 7, "transition_speed": 1.6}, "steering_sensitivity": 4, "stats": {"core": {"shots": 3, "shots_against": 8, "goals": 0, "goals_against": 3, "saves": 1, "assists": 0, "score": 170, "mvp": false, "shooting_percentage": 0}, "boost": {"bpm": 519, "bcpm": 540.6039, "avg_amount": 40.26, "amount_collected": 2614, "amount_stolen": 858, "amount_collected_big": 1960, "amount_stolen_big": 581, "amount_collected_small": 654, "amount_stolen_small": 277, "count_collected_big": 21, "count_stolen_big": 6, "count_collected_small": 56, "count_stolen_small": 24, "amount_overfill": 139, "amount_overfill_stolen": 18, "amount_used_while_supersonic": 422, "time_zero_boost": 44.3, "percent_zero_boost": 15.269544, "time_full_boost": 32, "percent_full_boost": 11.029919, "time_boost_0_25": 129, "time_boost_25_50": 71.55, "time_boost_50_75": 48.91, "time_boost_75_100": 50.25, "percent_boost_0_25": 43.041603, "percent_boost_25_50": 23.873077, "percent_boost_50_75": 16.319107, "percent_boost_75_100": 16.766207}, "movement": {"avg_speed": 1555, "total_distance": 445693, "time_supersonic_speed": 51.07, "time_boost_speed": 115.95, "time_slow_speed": 134.65, "time_ground": 150.21, "time_low_air": 136.22, "time_high_air": 15.24, "time_powerslide": 7.46, "count_powerslide": 95, "avg_powerslide_duration": 0.08, "avg_speed_percentage": 67.608696, "percent_slow_speed": 44.634865, "percent_boost_speed": 38.436043, "percent_supersonic_speed": 16.929096, "percent_ground": 49.792828, "percent_low_air": 45.155304, "percent_high_air": 5.051878}, "positioning": {"avg_distance_to_ball": 2417, "avg_distance_to_ball_possession": 2403, "avg_distance_to_ball_no_possession": 2434, "avg_distance_to_mates": 3238, "time_defensive_third": 107.67, "time_neutral_third": 104.72, "time_offensive_third": 89.28, "time_defensive_half": 154.21, "time_offensive_half": 147.46, "time_behind_ball": 187.5, "time_infront_ball": 114.17, "time_most_back": 126.4, "time_most_forward": 162.4, "goals_against_while_last_defender": 1, "time_closest_to_ball": 137.6, "time_farthest_from_ball": 151, "percent_defensive_third": 35.69132, "percent_offensive_third": 29.595255, "percent_neutral_third": 34.713432, "percent_defensive_half": 51.118774, "percent_offensive_half": 48.88123, "percent_behind_ball": 62.154015, "percent_infront_ball": 37.845993, "percent_most_back": 43.56818, "percent_most_forward": 55.976833, "percent_closest_to_ball": 47.428654, "percent_farthest_from_ball": 52.04743}, "demo": {"inflicted": 0, "taken": 0}}}], "stats": {"ball": {"possession_time": 131.08, "time_in_side": 125.23}, "core": {"shots": 7, "shots_against": 8, "goals": 1, "goals_against": 3, "saves": 4, "assists": 0, "score": 687, "shooting_percentage": 14.285714}, "boost": {"bpm": 917, "bcpm": 932.5107, "avg_amount": 89.899994, "amount_collected": 4509, "amount_stolen": 1315, "amount_collected_big": 3281, "amount_stolen_big": 866, "amount_collected_small": 1228, "amount_stolen_small": 449, "count_collected_big": 36, "count_stolen_big": 9, "count_collected_small": 108, "count_stolen_small": 40, "amount_overfill": 336, "amount_overfill_stolen": 40, "amount_used_while_supersonic": 698, "time_zero_boost": 113.55, "time_full_boost": 50.86, "time_boost_0_25": 243.23999, "time_boost_25_50": 115.98, "time_boost_50_75": 104.880005, "time_boost_75_100": 128.43}, "movement": {"total_distance": 880727, "time_supersonic_speed": 95.19, "time_boost_speed": 234.98, "time_slow_speed": 273.13, "time_ground": 321.31, "time_low_air": 254.31, "time_high_air": 27.68, "time_powerslide": 13.2, "count_powerslide": 167}, "positioning": {"time_defensive_third": 237.52, "time_neutral_third": 201.55, "time_offensive_third": 164.23, "time_defensive_half": 328.79, "time_offensive_half": 274.52002, "time_behind_ball": 410.38, "time_infront_ball": 192.93}, "demo": {"inflicted": 0, "taken": 0}}}, "orange": {"color": "orange", "players": [{"start_time": 0, "end_time": 302.10184, "name": "Respawn", "id": {"platform": "steam", "id": "76561198180060955"}, "mvp": true, "car_id": 4284, "car_name": "Fennec", "camera": {"fov": 110, "height": 100, "pitch": -3, "distance": 260, "stiffness": 0.6, "swivel_speed": 3.5, "transition_speed": 1.7}, "steering_sensitivity": 1.3, "stats": {"core": {"shots": 3, "shots_against": 7, "goals": 1, "goals_against": 1, "saves": 4, "assists": 1, "score": 645, "mvp": true, "shooting_percentage": 33.333332}, "boost": {"bpm": 466, "bcpm": 504.20517, "avg_amount": 47.29, "amount_collected": 2438, "amount_stolen": 679, "amount_collected_big": 1760, "amount_stolen_big": 536, "amount_collected_small": 678, "amount_stolen_small": 143, "count_collected_big": 22, "count_stolen_big": 6, "count_collected_small": 51, "count_stolen_small": 13, "amount_overfill": 458, "amount_overfill_stolen": 74, "amount_used_while_supersonic": 425, "time_zero_boost": 38.75, "percent_zero_boost": 13.356543, "time_full_boost": 36.52, "percent_full_boost": 12.587894, "time_boost_0_25": 118.9, "time_boost_25_50": 72.63, "time_boost_50_75": 52.7, "time_boost_75_100": 55.53, "percent_boost_0_25": 39.665066, "percent_boost_25_50": 24.229382, "percent_boost_50_75": 17.58073, "percent_boost_75_100": 18.524818}, "movement": {"avg_speed": 1599, "total_distance": 457623, "time_supersonic_speed": 72.57, "time_boost_speed": 96.16, "time_slow_speed": 132.98, "time_ground": 175.05, "time_low_air": 105.41, "time_high_air": 21.24, "time_powerslide": 2.92, "count_powerslide": 21, "avg_powerslide_duration": 0.14, "avg_speed_percentage": 69.521736, "percent_slow_speed": 44.07544, "percent_boost_speed": 31.871666, "percent_supersonic_speed": 24.052898, "percent_ground": 58.02121, "percent_low_air": 34.93868, "percent_high_air": 7.040106}, "positioning": {"avg_distance_to_ball": 2310, "avg_distance_to_ball_possession": 2519, "avg_distance_to_ball_no_possession": 2054, "avg_distance_to_mates": 3163, "time_defensive_third": 145.8, "time_neutral_third": 88.96, "time_offensive_third": 66.94, "time_defensive_half": 190.05, "time_offensive_half": 111.66, "time_behind_ball": 209.31, "time_infront_ball": 92.4, "time_most_back": 117.6, "time_most_forward": 169.9, "time_closest_to_ball": 151.2, "time_farthest_from_ball": 136.7, "percent_defensive_third": 48.32615, "percent_offensive_third": 22.187603, "percent_neutral_third": 29.486244, "percent_defensive_half": 62.990948, "percent_offensive_half": 37.009045, "percent_behind_ball": 69.374565, "percent_infront_ball": 30.625437, "percent_most_back": 40.53495, "percent_most_forward": 58.561974, "percent_closest_to_ball": 52.116367, "percent_farthest_from_ball": 47.118435}, "demo": {"inflicted": 0, "taken": 0}}}, {"start_time": 0, "end_time": 302.10184, "name": "n o a h", "id": {"platform": "steam", "id": "76561198167885099"}, "rank": {"id": "grand-champion-1", "tier": 19, "division": 1, "name": "Grand Champion I Division 1"}, "car_id": 23, "car_name": "Octane", "camera": {"fov": 110, "height": 90, "pitch": -5, "distance": 270, "stiffness": 0.55, "swivel_speed": 3, "transition_speed": 1.1}, "steering_sensitivity": 1.3, "stats": {"core": {"shots": 5, "shots_against": 7, "goals": 2, "goals_against": 1, "saves": 1, "assists": 1, "score": 576, "mvp": false, "shooting_percentage": 40}, "boost": {"bpm": 421, "bcpm": 430.99408, "avg_amount": 45.43, "amount_collected": 2084, "amount_stolen": 304, "amount_collected_big": 1445, "amount_stolen_big": 100, "amount_collected_small": 639, "amount_stolen_small": 204, "count_collected_big": 16, "count_stolen_big": 1, "count_collected_small": 56, "count_stolen_small": 18, "amount_overfill": 133, "amount_overfill_stolen": 6, "amount_used_while_supersonic": 338, "time_zero_boost": 37.44, "percent_zero_boost": 12.9050045, "time_full_boost": 34.98, "percent_full_boost": 12.05708, "time_boost_0_25": 125.28, "time_boost_25_50": 63.37, "time_boost_50_75": 33.34, "time_boost_75_100": 78.25, "percent_boost_0_25": 41.72662, "percent_boost_25_50": 21.10645, "percent_boost_50_75": 11.10445, "percent_boost_75_100": 26.062485}, "movement": {"avg_speed": 1455, "total_distance": 415529, "time_supersonic_speed": 39.91, "time_boost_speed": 109.33, "time_slow_speed": 152.44, "time_ground": 164.53, "time_low_air": 130.57, "time_high_air": 6.57, "time_powerslide": 3.73, "count_powerslide": 43, "avg_powerslide_duration": 0.09, "avg_speed_percentage": 63.260868, "percent_slow_speed": 50.53036, "percent_boost_speed": 36.240383, "percent_supersonic_speed": 13.229248, "percent_ground": 54.539726, "percent_low_air": 43.282394, "percent_high_air": 2.1778765}, "positioning": {"avg_distance_to_ball": 2526, "avg_distance_to_ball_possession": 2476, "avg_distance_to_ball_no_possession": 2605, "avg_distance_to_mates": 3163, "time_defensive_third": 160.99, "time_neutral_third": 93.85, "time_offensive_third": 46.82, "time_defensive_half": 213.31, "time_offensive_half": 88.35, "time_behind_ball": 243.15, "time_infront_ball": 58.52, "time_most_back": 169.9, "time_most_forward": 118.1, "goals_against_while_last_defender": 1, "time_closest_to_ball": 136.5, "time_farthest_from_ball": 151.3, "percent_defensive_third": 53.368034, "percent_offensive_third": 15.520784, "percent_neutral_third": 31.111185, "percent_defensive_half": 70.71206, "percent_offensive_half": 29.28794, "percent_behind_ball": 80.601326, "percent_infront_ball": 19.398682, "percent_most_back": 58.561974, "percent_most_forward": 40.707294, "percent_closest_to_ball": 47.049496, "percent_farthest_from_ball": 52.150833}, "demo": {"inflicted": 0, "taken": 0}}}], "stats": {"ball": {"possession_time": 118.99, "time_in_side": 158.4}, "core": {"shots": 8, "shots_against": 7, "goals": 3, "goals_against": 1, "saves": 5, "assists": 2, "score": 1221, "shooting_percentage": 37.5}, "boost": {"bpm": 887, "bcpm": 935.1992, "avg_amount": 92.72, "amount_collected": 4522, "amount_stolen": 983, "amount_collected_big": 3205, "amount_stolen_big": 636, "amount_collected_small": 1317, "amount_stolen_small": 347, "count_collected_big": 38, "count_stolen_big": 7, "count_collected_small": 107, "count_stolen_small": 31, "amount_overfill": 591, "amount_overfill_stolen": 80, "amount_used_while_supersonic": 763, "time_zero_boost": 76.19, "time_full_boost": 71.5, "time_boost_0_25": 244.18, "time_boost_25_50": 136, "time_boost_50_75": 86.04, "time_boost_75_100": 133.78}, "movement": {"total_distance": 873152, "time_supersonic_speed": 112.479996, "time_boost_speed": 205.49, "time_slow_speed": 285.41998, "time_ground": 339.58002, "time_low_air": 235.98001, "time_high_air": 27.81, "time_powerslide": 6.65, "count_powerslide": 64}, "positioning": {"time_defensive_third": 306.79, "time_neutral_third": 182.81, "time_offensive_third": 113.76, "time_defensive_half": 403.36, "time_offensive_half": 200.01001, "time_behind_ball": 452.46, "time_infront_ball": 150.92}, "demo": {"inflicted": 0, "taken": 0}}}, "playlist_name": "Ranked Doubles", "map_name": "Beckwith Park (Midnight)", "server": {"name": "USE3-0155D6AA3DF18F876-Horizon2", "region": "USE"}}